Region,Annee,Semaine_Epi,Pluviometrie_mm,Temperature_Moy_C,Taux_Couverture_MILDA,Campagne_Vaccinale_Active,Cas_Paludisme,Cas_Dengue
Centre (Ouaga),2013,1,1.1,28.3,84.6,0,592,7
Centre (Ouaga),2013,2,4.9,26.6,90.7,0,573,18
Centre (Ouaga),2013,3,1.5,28.2,76.0,0,388,27
Centre (Ouaga),2013,4,2.2,29.5,93.5,0,409,22
Centre (Ouaga),2013,5,0.2,26.0,79.7,0,369,21
Centre (Ouaga),2013,6,4.8,26.2,88.7,0,314,16
Centre (Ouaga),2013,7,4.4,30.5,80.1,0,456,16
Centre (Ouaga),2013,8,2.5,29.6,84.0,0,447,10
Centre (Ouaga),2013,9,4.7,27.5,79.2,0,306,11
Centre (Ouaga),2013,10,1.0,38.7,76.7,0,522,26
Centre (Ouaga),2013,11,0.8,40.8,76.0,0,300,16
Centre (Ouaga),2013,12,3.3,41.0,88.2,0,438,14
Centre (Ouaga),2013,13,3.4,38.2,94.9,0,476,7
Centre (Ouaga),2013,14,3.2,35.6,81.8,0,573,9
Centre (Ouaga),2013,15,2.7,36.6,80.3,0,451,16
Centre (Ouaga),2013,16,3.5,34.7,90.0,0,349,25
Centre (Ouaga),2013,17,1.4,40.0,80.7,0,522,27
Centre (Ouaga),2013,18,0.8,35.6,76.9,0,546,26
Centre (Ouaga),2013,19,3.0,32.7,87.0,0,514,6
Centre (Ouaga),2013,20,4.9,32.4,79.1,0,483,27
Centre (Ouaga),2013,21,4.7,27.4,81.5,0,579,15
Centre (Ouaga),2013,22,84.2,30.1,84.4,0,498,19
Centre (Ouaga),2013,23,111.8,30.5,93.9,0,427,22
Centre (Ouaga),2013,24,25.6,28.2,88.9,0,346,28
Centre (Ouaga),2013,25,89.7,29.7,92.7,0,320,28
Centre (Ouaga),2013,26,105.1,27.0,94.7,0,2173,16
Centre (Ouaga),2013,27,38.6,28.9,86.5,0,2724,24
Centre (Ouaga),2013,28,69.2,30.4,80.7,0,2118,9
Centre (Ouaga),2013,29,88.0,27.4,91.7,0,2039,9
Centre (Ouaga),2013,30,38.7,29.8,87.8,0,2783,21
Centre (Ouaga),2013,31,102.4,26.3,89.4,0,2977,7
Centre (Ouaga),2013,32,95.9,31.0,77.3,0,2409,28
Centre (Ouaga),2013,33,37.9,26.0,89.5,0,2272,29
Centre (Ouaga),2013,34,52.5,31.9,85.9,0,1931,26
Centre (Ouaga),2013,35,54.3,30.5,80.9,0,2971,8
Centre (Ouaga),2013,36,108.1,32.0,78.0,0,2614,29
Centre (Ouaga),2013,37,38.4,27.2,94.8,0,1881,24
Centre (Ouaga),2013,38,30.0,25.0,88.0,0,2059,99
Centre (Ouaga),2013,39,105.3,26.7,94.1,0,1888,31
Centre (Ouaga),2013,40,68.3,25.5,75.5,0,1999,45
Centre (Ouaga),2013,41,1.3,31.6,75.8,0,1785,43
Centre (Ouaga),2013,42,4.5,31.7,92.4,0,1988,85
Centre (Ouaga),2013,43,3.0,29.8,76.8,0,2412,45
Centre (Ouaga),2013,44,2.2,28.4,80.6,0,2303,35
Centre (Ouaga),2013,45,1.0,32.1,79.8,0,2684,77
Centre (Ouaga),2013,46,0.8,27.9,86.0,0,2665,69
Centre (Ouaga),2013,47,3.6,25.5,84.2,0,356,20
Centre (Ouaga),2013,48,2.7,25.1,88.5,0,446,17
Centre (Ouaga),2013,49,3.0,26.9,86.9,0,540,19
Centre (Ouaga),2013,50,1.7,27.7,94.4,0,537,6
Centre (Ouaga),2013,51,1.4,26.6,91.9,0,506,23
Centre (Ouaga),2013,52,1.6,28.4,91.4,0,543,14
Centre (Ouaga),2014,1,3.0,33.0,81.8,0,341,26
Centre (Ouaga),2014,2,0.2,27.7,84.2,0,448,15
Centre (Ouaga),2014,3,3.9,30.1,78.0,0,414,19
Centre (Ouaga),2014,4,2.6,26.7,93.3,0,565,5
Centre (Ouaga),2014,5,1.9,26.9,94.2,0,469,15
Centre (Ouaga),2014,6,0.5,28.0,75.4,0,386,20
Centre (Ouaga),2014,7,0.8,29.0,82.7,0,548,25
Centre (Ouaga),2014,8,4.6,27.4,75.0,0,478,23
Centre (Ouaga),2014,9,3.2,30.8,75.7,0,553,24
Centre (Ouaga),2014,10,4.3,39.0,81.1,0,514,22
Centre (Ouaga),2014,11,4.2,37.9,76.8,0,338,20
Centre (Ouaga),2014,12,0.8,38.4,87.5,0,344,13
Centre (Ouaga),2014,13,4.2,36.7,89.3,0,327,6
Centre (Ouaga),2014,14,2.3,39.4,83.6,0,484,22
Centre (Ouaga),2014,15,3.5,40.1,84.8,0,486,27
Centre (Ouaga),2014,16,4.0,34.2,76.7,0,576,10
Centre (Ouaga),2014,17,0.0,38.6,86.7,0,499,28
Centre (Ouaga),2014,18,1.8,36.3,82.1,0,337,27
Centre (Ouaga),2014,19,0.3,26.4,85.7,0,423,15
Centre (Ouaga),2014,20,2.8,28.8,91.5,0,506,16
Centre (Ouaga),2014,21,1.4,28.6,84.1,0,298,15
Centre (Ouaga),2014,22,58.8,26.2,92.9,0,417,13
Centre (Ouaga),2014,23,102.2,29.7,76.0,0,354,19
Centre (Ouaga),2014,24,111.2,27.0,79.9,0,536,16
Centre (Ouaga),2014,25,62.3,33.0,85.2,0,528,25
Centre (Ouaga),2014,26,43.6,27.6,89.0,0,2686,28
Centre (Ouaga),2014,27,104.7,29.5,87.0,0,1921,18
Centre (Ouaga),2014,28,33.4,29.0,93.6,0,2095,27
Centre (Ouaga),2014,29,115.1,29.9,87.8,0,2680,28
Centre (Ouaga),2014,30,23.8,26.8,91.4,0,2005,13
Centre (Ouaga),2014,31,102.7,29.9,86.9,0,1732,24
Centre (Ouaga),2014,32,80.4,25.4,76.5,0,2847,29
Centre (Ouaga),2014,33,45.6,28.2,77.0,0,2707,28
Centre (Ouaga),2014,34,45.7,25.1,84.7,0,2223,12
Centre (Ouaga),2014,35,88.9,29.3,86.3,0,1717,5
Centre (Ouaga),2014,36,88.5,26.9,84.5,0,2653,20
Centre (Ouaga),2014,37,99.9,29.6,79.8,0,2869,19
Centre (Ouaga),2014,38,26.7,25.7,94.5,0,2936,90
Centre (Ouaga),2014,39,22.6,30.3,83.5,0,2620,84
Centre (Ouaga),2014,40,32.7,29.0,90.4,0,2505,96
Centre (Ouaga),2014,41,2.4,31.7,81.7,0,2506,31
Centre (Ouaga),2014,42,1.3,28.2,81.7,0,2229,37
Centre (Ouaga),2014,43,1.8,27.1,87.4,0,2679,42
Centre (Ouaga),2014,44,4.7,29.3,76.7,0,2792,94
Centre (Ouaga),2014,45,0.7,29.8,76.2,0,2286,33
Centre (Ouaga),2014,46,1.0,30.7,90.2,0,2272,86
Centre (Ouaga),2014,47,4.8,27.8,82.0,0,413,23
Centre (Ouaga),2014,48,3.1,32.6,94.7,0,310,13
Centre (Ouaga),2014,49,4.0,30.4,93.3,0,502,23
Centre (Ouaga),2014,50,0.1,28.5,88.1,0,357,20
Centre (Ouaga),2014,51,4.4,31.5,83.3,0,349,11
Centre (Ouaga),2014,52,4.8,25.6,87.7,0,411,27
Centre (Ouaga),2015,1,4.7,29.1,75.7,0,556,10
Centre (Ouaga),2015,2,3.8,29.6,87.4,0,432,23
Centre (Ouaga),2015,3,2.1,27.3,84.5,0,312,15
Centre (Ouaga),2015,4,1.7,29.5,88.3,0,499,25
Centre (Ouaga),2015,5,4.2,28.5,79.4,0,557,19
Centre (Ouaga),2015,6,5.0,29.3,89.2,0,319,8
Centre (Ouaga),2015,7,1.7,28.1,89.0,0,498,27
Centre (Ouaga),2015,8,4.1,32.8,88.7,0,354,18
Centre (Ouaga),2015,9,0.2,32.7,76.1,0,476,26
Centre (Ouaga),2015,10,3.3,37.9,77.5,0,560,19
Centre (Ouaga),2015,11,2.8,34.9,82.2,0,483,24
Centre (Ouaga),2015,12,1.9,37.4,84.9,0,399,12
Centre (Ouaga),2015,13,1.5,37.0,90.2,0,512,13
Centre (Ouaga),2015,14,2.6,35.9,88.9,0,532,20
Centre (Ouaga),2015,15,2.3,35.9,91.9,0,396,7
Centre (Ouaga),2015,16,3.0,35.0,92.6,0,524,14
Centre (Ouaga),2015,17,1.8,40.5,85.5,0,355,5
Centre (Ouaga),2015,18,4.2,35.5,77.2,0,396,8
Centre (Ouaga),2015,19,1.1,25.1,87.4,0,301,20
Centre (Ouaga),2015,20,3.8,26.1,88.8,0,521,9
Centre (Ouaga),2015,21,4.9,31.3,88.2,0,413,14
Centre (Ouaga),2015,22,70.6,31.7,92.3,0,544,18
Centre (Ouaga),2015,23,36.5,26.3,82.6,0,292,15
Centre (Ouaga),2015,24,79.9,28.1,94.0,0,527,8
Centre (Ouaga),2015,25,55.3,26.8,89.6,0,523,16
Centre (Ouaga),2015,26,59.3,31.0,84.7,0,2154,20
Centre (Ouaga),2015,27,58.3,32.2,85.4,0,2743,28
Centre (Ouaga),2015,28,93.0,28.3,81.9,0,1870,13
Centre (Ouaga),2015,29,80.0,32.0,89.2,0,2853,10
Centre (Ouaga),2015,30,35.6,26.6,77.9,0,2832,6
Centre (Ouaga),2015,31,84.4,25.8,85.3,0,2735,20
Centre (Ouaga),2015,32,61.4,30.0,93.3,0,2444,17
Centre (Ouaga),2015,33,51.2,28.9,82.9,0,2085,7
Centre (Ouaga),2015,34,61.7,27.4,84.5,0,2169,10
Centre (Ouaga),2015,35,29.4,30.2,88.5,0,2143,7
Centre (Ouaga),2015,36,26.9,26.5,80.3,0,1833,9
Centre (Ouaga),2015,37,32.7,31.2,84.6,0,1792,29
Centre (Ouaga),2015,38,57.1,32.0,85.6,0,2081,68
Centre (Ouaga),2015,39,101.5,27.1,81.4,0,2777,39
Centre (Ouaga),2015,40,77.2,28.6,85.8,0,2229,33
Centre (Ouaga),2015,41,2.0,31.4,84.4,0,2417,82
Centre (Ouaga),2015,42,2.6,27.8,89.4,0,2708,91
Centre (Ouaga),2015,43,1.1,27.6,88.4,0,2375,82
Centre (Ouaga),2015,44,3.1,29.1,76.9,0,2368,74
Centre (Ouaga),2015,45,1.9,31.5,82.1,0,2733,96
Centre (Ouaga),2015,46,2.2,25.5,78.3,0,2755,93
Centre (Ouaga),2015,47,1.0,25.5,76.0,0,395,29
Centre (Ouaga),2015,48,4.6,32.0,86.4,0,376,28
Centre (Ouaga),2015,49,2.6,29.3,88.6,0,507,27
Centre (Ouaga),2015,50,0.3,29.3,82.0,0,318,19
Centre (Ouaga),2015,51,2.2,30.5,91.0,0,374,12
Centre (Ouaga),2015,52,3.9,28.1,90.9,0,447,16
Centre (Ouaga),2016,1,3.1,29.6,92.2,0,527,11
Centre (Ouaga),2016,2,0.3,26.8,77.6,0,315,7
Centre (Ouaga),2016,3,2.3,31.1,86.7,0,482,24
Centre (Ouaga),2016,4,2.8,31.2,88.9,0,474,19
Centre (Ouaga),2016,5,3.3,28.2,85.3,0,491,18
Centre (Ouaga),2016,6,2.3,29.4,88.2,0,547,22
Centre (Ouaga),2016,7,3.7,30.8,90.0,0,355,13
Centre (Ouaga),2016,8,0.2,26.9,82.7,0,544,19
Centre (Ouaga),2016,9,0.5,27.1,93.4,0,367,29
Centre (Ouaga),2016,10,2.8,37.7,89.7,0,321,15
Centre (Ouaga),2016,11,0.4,35.2,92.4,0,434,19
Centre (Ouaga),2016,12,1.3,41.0,75.6,0,435,14
Centre (Ouaga),2016,13,0.4,38.4,87.8,0,516,15
Centre (Ouaga),2016,14,2.5,36.5,83.4,0,532,6
Centre (Ouaga),2016,15,2.4,40.8,81.0,0,533,16
Centre (Ouaga),2016,16,0.5,35.5,76.0,0,297,16
Centre (Ouaga),2016,17,3.7,34.4,81.6,0,488,21
Centre (Ouaga),2016,18,3.4,37.3,84.9,0,552,8
Centre (Ouaga),2016,19,2.1,29.9,76.3,0,534,11
Centre (Ouaga),2016,20,2.8,30.5,76.3,0,452,22
Centre (Ouaga),2016,21,2.4,27.1,81.6,0,456,28
Centre (Ouaga),2016,22,46.7,25.5,91.4,0,354,26
Centre (Ouaga),2016,23,32.6,28.5,94.3,0,490,23
Centre (Ouaga),2016,24,80.3,29.5,92.9,0,426,17
Centre (Ouaga),2016,25,55.0,27.1,91.3,0,295,12
Centre (Ouaga),2016,26,33.6,31.9,89.9,0,2094,28
Centre (Ouaga),2016,27,88.8,28.4,90.8,0,2515,6
Centre (Ouaga),2016,28,117.0,28.9,80.7,0,2315,25
Centre (Ouaga),2016,29,89.8,31.6,90.5,0,1966,21
Centre (Ouaga),2016,30,39.0,31.7,84.6,0,2623,10
Centre (Ouaga),2016,31,97.2,28.6,91.9,0,2616,13
Centre (Ouaga),2016,32,54.8,28.1,86.2,0,2474,13
Centre (Ouaga),2016,33,31.1,26.3,84.8,0,2574,29
Centre (Ouaga),2016,34,33.1,29.2,88.6,0,2763,27
Centre (Ouaga),2016,35,114.4,29.6,79.2,0,1646,27
Centre (Ouaga),2016,36,21.3,28.3,81.4,0,2655,13
Centre (Ouaga),2016,37,52.4,28.6,79.3,0,2528,20
Centre (Ouaga),2016,38,54.1,28.9,87.1,0,2498,94
Centre (Ouaga),2016,39,56.0,32.8,82.6,0,1832,91
Centre (Ouaga),2016,40,114.7,26.4,93.0,0,2095,34
Centre (Ouaga),2016,41,0.7,29.7,88.4,0,1905,96
Centre (Ouaga),2016,42,2.3,25.2,84.2,0,1778,74
Centre (Ouaga),2016,43,3.7,30.1,80.6,0,1696,32
Centre (Ouaga),2016,44,2.8,26.5,83.3,0,2200,81
Centre (Ouaga),2016,45,0.5,28.7,93.5,0,2425,98
Centre (Ouaga),2016,46,3.9,31.2,80.1,0,2409,51
Centre (Ouaga),2016,47,3.1,28.0,76.6,0,417,20
Centre (Ouaga),2016,48,1.2,26.0,88.8,0,341,27
Centre (Ouaga),2016,49,2.0,32.0,90.6,0,340,21
Centre (Ouaga),2016,50,1.9,27.7,77.6,0,382,14
Centre (Ouaga),2016,51,2.3,32.5,82.3,0,455,22
Centre (Ouaga),2016,52,5.0,31.3,84.7,0,437,14
Centre (Ouaga),2017,1,2.4,32.7,92.8,0,544,25
Centre (Ouaga),2017,2,4.7,32.1,86.8,0,284,19
Centre (Ouaga),2017,3,0.4,30.2,84.7,0,422,22
Centre (Ouaga),2017,4,3.2,31.0,76.0,0,365,22
Centre (Ouaga),2017,5,2.5,30.8,81.6,0,474,6
Centre (Ouaga),2017,6,0.4,32.4,94.6,0,481,23
Centre (Ouaga),2017,7,4.6,31.7,76.0,0,373,17
Centre (Ouaga),2017,8,3.8,29.2,85.5,0,414,29
Centre (Ouaga),2017,9,4.8,25.8,92.3,0,510,7
Centre (Ouaga),2017,10,2.9,34.6,90.0,0,320,17
Centre (Ouaga),2017,11,2.2,40.1,94.6,0,487,12
Centre (Ouaga),2017,12,2.8,37.7,81.8,0,457,20
Centre (Ouaga),2017,13,1.7,35.7,75.7,0,365,25
Centre (Ouaga),2017,14,3.0,37.1,89.2,0,487,10
Centre (Ouaga),2017,15,4.2,40.8,75.2,0,449,22
Centre (Ouaga),2017,16,0.9,37.6,85.8,0,533,24
Centre (Ouaga),2017,17,0.6,38.0,78.7,0,303,18
Centre (Ouaga),2017,18,4.7,35.6,87.8,0,428,26
Centre (Ouaga),2017,19,3.5,31.0,91.4,0,517,18
Centre (Ouaga),2017,20,3.5,27.3,94.0,0,327,27
Centre (Ouaga),2017,21,0.5,26.0,87.2,0,288,22
Centre (Ouaga),2017,22,43.5,30.3,92.3,0,444,6
Centre (Ouaga),2017,23,80.8,28.4,80.9,0,531,26
Centre (Ouaga),2017,24,61.6,29.8,83.0,0,520,15
Centre (Ouaga),2017,25,47.5,28.2,87.4,0,353,5
Centre (Ouaga),2017,26,69.5,28.7,94.4,0,2265,13
Centre (Ouaga),2017,27,118.6,32.8,81.0,0,2097,14
Centre (Ouaga),2017,28,55.8,27.2,82.7,0,2368,24
Centre (Ouaga),2017,29,76.7,25.4,78.3,0,1610,17
Centre (Ouaga),2017,30,80.6,28.4,94.2,0,2283,12
Centre (Ouaga),2017,31,30.9,31.0,90.1,0,1678,6
Centre (Ouaga),2017,32,103.8,25.5,83.3,0,2462,11
Centre (Ouaga),2017,33,48.9,30.8,77.6,0,2056,12
Centre (Ouaga),2017,34,86.1,29.0,77.0,0,2498,21
Centre (Ouaga),2017,35,112.8,30.8,83.5,0,1627,8
Centre (Ouaga),2017,36,89.5,32.9,90.5,0,2422,29
Centre (Ouaga),2017,37,22.3,27.0,79.1,0,2327,29
Centre (Ouaga),2017,38,89.1,28.6,86.4,0,2159,57
Centre (Ouaga),2017,39,112.2,31.7,76.1,0,2593,86
Centre (Ouaga),2017,40,74.8,28.8,95.0,0,2445,30
Centre (Ouaga),2017,41,2.5,27.3,88.2,0,1859,89
Centre (Ouaga),2017,42,3.7,32.8,86.2,0,2403,48
Centre (Ouaga),2017,43,0.3,31.7,86.9,0,2346,80
Centre (Ouaga),2017,44,4.0,32.8,83.1,0,1970,94
Centre (Ouaga),2017,45,3.1,32.1,88.4,0,1726,67
Centre (Ouaga),2017,46,1.4,26.3,84.0,0,2460,46
Centre (Ouaga),2017,47,0.3,28.5,91.6,0,456,20
Centre (Ouaga),2017,48,2.2,28.9,76.6,0,402,11
Centre (Ouaga),2017,49,2.0,30.8,83.9,0,532,19
Centre (Ouaga),2017,50,2.5,25.2,85.4,0,549,14
Centre (Ouaga),2017,51,3.0,28.8,93.6,0,550,10
Centre (Ouaga),2017,52,0.2,30.8,80.1,0,332,10
Centre (Ouaga),2018,1,4.0,29.8,85.0,0,338,6
Centre (Ouaga),2018,2,2.4,29.7,84.3,0,351,24
Centre (Ouaga),2018,3,4.2,25.6,85.4,0,395,14
Centre (Ouaga),2018,4,3.1,27.2,77.8,0,343,28
Centre (Ouaga),2018,5,3.5,29.3,76.7,0,471,10
Centre (Ouaga),2018,6,0.6,28.6,87.0,0,531,12
Centre (Ouaga),2018,7,0.6,28.7,89.4,0,409,17
Centre (Ouaga),2018,8,1.3,26.7,87.0,0,381,28
Centre (Ouaga),2018,9,4.3,27.1,94.0,0,446,5
Centre (Ouaga),2018,10,2.1,40.7,85.1,0,459,28
Centre (Ouaga),2018,11,3.7,34.0,75.4,0,276,11
Centre (Ouaga),2018,12,4.9,37.5,89.6,0,410,9
Centre (Ouaga),2018,13,2.4,37.3,83.3,0,346,26
Centre (Ouaga),2018,14,0.7,35.2,80.3,0,330,7
Centre (Ouaga),2018,15,2.1,36.3,77.1,0,275,23
Centre (Ouaga),2018,16,1.4,37.5,82.6,0,413,25
Centre (Ouaga),2018,17,0.0,39.9,88.2,0,378,10
Centre (Ouaga),2018,18,3.2,40.2,78.4,0,392,18
Centre (Ouaga),2018,19,0.1,29.9,91.2,0,489,29
Centre (Ouaga),2018,20,2.1,30.7,80.7,0,411,9
Centre (Ouaga),2018,21,3.7,26.0,78.1,0,432,17
Centre (Ouaga),2018,22,31.2,25.3,77.1,0,357,28
Centre (Ouaga),2018,23,80.8,25.5,89.3,0,467,24
Centre (Ouaga),2018,24,20.2,29.2,91.8,0,388,15
Centre (Ouaga),2018,25,29.1,26.2,93.6,0,532,27
Centre (Ouaga),2018,26,117.3,27.3,75.3,0,2052,9
Centre (Ouaga),2018,27,70.7,26.2,84.9,0,1831,10
Centre (Ouaga),2018,28,37.6,33.0,94.6,0,2061,24
Centre (Ouaga),2018,29,32.8,31.9,75.9,0,2632,26
Centre (Ouaga),2018,30,76.1,32.4,91.5,0,2566,23
Centre (Ouaga),2018,31,45.1,29.1,75.5,0,1601,16
Centre (Ouaga),2018,32,83.6,32.4,76.6,0,2191,21
Centre (Ouaga),2018,33,95.4,32.3,89.7,0,1965,10
Centre (Ouaga),2018,34,87.8,29.7,94.3,0,2248,16
Centre (Ouaga),2018,35,88.1,32.9,75.2,0,1733,6
Centre (Ouaga),2018,36,33.8,31.7,77.1,0,2275,12
Centre (Ouaga),2018,37,116.6,32.7,94.5,0,2505,11
Centre (Ouaga),2018,38,80.5,31.8,91.9,0,2672,95
Centre (Ouaga),2018,39,67.4,27.6,92.1,0,1977,77
Centre (Ouaga),2018,40,41.2,30.6,84.2,0,2438,57
Centre (Ouaga),2018,41,2.4,27.8,90.6,0,2615,41
Centre (Ouaga),2018,42,4.6,25.3,78.8,0,1679,77
Centre (Ouaga),2018,43,3.4,30.4,75.2,0,1707,74
Centre (Ouaga),2018,44,3.8,32.6,83.2,0,2132,90
Centre (Ouaga),2018,45,3.7,32.8,77.7,0,2570,69
Centre (Ouaga),2018,46,1.8,25.5,77.2,0,2235,33
Centre (Ouaga),2018,47,4.9,31.7,83.8,0,447,7
Centre (Ouaga),2018,48,0.2,29.4,75.1,0,389,23
Centre (Ouaga),2018,49,2.0,32.7,84.8,0,527,18
Centre (Ouaga),2018,50,3.1,29.9,78.7,0,464,19
Centre (Ouaga),2018,51,4.6,29.8,80.8,0,354,5
Centre (Ouaga),2018,52,3.4,25.3,87.4,0,285,28
Centre (Ouaga),2019,1,4.5,30.2,79.6,0,522,17
Centre (Ouaga),2019,2,1.2,28.0,91.9,0,313,15
Centre (Ouaga),2019,3,1.2,28.9,79.8,0,342,22
Centre (Ouaga),2019,4,0.5,30.6,93.2,0,275,25
Centre (Ouaga),2019,5,2.5,29.3,90.3,0,363,18
Centre (Ouaga),2019,6,1.9,25.9,91.6,0,378,28
Centre (Ouaga),2019,7,0.4,26.5,79.5,0,442,29
Centre (Ouaga),2019,8,4.0,29.2,75.7,0,487,24
Centre (Ouaga),2019,9,4.2,25.9,75.5,0,511,7
Centre (Ouaga),2019,10,0.8,38.2,91.6,0,388,9
Centre (Ouaga),2019,11,2.5,35.4,83.5,0,282,16
Centre (Ouaga),2019,12,1.3,39.4,83.2,0,402,28
Centre (Ouaga),2019,13,2.2,37.7,81.9,0,351,12
Centre (Ouaga),2019,14,3.3,37.9,78.1,0,361,11
Centre (Ouaga),2019,15,1.3,36.2,92.5,0,517,9
Centre (Ouaga),2019,16,3.1,36.5,75.9,0,525,22
Centre (Ouaga),2019,17,1.0,34.3,82.2,0,270,9
Centre (Ouaga),2019,18,2.9,39.8,75.6,0,417,24
Centre (Ouaga),2019,19,3.5,25.6,86.1,0,311,10
Centre (Ouaga),2019,20,2.2,31.4,81.3,0,356,18
Centre (Ouaga),2019,21,1.2,28.5,93.4,0,326,24
Centre (Ouaga),2019,22,108.3,28.0,77.2,0,298,11
Centre (Ouaga),2019,23,30.6,31.9,88.0,0,358,28
Centre (Ouaga),2019,24,57.5,28.2,83.2,0,443,17
Centre (Ouaga),2019,25,75.5,25.4,89.6,0,461,14
Centre (Ouaga),2019,26,37.6,30.9,82.6,0,2197,6
Centre (Ouaga),2019,27,100.4,32.4,87.2,0,2435,14
Centre (Ouaga),2019,28,78.2,29.1,94.2,0,1563,20
Centre (Ouaga),2019,29,30.5,25.3,87.4,0,1620,24
Centre (Ouaga),2019,30,83.4,28.5,76.1,0,2522,12
Centre (Ouaga),2019,31,110.5,32.1,79.9,0,2321,18
Centre (Ouaga),2019,32,91.3,27.7,95.0,0,1656,9
Centre (Ouaga),2019,33,22.2,32.6,75.4,0,2236,23
Centre (Ouaga),2019,34,111.5,27.8,78.9,0,2457,16
Centre (Ouaga),2019,35,97.3,30.0,79.3,0,2445,22
Centre (Ouaga),2019,36,32.9,25.3,92.1,0,2222,25
Centre (Ouaga),2019,37,26.7,26.6,88.3,0,1735,29
Centre (Ouaga),2019,38,57.9,30.8,75.1,0,1858,79
Centre (Ouaga),2019,39,78.5,25.5,92.8,0,1872,64
Centre (Ouaga),2019,40,35.3,26.4,84.0,0,2187,66
Centre (Ouaga),2019,41,1.7,28.5,77.6,0,2111,68
Centre (Ouaga),2019,42,1.6,28.1,78.9,0,2116,53
Centre (Ouaga),2019,43,4.2,29.6,94.9,0,2473,87
Centre (Ouaga),2019,44,3.6,27.7,90.2,0,1696,69
Centre (Ouaga),2019,45,4.1,26.5,88.0,0,2266,35
Centre (Ouaga),2019,46,2.3,28.8,85.9,0,1723,84
Centre (Ouaga),2019,47,1.9,26.8,84.7,0,493,17
Centre (Ouaga),2019,48,2.8,30.1,86.0,0,392,8
Centre (Ouaga),2019,49,3.0,32.5,80.3,0,459,10
Centre (Ouaga),2019,50,4.3,27.9,76.2,0,426,23
Centre (Ouaga),2019,51,2.0,30.7,76.5,0,516,8
Centre (Ouaga),2019,52,4.9,31.4,92.6,0,470,5
Centre (Ouaga),2020,1,4.8,27.2,80.0,0,441,24
Centre (Ouaga),2020,2,4.3,32.6,89.7,0,313,24
Centre (Ouaga),2020,3,5.0,25.4,88.9,0,351,21
Centre (Ouaga),2020,4,0.6,31.7,80.1,0,462,11
Centre (Ouaga),2020,5,4.8,26.2,80.7,0,434,17
Centre (Ouaga),2020,6,2.0,32.9,85.5,0,365,15
Centre (Ouaga),2020,7,2.7,28.3,87.1,0,433,12
Centre (Ouaga),2020,8,0.1,29.2,82.2,0,285,17
Centre (Ouaga),2020,9,4.6,30.5,91.4,0,481,28
Centre (Ouaga),2020,10,1.2,37.8,76.7,0,437,19
Centre (Ouaga),2020,11,3.5,36.9,81.6,0,270,17
Centre (Ouaga),2020,12,2.1,35.7,87.8,0,418,25
Centre (Ouaga),2020,13,0.9,34.0,85.2,0,276,22
Centre (Ouaga),2020,14,3.9,36.1,88.9,0,495,17
Centre (Ouaga),2020,15,4.0,38.7,83.9,0,388,9
Centre (Ouaga),2020,16,2.8,39.9,89.0,0,341,26
Centre (Ouaga),2020,17,4.6,35.3,93.7,0,396,6
Centre (Ouaga),2020,18,3.3,36.9,85.0,0,307,11
Centre (Ouaga),2020,19,1.7,29.6,84.7,0,466,18
Centre (Ouaga),2020,20,4.5,30.1,79.7,0,293,8
Centre (Ouaga),2020,21,0.7,26.5,82.0,0,306,13
Centre (Ouaga),2020,22,116.9,30.5,88.0,0,412,21
Centre (Ouaga),2020,23,90.1,32.0,82.4,0,383,5
Centre (Ouaga),2020,24,44.1,29.9,91.5,0,438,26
Centre (Ouaga),2020,25,22.8,25.3,86.3,0,455,11
Centre (Ouaga),2020,26,114.0,28.9,89.8,0,1642,19
Centre (Ouaga),2020,27,97.7,31.7,82.6,0,1859,29
Centre (Ouaga),2020,28,45.9,31.6,88.1,0,2511,27
Centre (Ouaga),2020,29,110.3,28.5,91.7,0,2316,28
Centre (Ouaga),2020,30,26.0,27.7,85.7,0,2385,13
Centre (Ouaga),2020,31,64.3,32.9,75.9,0,1653,11
Centre (Ouaga),2020,32,78.2,25.1,83.4,0,1795,9
Centre (Ouaga),2020,33,118.3,32.5,87.3,0,1757,19
Centre (Ouaga),2020,34,61.7,31.1,81.8,0,2149,8
Centre (Ouaga),2020,35,86.0,29.3,83.6,0,1973,14
Centre (Ouaga),2020,36,59.2,32.1,93.7,0,1984,16
Centre (Ouaga),2020,37,78.1,25.2,77.6,0,2051,13
Centre (Ouaga),2020,38,115.2,27.4,89.4,0,1752,353
Centre (Ouaga),2020,39,47.8,32.1,78.4,0,2444,182
Centre (Ouaga),2020,40,63.8,28.0,90.4,0,2378,393
Centre (Ouaga),2020,41,2.0,28.2,87.6,0,2407,239
Centre (Ouaga),2020,42,3.9,29.2,88.5,0,1674,215
Centre (Ouaga),2020,43,0.5,27.1,86.0,0,2437,149
Centre (Ouaga),2020,44,2.9,30.3,92.8,0,2105,336
Centre (Ouaga),2020,45,2.4,30.9,90.2,0,2196,214
Centre (Ouaga),2020,46,2.2,29.4,91.4,0,1948,168
Centre (Ouaga),2020,47,4.5,27.6,94.0,0,509,14
Centre (Ouaga),2020,48,1.5,32.8,91.5,0,478,29
Centre (Ouaga),2020,49,1.5,29.7,75.7,0,496,11
Centre (Ouaga),2020,50,1.3,30.5,77.3,0,370,13
Centre (Ouaga),2020,51,3.9,27.1,91.9,0,435,18
Centre (Ouaga),2020,52,0.7,26.9,82.8,0,336,29
Centre (Ouaga),2021,1,3.5,31.1,82.3,0,488,23
Centre (Ouaga),2021,2,0.3,31.0,82.0,0,358,21
Centre (Ouaga),2021,3,3.8,26.2,83.9,0,275,24
Centre (Ouaga),2021,4,1.9,27.9,88.1,0,390,19
Centre (Ouaga),2021,5,3.8,27.9,86.6,0,273,13
Centre (Ouaga),2021,6,3.1,32.0,76.0,0,465,17
Centre (Ouaga),2021,7,2.6,32.0,90.8,0,280,16
Centre (Ouaga),2021,8,2.5,32.5,88.5,0,480,29
Centre (Ouaga),2021,9,0.9,25.5,92.6,0,252,18
Centre (Ouaga),2021,10,4.5,37.4,92.5,0,501,21
Centre (Ouaga),2021,11,1.3,37.3,88.4,0,367,22
Centre (Ouaga),2021,12,4.8,34.0,85.0,0,260,24
Centre (Ouaga),2021,13,2.7,36.0,79.9,0,282,6
Centre (Ouaga),2021,14,0.5,38.0,88.5,0,292,9
Centre (Ouaga),2021,15,4.5,34.2,85.4,0,262,5
Centre (Ouaga),2021,16,4.6,34.1,84.8,0,388,18
Centre (Ouaga),2021,17,2.2,38.6,85.9,0,487,6
Centre (Ouaga),2021,18,2.2,35.3,80.1,0,416,7
Centre (Ouaga),2021,19,2.0,33.0,91.8,0,494,11
Centre (Ouaga),2021,20,4.6,30.6,79.1,0,483,17
Centre (Ouaga),2021,21,2.9,26.5,75.3,0,261,15
Centre (Ouaga),2021,22,70.1,31.9,95.0,0,308,11
Centre (Ouaga),2021,23,111.1,30.2,88.2,0,386,24
Centre (Ouaga),2021,24,41.5,29.6,78.1,0,440,18
Centre (Ouaga),2021,25,41.8,25.9,77.8,0,291,26
Centre (Ouaga),2021,26,66.8,27.7,81.0,0,2262,5
Centre (Ouaga),2021,27,39.2,25.5,93.5,0,2055,27
Centre (Ouaga),2021,28,34.2,27.0,76.1,0,2180,15
Centre (Ouaga),2021,29,53.1,25.6,84.7,0,2423,25
Centre (Ouaga),2021,30,31.0,26.0,77.5,0,1654,23
Centre (Ouaga),2021,31,35.9,30.5,84.8,0,1771,24
Centre (Ouaga),2021,32,30.5,31.3,81.1,0,1936,13
Centre (Ouaga),2021,33,42.7,25.8,79.9,0,2329,13
Centre (Ouaga),2021,34,41.4,25.3,75.3,0,1764,22
Centre (Ouaga),2021,35,85.0,28.0,77.9,0,1623,8
Centre (Ouaga),2021,36,76.4,30.5,77.6,0,2169,29
Centre (Ouaga),2021,37,26.0,30.3,90.8,0,1812,11
Centre (Ouaga),2021,38,25.1,25.9,94.6,0,2436,178
Centre (Ouaga),2021,39,62.6,26.1,91.9,0,1515,216
Centre (Ouaga),2021,40,71.4,28.3,75.1,0,2011,331
Centre (Ouaga),2021,41,3.8,27.9,93.0,0,2268,205
Centre (Ouaga),2021,42,3.4,26.8,76.8,0,1671,368
Centre (Ouaga),2021,43,2.6,28.5,89.4,0,1805,315
Centre (Ouaga),2021,44,1.1,29.2,94.7,0,2015,142
Centre (Ouaga),2021,45,3.0,28.3,76.5,0,2353,177
Centre (Ouaga),2021,46,0.2,26.6,83.0,0,1945,309
Centre (Ouaga),2021,47,1.5,29.4,90.0,0,271,6
Centre (Ouaga),2021,48,3.0,30.9,86.9,0,371,6
Centre (Ouaga),2021,49,1.4,32.3,91.6,0,403,6
Centre (Ouaga),2021,50,2.5,28.0,79.3,0,350,9
Centre (Ouaga),2021,51,0.6,31.6,78.5,0,261,11
Centre (Ouaga),2021,52,1.9,25.4,93.3,0,457,17
Centre (Ouaga),2022,1,3.0,27.2,90.8,0,260,23
Centre (Ouaga),2022,2,0.3,28.7,93.4,0,491,18
Centre (Ouaga),2022,3,4.3,30.7,83.8,0,331,8
Centre (Ouaga),2022,4,3.0,26.8,81.8,0,380,5
Centre (Ouaga),2022,5,3.8,30.5,75.9,0,367,26
Centre (Ouaga),2022,6,3.1,32.2,92.8,0,393,29
Centre (Ouaga),2022,7,3.1,27.8,75.3,0,262,15
Centre (Ouaga),2022,8,1.2,25.6,75.5,0,450,6
Centre (Ouaga),2022,9,2.8,32.4,93.8,0,446,19
Centre (Ouaga),2022,10,4.8,36.7,80.0,0,331,21
Centre (Ouaga),2022,11,4.6,35.5,77.6,0,476,13
Centre (Ouaga),2022,12,0.6,40.1,87.0,0,370,9
Centre (Ouaga),2022,13,3.2,36.2,90.7,0,256,5
Centre (Ouaga),2022,14,1.1,35.0,88.5,0,317,27
Centre (Ouaga),2022,15,3.2,40.6,86.0,0,469,25
Centre (Ouaga),2022,16,4.6,38.4,76.6,0,465,7
Centre (Ouaga),2022,17,4.0,38.0,81.0,0,270,16
Centre (Ouaga),2022,18,2.5,38.1,82.9,0,418,23
Centre (Ouaga),2022,19,2.4,29.4,86.1,0,450,11
Centre (Ouaga),2022,20,2.2,27.5,76.3,0,253,13
Centre (Ouaga),2022,21,4.3,26.2,84.6,0,264,23
Centre (Ouaga),2022,22,28.0,27.1,85.2,0,444,7
Centre (Ouaga),2022,23,22.7,27.8,77.1,0,281,8
Centre (Ouaga),2022,24,29.2,25.7,92.3,0,352,7
Centre (Ouaga),2022,25,74.4,27.2,85.1,0,333,6
Centre (Ouaga),2022,26,55.4,30.6,94.2,0,1799,29
Centre (Ouaga),2022,27,92.1,29.5,82.0,0,1608,6
Centre (Ouaga),2022,28,42.1,31.8,77.6,0,2048,24
Centre (Ouaga),2022,29,40.2,27.0,87.6,0,2402,28
Centre (Ouaga),2022,30,59.6,27.1,79.6,0,1706,10
Centre (Ouaga),2022,31,42.0,29.5,75.9,0,1787,14
Centre (Ouaga),2022,32,60.5,31.4,82.7,0,1495,15
Centre (Ouaga),2022,33,112.4,28.2,91.5,0,2356,26
Centre (Ouaga),2022,34,97.7,25.9,78.8,0,2134,26
Centre (Ouaga),2022,35,116.7,30.5,83.4,0,2033,7
Centre (Ouaga),2022,36,88.7,27.5,86.6,0,2145,12
Centre (Ouaga),2022,37,81.3,27.1,91.0,0,2031,22
Centre (Ouaga),2022,38,83.3,28.2,90.8,0,1442,131
Centre (Ouaga),2022,39,73.3,32.1,91.2,0,2193,373
Centre (Ouaga),2022,40,101.2,29.3,77.3,0,1527,363
Centre (Ouaga),2022,41,0.1,31.9,79.8,0,2391,184
Centre (Ouaga),2022,42,1.8,28.1,76.1,0,2194,170
Centre (Ouaga),2022,43,3.6,25.1,88.0,0,2392,346
Centre (Ouaga),2022,44,3.9,31.4,75.7,0,2236,329
Centre (Ouaga),2022,45,4.0,33.0,89.1,0,2067,240
Centre (Ouaga),2022,46,4.0,26.7,82.0,0,2386,357
Centre (Ouaga),2022,47,3.9,27.1,82.2,0,287,18
Centre (Ouaga),2022,48,4.0,25.7,80.7,0,347,15
Centre (Ouaga),2022,49,4.6,32.9,85.0,0,310,11
Centre (Ouaga),2022,50,2.5,32.3,93.0,0,451,8
Centre (Ouaga),2022,51,0.4,30.9,80.1,0,426,10
Centre (Ouaga),2022,52,1.5,30.5,82.8,0,487,19
Centre (Ouaga),2023,1,4.2,27.4,93.0,0,290,19
Centre (Ouaga),2023,2,4.0,28.5,93.9,0,450,7
Centre (Ouaga),2023,3,0.2,29.8,90.1,0,278,28
Centre (Ouaga),2023,4,4.6,31.8,84.6,0,336,19
Centre (Ouaga),2023,5,1.1,29.2,79.0,0,406,9
Centre (Ouaga),2023,6,4.5,31.8,80.9,0,328,7
Centre (Ouaga),2023,7,1.3,29.8,87.6,0,349,5
Centre (Ouaga),2023,8,2.2,26.4,79.6,0,358,7
Centre (Ouaga),2023,9,3.8,26.6,84.3,0,448,8
Centre (Ouaga),2023,10,4.8,35.0,85.6,0,466,20
Centre (Ouaga),2023,11,0.6,39.6,87.8,0,467,20
Centre (Ouaga),2023,12,0.0,39.3,87.2,0,401,24
Centre (Ouaga),2023,13,3.5,38.2,77.0,0,349,13
Centre (Ouaga),2023,14,2.9,39.3,78.5,0,476,8
Centre (Ouaga),2023,15,2.0,38.8,88.6,0,399,6
Centre (Ouaga),2023,16,1.3,40.0,77.1,0,446,24
Centre (Ouaga),2023,17,2.4,36.0,86.5,0,430,12
Centre (Ouaga),2023,18,1.0,38.6,87.6,0,459,28
Centre (Ouaga),2023,19,0.5,31.3,82.8,0,288,11
Centre (Ouaga),2023,20,3.5,29.1,88.5,0,408,18
Centre (Ouaga),2023,21,0.3,25.5,87.0,0,455,18
Centre (Ouaga),2023,22,79.4,30.1,83.4,0,356,21
Centre (Ouaga),2023,23,72.0,32.7,76.5,0,430,11
Centre (Ouaga),2023,24,104.9,29.7,87.0,0,406,13
Centre (Ouaga),2023,25,119.4,27.2,87.2,0,353,26
Centre (Ouaga),2023,26,51.2,32.9,91.1,0,2326,17
Centre (Ouaga),2023,27,23.5,31.6,80.0,0,1608,5
Centre (Ouaga),2023,28,89.9,27.9,83.0,0,1642,20
Centre (Ouaga),2023,29,30.2,28.4,81.5,0,1833,9
Centre (Ouaga),2023,30,64.6,31.2,87.8,0,1734,23
Centre (Ouaga),2023,31,79.7,31.7,94.8,0,2060,10
Centre (Ouaga),2023,32,71.7,29.3,94.3,0,2015,11
Centre (Ouaga),2023,33,65.2,30.2,87.8,0,1963,7
Centre (Ouaga),2023,34,109.5,30.4,90.4,0,1939,8
Centre (Ouaga),2023,35,98.3,28.9,87.3,0,1441,531
Centre (Ouaga),2023,36,118.2,30.0,85.3,0,1745,1112
Centre (Ouaga),2023,37,84.0,29.5,83.3,0,2144,1479
Centre (Ouaga),2023,38,31.6,30.9,93.8,0,1832,1012
Centre (Ouaga),2023,39,106.3,28.7,89.3,0,1680,723
Centre (Ouaga),2023,40,115.8,26.5,84.9,0,1664,649
Centre (Ouaga),2023,41,4.1,32.6,84.0,0,2199,799
Centre (Ouaga),2023,42,3.0,31.3,92.4,0,2156,482
Centre (Ouaga),2023,43,2.3,25.7,94.4,0,1713,1393
Centre (Ouaga),2023,44,3.9,32.4,79.1,0,1854,1057
Centre (Ouaga),2023,45,3.5,28.1,91.5,0,2147,1181
Centre (Ouaga),2023,46,1.4,28.0,76.7,0,1630,1208
Centre (Ouaga),2023,47,0.8,26.9,86.7,0,386,1149
Centre (Ouaga),2023,48,2.8,28.9,86.9,0,319,1034
Centre (Ouaga),2023,49,1.4,30.8,76.5,0,329,5
Centre (Ouaga),2023,50,0.9,27.6,85.6,0,417,11
Centre (Ouaga),2023,51,0.1,28.2,86.2,0,377,16
Centre (Ouaga),2023,52,2.5,28.5,88.0,0,431,9
Centre (Ouaga),2024,1,4.7,27.8,89.0,0,439,21
Centre (Ouaga),2024,2,2.9,31.0,80.9,0,393,11
Centre (Ouaga),2024,3,2.0,32.7,78.1,0,435,15
Centre (Ouaga),2024,4,1.5,32.3,82.3,0,458,21
Centre (Ouaga),2024,5,0.7,27.6,94.8,0,284,25
Centre (Ouaga),2024,6,1.7,30.6,84.0,0,429,5
Centre (Ouaga),2024,7,4.2,29.3,92.3,0,235,29
Centre (Ouaga),2024,8,3.1,28.2,87.5,0,404,12
Centre (Ouaga),2024,9,3.7,29.8,81.4,0,236,5
Centre (Ouaga),2024,10,3.7,38.8,91.6,0,451,23
Centre (Ouaga),2024,11,4.9,36.7,75.5,0,396,20
Centre (Ouaga),2024,12,2.2,38.2,94.0,0,245,14
Centre (Ouaga),2024,13,3.6,37.9,85.4,0,419,26
Centre (Ouaga),2024,14,3.8,34.9,95.0,0,432,16
Centre (Ouaga),2024,15,0.8,39.5,84.4,1,303,21
Centre (Ouaga),2024,16,0.5,37.6,86.4,1,392,14
Centre (Ouaga),2024,17,3.3,40.7,82.2,0,239,18
Centre (Ouaga),2024,18,0.9,37.2,81.4,0,326,21
Centre (Ouaga),2024,19,3.1,26.5,85.0,0,301,24
Centre (Ouaga),2024,20,0.7,29.4,78.3,0,440,29
Centre (Ouaga),2024,21,0.3,25.2,81.2,0,359,17
Centre (Ouaga),2024,22,115.1,30.6,75.8,0,430,28
Centre (Ouaga),2024,23,53.0,29.9,90.3,0,450,16
Centre (Ouaga),2024,24,45.6,32.6,89.4,0,254,5
Centre (Ouaga),2024,25,99.5,31.5,81.2,1,304,13
Centre (Ouaga),2024,26,43.6,32.4,91.5,1,2247,9
Centre (Ouaga),2024,27,57.9,28.8,78.2,0,1835,10
Centre (Ouaga),2024,28,111.1,28.9,85.0,0,1667,21
Centre (Ouaga),2024,29,92.0,28.3,78.9,0,1842,25
Centre (Ouaga),2024,30,40.0,27.3,85.1,0,1591,25
Centre (Ouaga),2024,31,69.7,26.9,78.7,0,1566,23
Centre (Ouaga),2024,32,59.7,26.1,94.9,0,1780,16
Centre (Ouaga),2024,33,32.6,28.1,77.1,0,1536,13
Centre (Ouaga),2024,34,110.7,26.7,90.5,0,2099,23
Centre (Ouaga),2024,35,48.3,26.3,91.5,0,2074,6
Centre (Ouaga),2024,36,51.2,28.3,85.2,0,1889,28
Centre (Ouaga),2024,37,95.5,31.1,84.2,0,1916,21
Centre (Ouaga),2024,38,58.4,28.9,88.2,0,1811,239
Centre (Ouaga),2024,39,72.7,25.1,88.8,0,1845,280
Centre (Ouaga),2024,40,105.4,25.1,81.4,0,2336,160
Centre (Ouaga),2024,41,1.4,25.8,82.9,0,1792,200
Centre (Ouaga),2024,42,1.1,26.2,78.4,0,2322,266
Centre (Ouaga),2024,43,3.4,28.4,80.2,0,1425,357
Centre (Ouaga),2024,44,1.0,30.6,93.2,0,1920,329
Centre (Ouaga),2024,45,0.0,27.6,91.7,0,1911,389
Centre (Ouaga),2024,46,1.5,28.1,83.8,0,1505,232
Centre (Ouaga),2024,47,2.1,32.4,78.4,0,448,13
Centre (Ouaga),2024,48,1.5,28.8,83.6,0,465,18
Centre (Ouaga),2024,49,2.5,29.9,78.9,0,269,26
Centre (Ouaga),2024,50,1.0,29.8,77.7,0,234,29
Centre (Ouaga),2024,51,4.6,28.3,85.9,0,278,21
Centre (Ouaga),2024,52,2.4,32.3,81.5,0,234,22
Centre (Ouaga),2025,1,3.4,26.8,87.6,0,451,25
Centre (Ouaga),2025,2,3.5,28.8,92.5,0,377,5
Centre (Ouaga),2025,3,3.1,30.0,75.6,0,377,14
Centre (Ouaga),2025,4,3.6,25.3,75.7,0,331,10
Centre (Ouaga),2025,5,4.6,28.9,77.3,0,403,21
Centre (Ouaga),2025,6,4.3,27.6,89.5,0,312,22
Centre (Ouaga),2025,7,0.8,30.0,78.0,0,331,22
Centre (Ouaga),2025,8,4.7,30.4,94.5,0,267,5
Centre (Ouaga),2025,9,2.0,29.1,89.9,0,290,26
Centre (Ouaga),2025,10,3.6,40.0,91.7,0,374,14
Centre (Ouaga),2025,11,0.5,38.1,91.4,0,252,12
Centre (Ouaga),2025,12,1.6,36.9,87.3,0,379,5
Centre (Ouaga),2025,13,0.9,35.8,75.9,0,408,23
Centre (Ouaga),2025,14,4.3,36.8,83.5,0,332,11
Centre (Ouaga),2025,15,1.1,34.6,75.8,1,406,22
Centre (Ouaga),2025,16,1.4,40.3,80.4,1,424,20
Centre (Ouaga),2025,17,3.6,39.6,86.2,0,310,11
Centre (Ouaga),2025,18,4.8,37.7,92.0,0,302,21
Centre (Ouaga),2025,19,0.6,31.9,82.9,0,285,27
Centre (Ouaga),2025,20,4.4,30.8,88.3,0,326,17
Centre (Ouaga),2025,21,0.3,28.0,75.4,0,407,16
Centre (Ouaga),2025,22,35.5,26.4,84.2,0,363,18
Centre (Ouaga),2025,23,28.4,26.1,81.4,0,246,9
Centre (Ouaga),2025,24,62.9,27.9,76.6,0,431,25
Centre (Ouaga),2025,25,90.2,32.1,79.5,1,297,12
Centre (Ouaga),2025,26,73.2,32.3,93.7,1,1861,15
Centre (Ouaga),2025,27,42.2,32.5,92.1,0,1767,13
Centre (Ouaga),2025,28,81.5,29.4,88.1,0,1574,23
Centre (Ouaga),2025,29,22.6,30.1,91.5,0,2169,28
Centre (Ouaga),2025,30,89.7,28.3,92.9,0,1742,14
Centre (Ouaga),2025,31,99.7,31.8,76.7,0,2050,17
Centre (Ouaga),2025,32,95.2,27.8,89.7,0,1803,7
Centre (Ouaga),2025,33,90.9,32.6,85.6,0,1960,12
Centre (Ouaga),2025,34,72.6,25.6,90.0,0,1714,15
Centre (Ouaga),2025,35,38.6,30.0,87.3,0,2260,5
Centre (Ouaga),2025,36,80.2,31.2,91.7,0,1360,10
Centre (Ouaga),2025,37,41.9,29.8,78.2,0,2137,26
Centre (Ouaga),2025,38,108.2,29.6,92.2,0,1632,252
Centre (Ouaga),2025,39,70.1,26.2,78.2,0,1974,252
Centre (Ouaga),2025,40,44.7,31.6,93.6,0,1390,239
Centre (Ouaga),2025,41,1.4,26.9,87.4,0,2114,313
Centre (Ouaga),2025,42,4.5,32.2,76.6,0,1448,166
Centre (Ouaga),2025,43,3.6,32.9,83.7,0,1589,276
Centre (Ouaga),2025,44,2.9,30.5,80.6,0,1869,185
Centre (Ouaga),2025,45,4.2,32.5,89.8,0,1785,185
Centre (Ouaga),2025,46,2.6,28.0,87.4,0,1993,343
Centre (Ouaga),2025,47,2.6,30.1,79.3,0,397,6
Centre (Ouaga),2025,48,4.1,32.1,80.6,0,428,21
Centre (Ouaga),2025,49,4.6,29.9,90.0,0,265,18
Centre (Ouaga),2025,50,2.2,29.1,80.6,0,310,24
Centre (Ouaga),2025,51,4.8,32.4,77.6,0,243,8
Centre (Ouaga),2025,52,4.3,31.4,75.7,0,275,20
Centre (Ouaga),2026,1,1.5,32.8,91.0,0,295,11
Centre (Ouaga),2026,2,2.2,27.2,80.4,0,317,28
Centre (Ouaga),2026,3,3.7,30.2,80.2,0,360,5
Centre (Ouaga),2026,4,2.8,27.9,87.4,0,231,29
Centre (Ouaga),2026,5,4.4,26.3,94.8,0,429,5
Centre (Ouaga),2026,6,1.7,33.0,90.1,0,378,19
Centre (Ouaga),2026,7,2.7,31.1,88.1,0,348,24
Centre (Ouaga),2026,8,0.5,32.4,92.6,0,377,28
Centre (Ouaga),2026,9,2.6,29.3,84.2,0,227,24
Centre (Ouaga),2026,10,3.6,39.1,83.9,0,230,18
Centre (Ouaga),2026,11,4.8,34.5,79.4,0,240,7
Centre (Ouaga),2026,12,0.4,36.8,92.7,0,339,17
Centre (Ouaga),2026,13,3.9,34.3,91.2,0,396,28
Centre (Ouaga),2026,14,1.7,38.2,92.7,0,294,18
Centre (Ouaga),2026,15,0.1,36.6,83.7,1,404,9
Centre (Ouaga),2026,16,4.6,37.2,85.9,1,389,6
Centre (Ouaga),2026,17,1.5,39.4,89.7,0,354,5
Centre (Ouaga),2026,18,2.5,39.7,85.6,0,273,26
Centre (Ouaga),2026,19,1.6,28.1,84.6,0,255,28
Centre (Ouaga),2026,20,2.3,30.4,93.2,0,359,15
Centre (Ouaga),2026,21,4.2,27.2,78.8,0,383,8
Centre (Ouaga),2026,22,75.0,28.8,76.2,0,391,17
Centre (Ouaga),2026,23,24.0,26.7,76.8,0,233,27
Centre (Ouaga),2026,24,55.0,29.9,77.2,0,256,6
Centre (Ouaga),2026,25,37.1,30.7,82.2,1,265,27
Centre (Ouaga),2026,26,106.3,32.1,78.6,1,1532,19
Centre (Ouaga),2026,27,103.5,32.3,87.0,0,2082,20
Centre (Ouaga),2026,28,77.5,27.3,80.0,0,1922,19
Centre (Ouaga),2026,29,50.6,25.8,85.6,0,1890,24
Centre (Ouaga),2026,30,93.4,27.7,92.4,0,1818,24
Centre (Ouaga),2026,31,101.6,32.8,81.0,0,1384,12
Centre (Ouaga),2026,32,74.1,30.5,79.8,0,1683,26
Centre (Ouaga),2026,33,53.8,29.0,84.5,0,2210,21
Centre (Ouaga),2026,34,106.0,31.2,75.4,0,1972,17
Centre (Ouaga),2026,35,101.2,29.1,81.5,0,1827,21
Centre (Ouaga),2026,36,38.8,25.6,91.2,0,1316,29
Centre (Ouaga),2026,37,52.0,31.2,90.8,0,1552,27
Centre (Ouaga),2026,38,53.7,32.7,80.8,0,1972,306
Centre (Ouaga),2026,39,66.9,26.4,81.4,0,2058,192
Centre (Ouaga),2026,40,78.0,32.1,81.3,0,1506,160
Centre (Ouaga),2026,41,4.3,31.1,76.5,0,1448,339
Centre (Ouaga),2026,42,1.6,31.8,86.0,0,1833,246
Centre (Ouaga),2026,43,2.6,26.5,77.3,0,1365,149
Centre (Ouaga),2026,44,4.7,31.9,94.7,0,1481,151
Centre (Ouaga),2026,45,4.7,30.0,79.5,0,1459,256
Centre (Ouaga),2026,46,1.8,32.3,93.2,0,1520,207
Centre (Ouaga),2026,47,1.9,29.2,88.8,0,233,14
Centre (Ouaga),2026,48,3.9,31.5,85.9,0,273,13
Centre (Ouaga),2026,49,4.0,33.0,79.4,0,391,14
Centre (Ouaga),2026,50,1.7,25.7,75.6,0,335,26
Centre (Ouaga),2026,51,3.0,32.3,76.9,0,240,17
Centre (Ouaga),2026,52,3.5,29.1,87.3,0,406,17
Hauts-Bassins (Bobo),2013,1,0.6,29.8,92.4,0,322,21
Hauts-Bassins (Bobo),2013,2,1.3,31.4,93.0,0,485,14
Hauts-Bassins (Bobo),2013,3,0.3,32.0,93.5,0,367,23
Hauts-Bassins (Bobo),2013,4,3.0,30.0,93.6,0,301,27
Hauts-Bassins (Bobo),2013,5,1.3,28.5,83.1,0,359,15
Hauts-Bassins (Bobo),2013,6,1.5,32.8,92.8,0,398,24
Hauts-Bassins (Bobo),2013,7,1.2,32.2,94.8,0,406,22
Hauts-Bassins (Bobo),2013,8,3.6,28.9,79.3,0,339,15
Hauts-Bassins (Bobo),2013,9,2.1,32.9,79.8,0,423,24
Hauts-Bassins (Bobo),2013,10,5.0,35.8,84.4,0,497,27
Hauts-Bassins (Bobo),2013,11,2.6,39.8,87.5,0,365,14
Hauts-Bassins (Bobo),2013,12,3.8,38.4,82.9,0,421,11
Hauts-Bassins (Bobo),2013,13,2.5,40.8,81.5,0,408,26
Hauts-Bassins (Bobo),2013,14,1.9,35.1,93.2,0,434,22
Hauts-Bassins (Bobo),2013,15,1.1,38.9,91.0,0,400,25
Hauts-Bassins (Bobo),2013,16,1.6,40.1,84.1,0,447,12
Hauts-Bassins (Bobo),2013,17,1.7,37.1,81.7,0,539,17
Hauts-Bassins (Bobo),2013,18,3.0,40.0,93.3,0,533,11
Hauts-Bassins (Bobo),2013,19,3.2,29.4,92.4,0,504,21
Hauts-Bassins (Bobo),2013,20,1.3,26.9,79.6,0,590,12
Hauts-Bassins (Bobo),2013,21,4.8,28.8,85.5,0,583,5
Hauts-Bassins (Bobo),2013,22,38.7,28.2,95.0,0,484,20
Hauts-Bassins (Bobo),2013,23,93.4,28.5,76.1,0,438,29
Hauts-Bassins (Bobo),2013,24,77.9,27.8,93.2,0,545,29
Hauts-Bassins (Bobo),2013,25,28.5,27.8,80.5,0,370,25
Hauts-Bassins (Bobo),2013,26,29.8,26.7,76.5,0,2491,22
Hauts-Bassins (Bobo),2013,27,111.2,32.5,95.0,0,1941,21
Hauts-Bassins (Bobo),2013,28,92.2,31.6,77.7,0,2775,29
Hauts-Bassins (Bobo),2013,29,95.6,27.3,81.3,0,2883,7
Hauts-Bassins (Bobo),2013,30,49.9,32.6,86.4,0,2280,24
Hauts-Bassins (Bobo),2013,31,23.4,32.9,92.2,0,2435,20
Hauts-Bassins (Bobo),2013,32,85.4,27.4,81.9,0,2591,18
Hauts-Bassins (Bobo),2013,33,117.1,31.7,76.1,0,2850,10
Hauts-Bassins (Bobo),2013,34,36.1,29.4,83.8,0,2549,7
Hauts-Bassins (Bobo),2013,35,110.5,26.0,82.2,0,1777,12
Hauts-Bassins (Bobo),2013,36,81.2,25.8,93.4,0,2155,9
Hauts-Bassins (Bobo),2013,37,23.3,26.0,80.2,0,2350,28
Hauts-Bassins (Bobo),2013,38,41.0,30.6,80.2,0,2484,53
Hauts-Bassins (Bobo),2013,39,102.7,31.7,86.2,0,2156,83
Hauts-Bassins (Bobo),2013,40,109.3,32.4,75.4,0,2406,57
Hauts-Bassins (Bobo),2013,41,1.9,26.9,87.9,0,1941,84
Hauts-Bassins (Bobo),2013,42,4.5,28.3,77.5,0,2090,40
Hauts-Bassins (Bobo),2013,43,3.6,27.2,89.8,0,2424,72
Hauts-Bassins (Bobo),2013,44,3.3,31.9,84.1,0,2083,54
Hauts-Bassins (Bobo),2013,45,2.3,26.3,75.9,0,2510,32
Hauts-Bassins (Bobo),2013,46,4.7,27.9,92.2,0,2103,85
Hauts-Bassins (Bobo),2013,47,1.8,31.8,85.7,0,309,8
Hauts-Bassins (Bobo),2013,48,0.4,29.7,81.0,0,569,22
Hauts-Bassins (Bobo),2013,49,1.5,28.9,85.9,0,438,7
Hauts-Bassins (Bobo),2013,50,4.9,26.9,94.2,0,377,16
Hauts-Bassins (Bobo),2013,51,2.6,27.0,83.0,0,390,15
Hauts-Bassins (Bobo),2013,52,2.2,29.1,88.0,0,526,13
Hauts-Bassins (Bobo),2014,1,1.5,29.2,82.1,0,570,12
Hauts-Bassins (Bobo),2014,2,0.2,25.7,84.6,0,559,10
Hauts-Bassins (Bobo),2014,3,3.4,30.6,92.8,0,303,8
Hauts-Bassins (Bobo),2014,4,1.2,31.9,92.1,0,579,19
Hauts-Bassins (Bobo),2014,5,0.7,25.5,84.6,0,367,9
Hauts-Bassins (Bobo),2014,6,1.0,27.9,94.4,0,489,12
Hauts-Bassins (Bobo),2014,7,2.7,25.7,86.4,0,555,9
Hauts-Bassins (Bobo),2014,8,5.0,27.1,91.1,0,391,15
Hauts-Bassins (Bobo),2014,9,3.9,26.1,86.5,0,546,29
Hauts-Bassins (Bobo),2014,10,4.0,39.8,91.5,0,351,22
Hauts-Bassins (Bobo),2014,11,3.4,34.8,84.0,0,548,20
Hauts-Bassins (Bobo),2014,12,0.4,38.8,88.3,0,571,9
Hauts-Bassins (Bobo),2014,13,3.8,34.4,91.1,0,470,19
Hauts-Bassins (Bobo),2014,14,3.3,39.4,94.6,0,404,6
Hauts-Bassins (Bobo),2014,15,4.4,35.7,91.5,0,406,7
Hauts-Bassins (Bobo),2014,16,4.2,40.8,88.2,0,457,20
Hauts-Bassins (Bobo),2014,17,4.0,39.0,75.2,0,515,26
Hauts-Bassins (Bobo),2014,18,2.4,38.3,75.1,0,562,10
Hauts-Bassins (Bobo),2014,19,2.5,31.3,79.4,0,479,17
Hauts-Bassins (Bobo),2014,20,1.3,31.5,80.9,0,555,19
Hauts-Bassins (Bobo),2014,21,1.6,27.2,94.0,0,515,7
Hauts-Bassins (Bobo),2014,22,108.4,31.1,90.2,0,396,29
Hauts-Bassins (Bobo),2014,23,66.0,30.6,82.0,0,472,13
Hauts-Bassins (Bobo),2014,24,103.4,32.9,90.5,0,543,14
Hauts-Bassins (Bobo),2014,25,72.7,29.3,94.5,0,472,13
Hauts-Bassins (Bobo),2014,26,32.6,29.0,93.3,0,2315,18
Hauts-Bassins (Bobo),2014,27,74.2,32.8,91.3,0,2004,13
Hauts-Bassins (Bobo),2014,28,107.6,31.7,79.4,0,1811,6
Hauts-Bassins (Bobo),2014,29,60.7,32.0,83.7,0,1828,17
Hauts-Bassins (Bobo),2014,30,50.5,27.1,89.6,0,2839,27
Hauts-Bassins (Bobo),2014,31,111.3,29.3,91.2,0,2804,12
Hauts-Bassins (Bobo),2014,32,77.3,30.9,75.7,0,2914,27
Hauts-Bassins (Bobo),2014,33,38.4,29.2,83.9,0,2793,16
Hauts-Bassins (Bobo),2014,34,87.5,30.0,75.4,0,2430,11
Hauts-Bassins (Bobo),2014,35,80.7,31.2,82.9,0,1946,25
Hauts-Bassins (Bobo),2014,36,37.7,26.2,94.3,0,1744,23
Hauts-Bassins (Bobo),2014,37,66.5,26.3,91.7,0,2644,21
Hauts-Bassins (Bobo),2014,38,20.1,27.6,90.8,0,2155,59
Hauts-Bassins (Bobo),2014,39,94.5,28.8,77.9,0,1747,99
Hauts-Bassins (Bobo),2014,40,31.4,25.2,88.9,0,1967,44
Hauts-Bassins (Bobo),2014,41,2.7,30.4,94.0,0,2681,54
Hauts-Bassins (Bobo),2014,42,1.7,32.0,87.7,0,1856,88
Hauts-Bassins (Bobo),2014,43,0.9,30.8,75.6,0,2275,84
Hauts-Bassins (Bobo),2014,44,2.8,28.0,78.7,0,2877,83
Hauts-Bassins (Bobo),2014,45,0.3,25.4,83.5,0,2295,44
Hauts-Bassins (Bobo),2014,46,2.3,30.4,89.3,0,2278,67
Hauts-Bassins (Bobo),2014,47,2.1,28.3,90.2,0,308,24
Hauts-Bassins (Bobo),2014,48,4.2,29.3,89.6,0,402,16
Hauts-Bassins (Bobo),2014,49,1.6,27.9,89.0,0,309,17
Hauts-Bassins (Bobo),2014,50,2.1,31.8,76.8,0,409,23
Hauts-Bassins (Bobo),2014,51,2.5,29.7,83.0,0,327,8
Hauts-Bassins (Bobo),2014,52,0.3,26.0,87.9,0,586,6
Hauts-Bassins (Bobo),2015,1,2.1,30.9,91.3,0,564,27
Hauts-Bassins (Bobo),2015,2,2.0,27.5,87.6,0,435,28
Hauts-Bassins (Bobo),2015,3,0.5,29.0,76.0,0,290,24
Hauts-Bassins (Bobo),2015,4,4.9,32.6,93.0,0,441,25
Hauts-Bassins (Bobo),2015,5,4.3,29.5,83.0,0,510,8
Hauts-Bassins (Bobo),2015,6,5.0,29.1,81.2,0,375,21
Hauts-Bassins (Bobo),2015,7,1.4,29.2,86.2,0,432,6
Hauts-Bassins (Bobo),2015,8,0.6,27.6,75.3,0,409,9
Hauts-Bassins (Bobo),2015,9,3.0,26.0,78.4,0,344,22
Hauts-Bassins (Bobo),2015,10,3.2,34.6,91.3,0,403,16
Hauts-Bassins (Bobo),2015,11,0.5,40.3,82.0,0,544,12
Hauts-Bassins (Bobo),2015,12,4.9,38.7,83.2,0,527,16
Hauts-Bassins (Bobo),2015,13,2.0,38.5,87.8,0,430,24
Hauts-Bassins (Bobo),2015,14,4.2,37.7,90.7,0,320,22
Hauts-Bassins (Bobo),2015,15,3.3,38.0,87.4,0,417,26
Hauts-Bassins (Bobo),2015,16,1.1,34.7,81.3,0,349,13
Hauts-Bassins (Bobo),2015,17,0.4,34.5,84.0,0,451,15
Hauts-Bassins (Bobo),2015,18,4.4,36.5,91.1,0,326,6
Hauts-Bassins (Bobo),2015,19,1.2,30.4,82.6,0,314,27
Hauts-Bassins (Bobo),2015,20,1.8,27.6,88.6,0,567,15
Hauts-Bassins (Bobo),2015,21,0.6,32.2,91.0,0,346,22
Hauts-Bassins (Bobo),2015,22,69.2,31.3,81.7,0,550,20
Hauts-Bassins (Bobo),2015,23,82.3,26.8,81.5,0,509,13
Hauts-Bassins (Bobo),2015,24,69.0,31.9,77.9,0,374,21
Hauts-Bassins (Bobo),2015,25,66.3,32.4,86.7,0,374,10
Hauts-Bassins (Bobo),2015,26,68.4,26.6,76.8,0,2534,7
Hauts-Bassins (Bobo),2015,27,33.6,28.7,91.4,0,2300,19
Hauts-Bassins (Bobo),2015,28,43.9,29.0,77.9,0,2316,8
Hauts-Bassins (Bobo),2015,29,51.0,26.0,76.0,0,1930,28
Hauts-Bassins (Bobo),2015,30,112.8,32.9,94.7,0,2223,16
Hauts-Bassins (Bobo),2015,31,71.0,27.3,94.2,0,1808,18
Hauts-Bassins (Bobo),2015,32,106.4,31.2,81.1,0,2191,26
Hauts-Bassins (Bobo),2015,33,25.7,25.7,94.6,0,2815,15
Hauts-Bassins (Bobo),2015,34,97.0,31.0,75.6,0,2625,5
Hauts-Bassins (Bobo),2015,35,103.8,25.8,85.7,0,1814,13
Hauts-Bassins (Bobo),2015,36,34.8,30.1,81.6,0,2051,8
Hauts-Bassins (Bobo),2015,37,69.5,28.9,83.9,0,2382,8
Hauts-Bassins (Bobo),2015,38,40.1,27.5,93.1,0,1706,86
Hauts-Bassins (Bobo),2015,39,33.2,27.9,87.6,0,2794,49
Hauts-Bassins (Bobo),2015,40,50.0,28.1,86.0,0,2556,33
Hauts-Bassins (Bobo),2015,41,1.6,31.7,82.8,0,2191,57
Hauts-Bassins (Bobo),2015,42,0.6,29.4,93.6,0,2478,64
Hauts-Bassins (Bobo),2015,43,3.4,28.3,90.7,0,1740,85
Hauts-Bassins (Bobo),2015,44,4.7,26.8,81.0,0,2055,36
Hauts-Bassins (Bobo),2015,45,3.6,29.0,75.3,0,2539,46
Hauts-Bassins (Bobo),2015,46,4.9,25.5,88.1,0,2772,41
Hauts-Bassins (Bobo),2015,47,4.2,29.0,81.7,0,492,29
Hauts-Bassins (Bobo),2015,48,4.5,32.4,81.3,0,335,13
Hauts-Bassins (Bobo),2015,49,4.5,29.9,77.0,0,307,9
Hauts-Bassins (Bobo),2015,50,3.7,30.4,85.2,0,312,5
Hauts-Bassins (Bobo),2015,51,4.4,27.6,86.6,0,481,14
Hauts-Bassins (Bobo),2015,52,2.2,25.8,79.6,0,318,18
Hauts-Bassins (Bobo),2016,1,3.6,29.8,94.2,0,483,21
Hauts-Bassins (Bobo),2016,2,0.4,28.2,77.6,0,356,22
Hauts-Bassins (Bobo),2016,3,4.9,25.7,90.5,0,560,27
Hauts-Bassins (Bobo),2016,4,0.7,28.4,94.5,0,426,13
Hauts-Bassins (Bobo),2016,5,0.5,27.0,80.5,0,539,15
Hauts-Bassins (Bobo),2016,6,1.4,25.8,90.4,0,544,7
Hauts-Bassins (Bobo),2016,7,0.9,25.1,76.2,0,457,15
Hauts-Bassins (Bobo),2016,8,2.1,31.8,86.8,0,282,13
Hauts-Bassins (Bobo),2016,9,2.6,31.9,90.4,0,310,13
Hauts-Bassins (Bobo),2016,10,3.5,39.0,91.3,0,338,13
Hauts-Bassins (Bobo),2016,11,1.3,34.2,94.6,0,283,11
Hauts-Bassins (Bobo),2016,12,4.7,36.0,93.4,0,381,19
Hauts-Bassins (Bobo),2016,13,1.8,35.8,78.5,0,499,8
Hauts-Bassins (Bobo),2016,14,3.4,40.0,80.2,0,413,9
Hauts-Bassins (Bobo),2016,15,3.3,40.8,81.8,0,376,22
Hauts-Bassins (Bobo),2016,16,0.7,40.0,85.2,0,377,29
Hauts-Bassins (Bobo),2016,17,4.6,40.5,91.8,0,437,15
Hauts-Bassins (Bobo),2016,18,4.5,36.6,75.4,0,336,26
Hauts-Bassins (Bobo),2016,19,1.0,32.1,75.7,0,410,11
Hauts-Bassins (Bobo),2016,20,3.9,31.2,78.4,0,334,6
Hauts-Bassins (Bobo),2016,21,3.6,31.0,89.3,0,475,5
Hauts-Bassins (Bobo),2016,22,70.9,26.3,87.5,0,401,20
Hauts-Bassins (Bobo),2016,23,48.6,30.8,78.4,0,408,26
Hauts-Bassins (Bobo),2016,24,87.2,27.6,83.4,0,545,24
Hauts-Bassins (Bobo),2016,25,60.9,28.5,85.1,0,515,23
Hauts-Bassins (Bobo),2016,26,119.7,30.3,92.8,0,2238,14
Hauts-Bassins (Bobo),2016,27,101.0,26.8,91.6,0,2104,5
Hauts-Bassins (Bobo),2016,28,66.9,26.6,89.0,0,2256,14
Hauts-Bassins (Bobo),2016,29,117.5,25.8,75.4,0,2626,20
Hauts-Bassins (Bobo),2016,30,36.7,31.3,94.4,0,1667,28
Hauts-Bassins (Bobo),2016,31,106.6,26.4,89.7,0,2133,20
Hauts-Bassins (Bobo),2016,32,72.2,30.2,80.3,0,2754,9
Hauts-Bassins (Bobo),2016,33,108.2,27.3,85.3,0,2814,11
Hauts-Bassins (Bobo),2016,34,118.5,32.0,89.6,0,1787,5
Hauts-Bassins (Bobo),2016,35,41.0,25.0,94.2,0,1973,5
Hauts-Bassins (Bobo),2016,36,85.5,32.0,89.0,0,2066,5
Hauts-Bassins (Bobo),2016,37,41.7,31.2,76.1,0,2787,5
Hauts-Bassins (Bobo),2016,38,70.6,31.2,77.1,0,2239,60
Hauts-Bassins (Bobo),2016,39,55.6,26.9,81.7,0,2126,94
Hauts-Bassins (Bobo),2016,40,104.2,31.5,83.0,0,1962,31
Hauts-Bassins (Bobo),2016,41,1.4,26.1,91.6,0,2621,55
Hauts-Bassins (Bobo),2016,42,0.4,25.4,92.5,0,1837,58
Hauts-Bassins (Bobo),2016,43,2.2,29.2,93.4,0,2312,77
Hauts-Bassins (Bobo),2016,44,0.7,32.4,80.8,0,2586,91
Hauts-Bassins (Bobo),2016,45,0.6,27.6,76.6,0,2684,48
Hauts-Bassins (Bobo),2016,46,0.9,32.6,94.5,0,2101,65
Hauts-Bassins (Bobo),2016,47,4.0,30.1,82.2,0,289,11
Hauts-Bassins (Bobo),2016,48,3.8,25.1,85.4,0,411,20
Hauts-Bassins (Bobo),2016,49,3.6,25.8,94.8,0,469,20
Hauts-Bassins (Bobo),2016,50,1.0,26.3,75.8,0,487,21
Hauts-Bassins (Bobo),2016,51,3.1,29.0,91.2,0,335,7
Hauts-Bassins (Bobo),2016,52,3.0,30.0,86.9,0,371,10
Hauts-Bassins (Bobo),2017,1,4.2,26.5,84.7,0,499,19
Hauts-Bassins (Bobo),2017,2,1.4,32.6,80.2,0,505,18
Hauts-Bassins (Bobo),2017,3,4.0,27.1,77.7,0,329,6
Hauts-Bassins (Bobo),2017,4,1.2,30.1,80.5,0,443,13
Hauts-Bassins (Bobo),2017,5,4.8,29.0,85.5,0,464,24
Hauts-Bassins (Bobo),2017,6,3.6,29.6,93.5,0,428,18
Hauts-Bassins (Bobo),2017,7,3.4,26.0,84.0,0,500,18
Hauts-Bassins (Bobo),2017,8,4.8,27.2,86.9,0,470,17
Hauts-Bassins (Bobo),2017,9,1.9,29.7,79.5,0,278,21
Hauts-Bassins (Bobo),2017,10,4.0,40.6,76.8,0,516,19
Hauts-Bassins (Bobo),2017,11,4.8,35.6,87.1,0,378,23
Hauts-Bassins (Bobo),2017,12,3.1,34.2,92.2,0,328,6
Hauts-Bassins (Bobo),2017,13,0.2,36.9,87.3,0,357,15
Hauts-Bassins (Bobo),2017,14,3.7,40.3,82.5,0,307,13
Hauts-Bassins (Bobo),2017,15,4.8,35.3,89.3,0,502,19
Hauts-Bassins (Bobo),2017,16,4.1,36.3,75.6,0,428,15
Hauts-Bassins (Bobo),2017,17,0.2,35.6,93.6,0,340,17
Hauts-Bassins (Bobo),2017,18,1.9,37.3,92.9,0,382,18
Hauts-Bassins (Bobo),2017,19,1.6,31.9,93.7,0,347,16
Hauts-Bassins (Bobo),2017,20,0.2,30.3,86.8,0,494,9
Hauts-Bassins (Bobo),2017,21,3.0,30.7,83.8,0,460,19
Hauts-Bassins (Bobo),2017,22,85.8,26.0,77.5,0,353,6
Hauts-Bassins (Bobo),2017,23,65.5,27.3,88.3,0,512,27
Hauts-Bassins (Bobo),2017,24,53.4,32.4,93.3,0,288,18
Hauts-Bassins (Bobo),2017,25,67.3,27.1,94.5,0,368,22
Hauts-Bassins (Bobo),2017,26,43.0,26.0,77.8,0,2650,16
Hauts-Bassins (Bobo),2017,27,103.9,28.1,92.2,0,2659,26
Hauts-Bassins (Bobo),2017,28,24.3,25.6,91.3,0,2195,9
Hauts-Bassins (Bobo),2017,29,112.0,26.9,87.6,0,1884,5
Hauts-Bassins (Bobo),2017,30,96.8,30.4,90.0,0,1799,23
Hauts-Bassins (Bobo),2017,31,85.5,25.7,87.1,0,2619,19
Hauts-Bassins (Bobo),2017,32,39.3,26.7,75.2,0,2497,27
Hauts-Bassins (Bobo),2017,33,33.6,29.9,87.7,0,1833,15
Hauts-Bassins (Bobo),2017,34,51.0,27.9,86.8,0,2623,29
Hauts-Bassins (Bobo),2017,35,90.5,31.0,91.4,0,1937,19
Hauts-Bassins (Bobo),2017,36,64.6,30.7,87.2,0,2534,9
Hauts-Bassins (Bobo),2017,37,103.4,26.7,87.9,0,2318,22
Hauts-Bassins (Bobo),2017,38,102.2,30.8,81.1,0,1664,38
Hauts-Bassins (Bobo),2017,39,52.2,28.3,79.2,0,1947,47
Hauts-Bassins (Bobo),2017,40,73.2,28.7,92.3,0,1736,50
Hauts-Bassins (Bobo),2017,41,4.4,31.2,84.4,0,2391,54
Hauts-Bassins (Bobo),2017,42,2.3,26.4,76.7,0,2214,80
Hauts-Bassins (Bobo),2017,43,2.4,31.8,86.1,0,2732,39
Hauts-Bassins (Bobo),2017,44,0.8,30.0,86.9,0,2533,62
Hauts-Bassins (Bobo),2017,45,4.1,27.2,81.5,0,2244,97
Hauts-Bassins (Bobo),2017,46,1.3,29.7,85.4,0,2685,35
Hauts-Bassins (Bobo),2017,47,2.6,28.7,77.8,0,340,5
Hauts-Bassins (Bobo),2017,48,3.1,32.8,75.9,0,327,18
Hauts-Bassins (Bobo),2017,49,4.2,26.8,85.2,0,517,28
Hauts-Bassins (Bobo),2017,50,0.8,32.4,92.8,0,495,23
Hauts-Bassins (Bobo),2017,51,3.9,32.2,80.9,0,502,8
Hauts-Bassins (Bobo),2017,52,1.1,27.0,91.2,0,532,5
Hauts-Bassins (Bobo),2018,1,1.6,29.3,76.9,0,370,26
Hauts-Bassins (Bobo),2018,2,2.8,28.1,76.6,0,336,17
Hauts-Bassins (Bobo),2018,3,2.9,29.0,85.1,0,276,13
Hauts-Bassins (Bobo),2018,4,2.4,30.0,87.6,0,382,10
Hauts-Bassins (Bobo),2018,5,1.6,32.9,92.7,0,452,5
Hauts-Bassins (Bobo),2018,6,0.5,26.4,79.0,0,533,20
Hauts-Bassins (Bobo),2018,7,4.2,30.4,84.4,0,347,15
Hauts-Bassins (Bobo),2018,8,0.8,26.9,89.5,0,316,18
Hauts-Bassins (Bobo),2018,9,2.0,29.7,81.0,0,274,22
Hauts-Bassins (Bobo),2018,10,0.6,37.3,84.0,0,506,7
Hauts-Bassins (Bobo),2018,11,2.5,35.5,86.8,0,396,18
Hauts-Bassins (Bobo),2018,12,2.9,36.1,93.4,0,446,17
Hauts-Bassins (Bobo),2018,13,1.7,36.1,91.1,0,392,16
Hauts-Bassins (Bobo),2018,14,4.8,39.8,81.2,0,308,10
Hauts-Bassins (Bobo),2018,15,0.7,35.8,88.9,0,466,19
Hauts-Bassins (Bobo),2018,16,1.2,41.0,92.7,0,347,5
Hauts-Bassins (Bobo),2018,17,3.1,34.7,82.7,0,494,9
Hauts-Bassins (Bobo),2018,18,1.5,40.2,90.5,0,508,17
Hauts-Bassins (Bobo),2018,19,1.8,30.4,78.0,0,434,22
Hauts-Bassins (Bobo),2018,20,1.9,32.1,89.8,0,520,16
Hauts-Bassins (Bobo),2018,21,4.0,28.3,76.0,0,420,21
Hauts-Bassins (Bobo),2018,22,67.7,32.1,89.4,0,299,5
Hauts-Bassins (Bobo),2018,23,54.6,25.6,94.4,0,493,24
Hauts-Bassins (Bobo),2018,24,51.8,26.8,85.8,0,361,13
Hauts-Bassins (Bobo),2018,25,91.2,28.3,83.7,0,387,12
Hauts-Bassins (Bobo),2018,26,93.1,30.0,84.2,0,2237,5
Hauts-Bassins (Bobo),2018,27,22.2,29.3,75.1,0,2498,29
Hauts-Bassins (Bobo),2018,28,57.4,25.0,89.7,0,2145,22
Hauts-Bassins (Bobo),2018,29,23.5,26.2,79.6,0,2449,16
Hauts-Bassins (Bobo),2018,30,89.0,31.1,90.0,0,2361,13
Hauts-Bassins (Bobo),2018,31,80.6,29.2,87.6,0,2404,25
Hauts-Bassins (Bobo),2018,32,55.8,29.4,87.2,0,1644,7
Hauts-Bassins (Bobo),2018,33,49.5,28.9,81.8,0,2634,21
Hauts-Bassins (Bobo),2018,34,70.5,28.2,87.5,0,1936,22
Hauts-Bassins (Bobo),2018,35,90.6,28.6,79.6,0,2569,9
Hauts-Bassins (Bobo),2018,36,109.4,26.4,76.2,0,2534,6
Hauts-Bassins (Bobo),2018,37,62.5,30.9,86.6,0,1673,28
Hauts-Bassins (Bobo),2018,38,109.1,28.3,91.7,0,2027,59
Hauts-Bassins (Bobo),2018,39,75.4,29.4,77.4,0,2200,60
Hauts-Bassins (Bobo),2018,40,91.5,25.8,94.4,0,1777,81
Hauts-Bassins (Bobo),2018,41,4.2,27.6,77.5,0,1822,96
Hauts-Bassins (Bobo),2018,42,0.5,31.9,82.1,0,1670,60
Hauts-Bassins (Bobo),2018,43,2.2,28.1,85.2,0,2408,64
Hauts-Bassins (Bobo),2018,44,1.1,31.1,79.2,0,1783,91
Hauts-Bassins (Bobo),2018,45,4.8,27.3,87.7,0,2522,63
Hauts-Bassins (Bobo),2018,46,2.9,31.1,81.8,0,2028,32
Hauts-Bassins (Bobo),2018,47,3.0,30.3,77.5,0,494,22
Hauts-Bassins (Bobo),2018,48,2.8,30.8,82.3,0,367,6
Hauts-Bassins (Bobo),2018,49,4.4,28.9,94.6,0,405,26
Hauts-Bassins (Bobo),2018,50,3.4,26.6,83.9,0,410,27
Hauts-Bassins (Bobo),2018,51,0.8,27.8,76.5,0,333,18
Hauts-Bassins (Bobo),2018,52,3.7,25.6,92.3,0,382,13
Hauts-Bassins (Bobo),2019,1,4.4,29.8,87.1,0,287,25
Hauts-Bassins (Bobo),2019,2,4.2,30.8,81.7,0,427,19
Hauts-Bassins (Bobo),2019,3,4.0,27.1,87.0,0,362,14
Hauts-Bassins (Bobo),2019,4,0.8,27.7,85.1,0,460,21
Hauts-Bassins (Bobo),2019,5,0.7,31.9,84.4,0,425,9
Hauts-Bassins (Bobo),2019,6,3.6,26.5,85.4,0,328,18
Hauts-Bassins (Bobo),2019,7,1.5,31.3,94.4,0,472,6
Hauts-Bassins (Bobo),2019,8,0.3,31.5,91.6,0,271,7
Hauts-Bassins (Bobo),2019,9,1.1,29.8,79.9,0,481,11
Hauts-Bassins (Bobo),2019,10,4.4,40.5,85.6,0,392,9
Hauts-Bassins (Bobo),2019,11,4.6,40.2,75.2,0,305,19
Hauts-Bassins (Bobo),2019,12,0.0,39.7,85.9,0,432,26
Hauts-Bassins (Bobo),2019,13,2.5,38.1,91.4,0,409,24
Hauts-Bassins (Bobo),2019,14,0.9,38.2,81.3,0,315,7
Hauts-Bassins (Bobo),2019,15,3.5,37.5,77.9,0,287,10
Hauts-Bassins (Bobo),2019,16,3.1,36.1,91.9,0,409,10
Hauts-Bassins (Bobo),2019,17,0.7,40.8,76.1,0,291,24
Hauts-Bassins (Bobo),2019,18,2.4,34.9,78.2,0,387,27
Hauts-Bassins (Bobo),2019,19,2.7,31.1,79.8,0,472,22
Hauts-Bassins (Bobo),2019,20,4.4,25.1,88.0,0,514,5
Hauts-Bassins (Bobo),2019,21,2.5,32.7,88.0,0,290,28
Hauts-Bassins (Bobo),2019,22,119.5,29.2,91.0,0,443,19
Hauts-Bassins (Bobo),2019,23,92.8,32.3,93.1,0,366,13
Hauts-Bassins (Bobo),2019,24,110.5,31.3,89.8,0,282,18
Hauts-Bassins (Bobo),2019,25,70.4,28.8,81.1,0,424,20
Hauts-Bassins (Bobo),2019,26,29.6,32.6,84.7,0,2398,27
Hauts-Bassins (Bobo),2019,27,70.7,31.2,79.3,0,2224,14
Hauts-Bassins (Bobo),2019,28,56.2,31.4,84.2,0,2459,19
Hauts-Bassins (Bobo),2019,29,69.0,29.8,84.5,0,2483,20
Hauts-Bassins (Bobo),2019,30,86.1,25.9,80.3,0,1624,15
Hauts-Bassins (Bobo),2019,31,53.7,32.9,89.3,0,2626,7
Hauts-Bassins (Bobo),2019,32,29.5,31.9,87.6,0,1818,9
Hauts-Bassins (Bobo),2019,33,47.0,26.5,78.3,0,1703,14
Hauts-Bassins (Bobo),2019,34,51.7,31.0,80.7,0,2446,5
Hauts-Bassins (Bobo),2019,35,68.5,30.8,90.7,0,2088,26
Hauts-Bassins (Bobo),2019,36,103.7,31.4,77.9,0,1963,13
Hauts-Bassins (Bobo),2019,37,62.3,27.8,84.6,0,1637,6
Hauts-Bassins (Bobo),2019,38,86.6,28.2,87.3,0,2228,95
Hauts-Bassins (Bobo),2019,39,43.3,26.7,84.1,0,1874,77
Hauts-Bassins (Bobo),2019,40,113.4,30.1,79.2,0,2127,72
Hauts-Bassins (Bobo),2019,41,4.4,29.1,89.8,0,2570,46
Hauts-Bassins (Bobo),2019,42,0.2,25.6,80.2,0,2261,87
Hauts-Bassins (Bobo),2019,43,3.5,31.7,87.1,0,2375,86
Hauts-Bassins (Bobo),2019,44,1.5,26.4,85.2,0,2117,65
Hauts-Bassins (Bobo),2019,45,3.6,27.8,90.1,0,2440,34
Hauts-Bassins (Bobo),2019,46,0.1,31.2,78.3,0,2145,46
Hauts-Bassins (Bobo),2019,47,3.4,28.5,75.3,0,274,5
Hauts-Bassins (Bobo),2019,48,2.0,27.8,94.7,0,311,27
Hauts-Bassins (Bobo),2019,49,2.2,25.1,91.6,0,323,5
Hauts-Bassins (Bobo),2019,50,0.6,26.0,90.9,0,498,7
Hauts-Bassins (Bobo),2019,51,4.8,27.8,91.0,0,413,14
Hauts-Bassins (Bobo),2019,52,1.2,27.2,78.2,0,445,14
Hauts-Bassins (Bobo),2020,1,3.7,26.0,83.6,0,472,8
Hauts-Bassins (Bobo),2020,2,3.5,32.3,87.7,0,471,6
Hauts-Bassins (Bobo),2020,3,3.7,29.5,85.2,0,417,6
Hauts-Bassins (Bobo),2020,4,2.5,28.7,91.8,0,385,13
Hauts-Bassins (Bobo),2020,5,1.5,29.1,93.1,0,477,11
Hauts-Bassins (Bobo),2020,6,1.2,30.1,93.8,0,370,7
Hauts-Bassins (Bobo),2020,7,3.7,29.5,83.5,0,504,6
Hauts-Bassins (Bobo),2020,8,0.8,31.1,92.9,0,514,8
Hauts-Bassins (Bobo),2020,9,2.5,32.0,84.0,0,337,15
Hauts-Bassins (Bobo),2020,10,3.8,34.5,86.8,0,398,25
Hauts-Bassins (Bobo),2020,11,4.1,39.9,78.2,0,464,6
Hauts-Bassins (Bobo),2020,12,3.7,36.4,84.9,0,385,25
Hauts-Bassins (Bobo),2020,13,1.3,37.4,80.9,0,361,8
Hauts-Bassins (Bobo),2020,14,3.8,34.1,89.5,0,403,7
Hauts-Bassins (Bobo),2020,15,4.7,38.0,88.4,0,433,13
Hauts-Bassins (Bobo),2020,16,1.0,35.4,86.2,0,346,15
Hauts-Bassins (Bobo),2020,17,1.6,36.8,86.3,0,320,27
Hauts-Bassins (Bobo),2020,18,2.1,36.4,94.8,0,451,27
Hauts-Bassins (Bobo),2020,19,1.4,30.2,75.4,0,462,6
Hauts-Bassins (Bobo),2020,20,1.9,30.7,81.9,0,312,20
Hauts-Bassins (Bobo),2020,21,3.1,29.4,76.4,0,324,28
Hauts-Bassins (Bobo),2020,22,21.3,26.2,83.2,0,500,13
Hauts-Bassins (Bobo),2020,23,32.2,29.1,90.8,0,428,12
Hauts-Bassins (Bobo),2020,24,33.7,28.6,85.7,0,507,14
Hauts-Bassins (Bobo),2020,25,76.4,31.2,84.9,0,396,11
Hauts-Bassins (Bobo),2020,26,95.2,29.4,83.7,0,1586,20
Hauts-Bassins (Bobo),2020,27,24.2,32.9,75.3,0,2571,18
Hauts-Bassins (Bobo),2020,28,23.5,29.9,92.4,0,2213,8
Hauts-Bassins (Bobo),2020,29,59.3,31.6,80.3,0,2373,18
Hauts-Bassins (Bobo),2020,30,25.1,31.2,89.6,0,2050,20
Hauts-Bassins (Bobo),2020,31,101.0,25.1,92.4,0,1753,20
Hauts-Bassins (Bobo),2020,32,28.7,32.5,88.2,0,1841,7
Hauts-Bassins (Bobo),2020,33,40.9,32.9,79.3,0,2370,17
Hauts-Bassins (Bobo),2020,34,42.7,32.4,88.3,0,1960,19
Hauts-Bassins (Bobo),2020,35,103.2,25.9,93.5,0,2051,20
Hauts-Bassins (Bobo),2020,36,27.9,25.9,78.3,0,2030,20
Hauts-Bassins (Bobo),2020,37,89.4,26.7,94.6,0,2072,8
Hauts-Bassins (Bobo),2020,38,24.1,26.1,82.8,0,2033,207
Hauts-Bassins (Bobo),2020,39,90.1,25.1,86.9,0,1932,329
Hauts-Bassins (Bobo),2020,40,53.7,29.3,87.0,0,1643,318
Hauts-Bassins (Bobo),2020,41,2.4,31.0,86.7,0,2286,291
Hauts-Bassins (Bobo),2020,42,1.7,29.4,78.9,0,2314,384
Hauts-Bassins (Bobo),2020,43,0.8,27.2,75.8,0,1723,381
Hauts-Bassins (Bobo),2020,44,4.7,28.4,85.7,0,2276,340
Hauts-Bassins (Bobo),2020,45,2.7,26.0,75.6,0,1919,365
Hauts-Bassins (Bobo),2020,46,0.6,25.6,86.0,0,2305,304
Hauts-Bassins (Bobo),2020,47,2.1,26.1,89.4,0,341,29
Hauts-Bassins (Bobo),2020,48,2.7,25.7,79.7,0,466,25
Hauts-Bassins (Bobo),2020,49,3.5,31.3,84.6,0,408,9
Hauts-Bassins (Bobo),2020,50,1.1,25.5,83.6,0,370,21
Hauts-Bassins (Bobo),2020,51,2.0,25.1,79.2,0,412,22
Hauts-Bassins (Bobo),2020,52,1.3,29.3,81.8,0,498,18
Hauts-Bassins (Bobo),2021,1,3.6,29.2,79.9,0,417,8
Hauts-Bassins (Bobo),2021,2,2.5,27.2,93.1,0,290,25
Hauts-Bassins (Bobo),2021,3,2.9,28.2,83.7,0,388,7
Hauts-Bassins (Bobo),2021,4,3.9,26.9,80.6,0,463,13
Hauts-Bassins (Bobo),2021,5,0.7,31.6,94.1,0,268,27
Hauts-Bassins (Bobo),2021,6,4.3,27.8,94.0,0,410,20
Hauts-Bassins (Bobo),2021,7,4.6,30.7,92.3,0,333,9
Hauts-Bassins (Bobo),2021,8,0.3,31.3,94.5,0,465,26
Hauts-Bassins (Bobo),2021,9,1.8,29.9,76.6,0,391,19
Hauts-Bassins (Bobo),2021,10,0.1,36.1,76.2,0,472,26
Hauts-Bassins (Bobo),2021,11,3.7,37.2,76.7,0,391,19
Hauts-Bassins (Bobo),2021,12,1.7,36.4,88.5,0,460,6
Hauts-Bassins (Bobo),2021,13,3.6,38.7,77.1,0,474,6
Hauts-Bassins (Bobo),2021,14,2.8,39.5,76.1,0,453,6
Hauts-Bassins (Bobo),2021,15,1.3,39.0,78.5,0,332,29
Hauts-Bassins (Bobo),2021,16,4.4,36.7,83.4,0,327,25
Hauts-Bassins (Bobo),2021,17,1.2,35.1,93.9,0,285,14
Hauts-Bassins (Bobo),2021,18,0.4,41.0,82.7,0,363,27
Hauts-Bassins (Bobo),2021,19,4.3,25.1,80.9,0,409,11
Hauts-Bassins (Bobo),2021,20,2.3,32.9,89.4,0,315,11
Hauts-Bassins (Bobo),2021,21,1.5,29.5,81.5,0,284,23
Hauts-Bassins (Bobo),2021,22,66.8,30.0,89.0,0,273,5
Hauts-Bassins (Bobo),2021,23,117.3,27.9,88.1,0,431,24
Hauts-Bassins (Bobo),2021,24,48.7,31.9,85.1,0,286,26
Hauts-Bassins (Bobo),2021,25,36.2,27.9,84.0,0,390,17
Hauts-Bassins (Bobo),2021,26,115.4,30.6,81.2,0,1781,8
Hauts-Bassins (Bobo),2021,27,90.1,33.0,77.3,0,2051,17
Hauts-Bassins (Bobo),2021,28,44.4,27.2,86.2,0,2245,25
Hauts-Bassins (Bobo),2021,29,73.3,30.5,93.0,0,1742,21
Hauts-Bassins (Bobo),2021,30,87.5,27.5,87.8,0,1615,9
Hauts-Bassins (Bobo),2021,31,56.4,32.6,75.7,0,2241,26
Hauts-Bassins (Bobo),2021,32,99.6,27.3,86.8,0,2087,22
Hauts-Bassins (Bobo),2021,33,29.9,29.4,75.4,0,1872,22
Hauts-Bassins (Bobo),2021,34,72.0,28.9,76.3,0,1689,5
Hauts-Bassins (Bobo),2021,35,98.4,27.5,75.4,0,2047,26
Hauts-Bassins (Bobo),2021,36,78.5,26.1,84.6,0,2307,17
Hauts-Bassins (Bobo),2021,37,79.5,31.2,84.5,0,2058,23
Hauts-Bassins (Bobo),2021,38,79.4,25.5,80.4,0,2472,367
Hauts-Bassins (Bobo),2021,39,85.6,25.5,92.9,0,2383,189
Hauts-Bassins (Bobo),2021,40,49.0,27.4,90.8,0,1570,291
Hauts-Bassins (Bobo),2021,41,0.1,32.8,91.3,0,1878,126
Hauts-Bassins (Bobo),2021,42,1.3,31.7,88.3,0,2207,280
Hauts-Bassins (Bobo),2021,43,0.4,32.5,93.2,0,2282,131
Hauts-Bassins (Bobo),2021,44,2.0,31.9,77.0,0,2130,290
Hauts-Bassins (Bobo),2021,45,4.7,29.7,83.3,0,2031,148
Hauts-Bassins (Bobo),2021,46,3.6,26.6,93.8,0,2019,190
Hauts-Bassins (Bobo),2021,47,0.4,31.4,80.6,0,395,15
Hauts-Bassins (Bobo),2021,48,1.6,28.4,87.9,0,392,24
Hauts-Bassins (Bobo),2021,49,0.5,30.4,81.6,0,264,15
Hauts-Bassins (Bobo),2021,50,3.6,32.2,77.7,0,341,26
Hauts-Bassins (Bobo),2021,51,2.3,28.7,87.3,0,400,15
Hauts-Bassins (Bobo),2021,52,3.1,31.9,81.0,0,295,28
Hauts-Bassins (Bobo),2022,1,1.9,26.3,91.8,0,457,15
Hauts-Bassins (Bobo),2022,2,2.1,29.2,85.7,0,355,8
Hauts-Bassins (Bobo),2022,3,1.5,25.2,85.2,0,322,5
Hauts-Bassins (Bobo),2022,4,2.7,26.3,84.9,0,356,6
Hauts-Bassins (Bobo),2022,5,4.3,26.0,85.2,0,459,6
Hauts-Bassins (Bobo),2022,6,4.5,26.1,79.6,0,464,27
Hauts-Bassins (Bobo),2022,7,1.3,27.3,83.7,0,375,18
Hauts-Bassins (Bobo),2022,8,0.6,28.9,84.0,0,425,7
Hauts-Bassins (Bobo),2022,9,0.3,26.3,78.2,0,261,29
Hauts-Bassins (Bobo),2022,10,4.3,35.4,81.4,0,477,13
Hauts-Bassins (Bobo),2022,11,4.8,36.7,91.2,0,446,11
Hauts-Bassins (Bobo),2022,12,4.9,36.5,83.0,0,478,26
Hauts-Bassins (Bobo),2022,13,5.0,40.4,83.2,0,377,28
Hauts-Bassins (Bobo),2022,14,4.2,38.9,83.2,0,340,7
Hauts-Bassins (Bobo),2022,15,3.3,35.2,88.5,0,437,27
Hauts-Bassins (Bobo),2022,16,1.3,36.4,82.1,0,276,19
Hauts-Bassins (Bobo),2022,17,0.3,40.4,83.0,0,404,29
Hauts-Bassins (Bobo),2022,18,4.1,34.8,86.8,0,443,6
Hauts-Bassins (Bobo),2022,19,2.1,30.0,80.0,0,464,22
Hauts-Bassins (Bobo),2022,20,4.3,30.0,89.7,0,394,28
Hauts-Bassins (Bobo),2022,21,2.8,25.4,75.6,0,399,21
Hauts-Bassins (Bobo),2022,22,53.0,29.8,91.9,0,442,6
Hauts-Bassins (Bobo),2022,23,36.0,25.5,88.9,0,302,29
Hauts-Bassins (Bobo),2022,24,75.8,29.2,83.8,0,448,9
Hauts-Bassins (Bobo),2022,25,32.9,29.7,83.2,0,383,29
Hauts-Bassins (Bobo),2022,26,27.1,28.5,84.8,0,2021,16
Hauts-Bassins (Bobo),2022,27,87.9,31.5,94.0,0,2454,7
Hauts-Bassins (Bobo),2022,28,119.4,31.1,84.7,0,1882,6
Hauts-Bassins (Bobo),2022,29,105.1,25.1,77.2,0,1575,5
Hauts-Bassins (Bobo),2022,30,33.0,29.7,88.4,0,1568,6
Hauts-Bassins (Bobo),2022,31,63.3,30.6,86.1,0,2338,29
Hauts-Bassins (Bobo),2022,32,76.9,26.9,79.1,0,2117,11
Hauts-Bassins (Bobo),2022,33,91.5,26.2,79.0,0,2018,13
Hauts-Bassins (Bobo),2022,34,49.0,25.3,89.8,0,1680,9
Hauts-Bassins (Bobo),2022,35,21.6,30.3,94.0,0,2302,25
Hauts-Bassins (Bobo),2022,36,81.2,31.3,75.6,0,1889,13
Hauts-Bassins (Bobo),2022,37,98.8,28.7,95.0,0,2348,9
Hauts-Bassins (Bobo),2022,38,62.6,32.5,91.8,0,2128,352
Hauts-Bassins (Bobo),2022,39,114.5,30.8,78.4,0,1456,389
Hauts-Bassins (Bobo),2022,40,103.2,31.8,77.7,0,1832,382
Hauts-Bassins (Bobo),2022,41,4.2,29.0,77.2,0,1441,131
Hauts-Bassins (Bobo),2022,42,3.6,28.9,83.0,0,2110,327
Hauts-Bassins (Bobo),2022,43,5.0,26.5,88.5,0,1780,156
Hauts-Bassins (Bobo),2022,44,0.3,28.9,76.2,0,2154,275
Hauts-Bassins (Bobo),2022,45,3.8,31.1,88.0,0,2211,257
Hauts-Bassins (Bobo),2022,46,3.6,25.1,89.8,0,1612,340
Hauts-Bassins (Bobo),2022,47,3.9,25.5,77.3,0,351,9
Hauts-Bassins (Bobo),2022,48,2.3,28.2,91.1,0,388,26
Hauts-Bassins (Bobo),2022,49,0.5,32.5,84.4,0,414,29
Hauts-Bassins (Bobo),2022,50,0.9,32.1,77.3,0,246,28
Hauts-Bassins (Bobo),2022,51,3.6,25.4,84.8,0,340,7
Hauts-Bassins (Bobo),2022,52,0.6,27.9,80.3,0,408,29
Hauts-Bassins (Bobo),2023,1,0.5,26.6,78.7,0,332,8
Hauts-Bassins (Bobo),2023,2,1.3,28.5,75.8,0,263,9
Hauts-Bassins (Bobo),2023,3,4.7,31.6,83.2,0,455,18
Hauts-Bassins (Bobo),2023,4,2.1,27.7,91.2,0,284,9
Hauts-Bassins (Bobo),2023,5,2.3,28.8,88.0,0,343,17
Hauts-Bassins (Bobo),2023,6,4.2,31.9,92.3,0,421,6
Hauts-Bassins (Bobo),2023,7,1.4,30.2,89.6,0,266,6
Hauts-Bassins (Bobo),2023,8,4.7,30.3,89.5,0,268,7
Hauts-Bassins (Bobo),2023,9,3.5,32.9,80.3,0,379,24
Hauts-Bassins (Bobo),2023,10,1.0,37.6,94.8,0,376,11
Hauts-Bassins (Bobo),2023,11,1.1,37.4,85.7,0,367,7
Hauts-Bassins (Bobo),2023,12,1.4,35.1,78.1,0,479,18
Hauts-Bassins (Bobo),2023,13,2.4,40.5,94.4,0,324,9
Hauts-Bassins (Bobo),2023,14,1.8,34.7,82.7,0,372,21
Hauts-Bassins (Bobo),2023,15,1.0,37.3,75.8,0,309,12
Hauts-Bassins (Bobo),2023,16,3.1,39.5,77.7,0,395,14
Hauts-Bassins (Bobo),2023,17,2.6,35.5,77.9,0,431,18
Hauts-Bassins (Bobo),2023,18,0.5,38.0,79.5,0,304,24
Hauts-Bassins (Bobo),2023,19,2.2,32.7,91.1,0,479,21
Hauts-Bassins (Bobo),2023,20,0.9,32.2,86.4,0,413,7
Hauts-Bassins (Bobo),2023,21,2.0,30.7,92.2,0,478,24
Hauts-Bassins (Bobo),2023,22,94.8,26.3,88.9,0,392,23
Hauts-Bassins (Bobo),2023,23,113.8,31.3,80.1,0,364,17
Hauts-Bassins (Bobo),2023,24,96.8,29.0,77.5,0,279,25
Hauts-Bassins (Bobo),2023,25,116.0,32.0,93.9,0,261,24
Hauts-Bassins (Bobo),2023,26,54.3,26.2,93.1,0,1450,9
Hauts-Bassins (Bobo),2023,27,21.7,25.8,94.4,0,1802,16
Hauts-Bassins (Bobo),2023,28,23.4,27.2,77.8,0,2249,23
Hauts-Bassins (Bobo),2023,29,21.6,27.7,80.2,0,1909,5
Hauts-Bassins (Bobo),2023,30,83.6,27.5,78.7,0,2229,29
Hauts-Bassins (Bobo),2023,31,42.9,27.7,90.8,0,2058,22
Hauts-Bassins (Bobo),2023,32,35.9,27.4,88.1,0,1984,22
Hauts-Bassins (Bobo),2023,33,109.1,32.5,76.7,0,2304,23
Hauts-Bassins (Bobo),2023,34,53.4,26.1,90.5,0,2202,19
Hauts-Bassins (Bobo),2023,35,70.7,29.6,87.1,0,1503,1220
Hauts-Bassins (Bobo),2023,36,80.0,32.2,76.5,0,1788,660
Hauts-Bassins (Bobo),2023,37,109.5,27.7,80.7,0,2200,1112
Hauts-Bassins (Bobo),2023,38,50.2,31.3,81.7,0,1969,1072
Hauts-Bassins (Bobo),2023,39,55.4,26.1,83.8,0,1710,1361
Hauts-Bassins (Bobo),2023,40,39.6,31.1,91.6,0,1606,879
Hauts-Bassins (Bobo),2023,41,3.4,29.4,83.4,0,2061,914
Hauts-Bassins (Bobo),2023,42,2.0,28.5,90.3,0,1512,526
Hauts-Bassins (Bobo),2023,43,1.3,25.2,89.6,0,2096,1118
Hauts-Bassins (Bobo),2023,44,0.1,30.6,86.4,0,1550,1003
Hauts-Bassins (Bobo),2023,45,4.8,27.3,75.1,0,1992,741
Hauts-Bassins (Bobo),2023,46,3.3,29.9,94.6,0,1691,1097
Hauts-Bassins (Bobo),2023,47,3.5,25.5,86.3,0,370,773
Hauts-Bassins (Bobo),2023,48,1.6,32.7,93.0,0,310,959
Hauts-Bassins (Bobo),2023,49,1.7,31.0,89.6,0,379,7
Hauts-Bassins (Bobo),2023,50,4.9,29.2,87.3,0,269,23
Hauts-Bassins (Bobo),2023,51,0.6,31.1,80.1,0,273,27
Hauts-Bassins (Bobo),2023,52,2.2,28.6,83.1,0,355,19
Hauts-Bassins (Bobo),2024,1,3.2,27.8,84.3,0,324,25
Hauts-Bassins (Bobo),2024,2,4.5,26.4,85.0,0,393,25
Hauts-Bassins (Bobo),2024,3,3.5,30.7,86.7,0,460,10
Hauts-Bassins (Bobo),2024,4,2.8,29.8,94.6,0,243,8
Hauts-Bassins (Bobo),2024,5,3.9,28.6,89.6,0,311,14
Hauts-Bassins (Bobo),2024,6,0.5,27.2,78.5,0,356,12
Hauts-Bassins (Bobo),2024,7,2.7,28.3,80.4,0,285,8
Hauts-Bassins (Bobo),2024,8,3.4,29.4,83.4,0,369,5
Hauts-Bassins (Bobo),2024,9,4.7,26.6,77.4,0,281,22
Hauts-Bassins (Bobo),2024,10,4.2,35.9,87.4,0,294,13
Hauts-Bassins (Bobo),2024,11,2.7,40.5,84.1,0,375,22
Hauts-Bassins (Bobo),2024,12,2.9,39.6,81.3,0,305,14
Hauts-Bassins (Bobo),2024,13,1.0,34.0,80.2,0,300,15
Hauts-Bassins (Bobo),2024,14,4.0,34.5,80.3,0,250,5
Hauts-Bassins (Bobo),2024,15,2.6,34.4,94.1,1,375,14
Hauts-Bassins (Bobo),2024,16,2.8,38.2,84.0,1,257,18
Hauts-Bassins (Bobo),2024,17,0.4,35.4,90.3,0,349,17
Hauts-Bassins (Bobo),2024,18,3.8,35.3,89.0,0,463,24
Hauts-Bassins (Bobo),2024,19,3.0,26.5,86.9,0,379,8
Hauts-Bassins (Bobo),2024,20,1.5,30.6,91.4,0,382,26
Hauts-Bassins (Bobo),2024,21,1.7,25.2,81.3,0,318,29
Hauts-Bassins (Bobo),2024,22,26.6,31.4,91.5,0,340,9
Hauts-Bassins (Bobo),2024,23,50.1,32.3,81.4,0,295,27
Hauts-Bassins (Bobo),2024,24,85.7,27.3,81.2,0,399,6
Hauts-Bassins (Bobo),2024,25,105.7,27.2,80.6,1,245,21
Hauts-Bassins (Bobo),2024,26,96.3,26.9,88.7,1,1549,23
Hauts-Bassins (Bobo),2024,27,28.4,26.1,90.0,0,1580,20
Hauts-Bassins (Bobo),2024,28,64.7,30.4,77.6,0,2220,18
Hauts-Bassins (Bobo),2024,29,96.3,27.4,91.9,0,2190,5
Hauts-Bassins (Bobo),2024,30,93.7,30.0,86.5,0,1695,13
Hauts-Bassins (Bobo),2024,31,66.7,26.4,86.5,0,1504,13
Hauts-Bassins (Bobo),2024,32,64.9,29.5,83.0,0,1917,24
Hauts-Bassins (Bobo),2024,33,111.4,29.4,85.9,0,2168,8
Hauts-Bassins (Bobo),2024,34,95.3,30.7,77.1,0,1621,18
Hauts-Bassins (Bobo),2024,35,50.5,27.6,79.3,0,1880,19
Hauts-Bassins (Bobo),2024,36,66.5,30.7,84.8,0,2096,26
Hauts-Bassins (Bobo),2024,37,42.6,31.0,94.2,0,2306,15
Hauts-Bassins (Bobo),2024,38,112.9,31.2,92.9,0,1374,270
Hauts-Bassins (Bobo),2024,39,99.3,29.3,83.7,0,1733,164
Hauts-Bassins (Bobo),2024,40,42.7,25.8,79.8,0,2093,374
Hauts-Bassins (Bobo),2024,41,4.9,32.2,82.1,0,2321,220
Hauts-Bassins (Bobo),2024,42,3.9,31.5,82.2,0,2071,249
Hauts-Bassins (Bobo),2024,43,1.9,31.3,94.7,0,1704,216
Hauts-Bassins (Bobo),2024,44,2.6,31.8,88.1,0,1371,274
Hauts-Bassins (Bobo),2024,45,4.1,31.1,78.2,0,2322,362
Hauts-Bassins (Bobo),2024,46,2.3,32.2,91.1,0,2039,231
Hauts-Bassins (Bobo),2024,47,2.9,26.9,76.9,0,442,12
Hauts-Bassins (Bobo),2024,48,5.0,26.6,75.9,0,241,17
Hauts-Bassins (Bobo),2024,49,2.3,27.5,82.5,0,302,11
Hauts-Bassins (Bobo),2024,50,4.7,27.3,77.7,0,431,12
Hauts-Bassins (Bobo),2024,51,2.4,31.3,91.2,0,411,15
Hauts-Bassins (Bobo),2024,52,2.5,32.2,93.5,0,390,16
Hauts-Bassins (Bobo),2025,1,3.0,26.3,84.0,0,258,23
Hauts-Bassins (Bobo),2025,2,2.5,27.1,86.2,0,296,28
Hauts-Bassins (Bobo),2025,3,2.1,25.5,92.8,0,446,12
Hauts-Bassins (Bobo),2025,4,2.9,26.4,82.2,0,309,20
Hauts-Bassins (Bobo),2025,5,0.4,26.3,92.7,0,411,5
Hauts-Bassins (Bobo),2025,6,4.4,25.4,77.2,0,361,26
Hauts-Bassins (Bobo),2025,7,3.4,31.1,95.0,0,434,11
Hauts-Bassins (Bobo),2025,8,0.3,31.2,75.9,0,278,9
Hauts-Bassins (Bobo),2025,9,4.5,28.2,93.0,0,369,16
Hauts-Bassins (Bobo),2025,10,1.9,36.5,84.9,0,263,28
Hauts-Bassins (Bobo),2025,11,1.3,37.6,81.8,0,294,22
Hauts-Bassins (Bobo),2025,12,2.7,40.4,79.3,0,356,7
Hauts-Bassins (Bobo),2025,13,3.5,40.1,83.5,0,406,18
Hauts-Bassins (Bobo),2025,14,0.4,36.7,86.3,0,390,23
Hauts-Bassins (Bobo),2025,15,3.3,37.5,84.1,1,454,26
Hauts-Bassins (Bobo),2025,16,2.5,40.5,75.9,1,445,13
Hauts-Bassins (Bobo),2025,17,2.4,35.5,78.5,0,333,20
Hauts-Bassins (Bobo),2025,18,3.7,34.2,76.1,0,233,24
Hauts-Bassins (Bobo),2025,19,4.5,32.1,87.8,0,412,14
Hauts-Bassins (Bobo),2025,20,4.3,30.0,85.2,0,421,6
Hauts-Bassins (Bobo),2025,21,2.9,28.2,75.2,0,262,29
Hauts-Bassins (Bobo),2025,22,97.1,25.1,80.6,0,378,15
Hauts-Bassins (Bobo),2025,23,29.9,28.2,86.7,0,393,14
Hauts-Bassins (Bobo),2025,24,113.4,29.4,93.6,0,304,10
Hauts-Bassins (Bobo),2025,25,102.7,28.3,89.1,1,328,17
Hauts-Bassins (Bobo),2025,26,88.7,26.2,93.6,1,1477,9
Hauts-Bassins (Bobo),2025,27,22.2,27.4,87.7,0,1444,21
Hauts-Bassins (Bobo),2025,28,113.5,31.4,88.1,0,1341,24
Hauts-Bassins (Bobo),2025,29,114.3,25.2,79.7,0,1947,22
Hauts-Bassins (Bobo),2025,30,115.0,31.6,88.7,0,2137,21
Hauts-Bassins (Bobo),2025,31,47.6,27.1,82.0,0,1693,13
Hauts-Bassins (Bobo),2025,32,89.5,32.0,84.8,0,2258,26
Hauts-Bassins (Bobo),2025,33,104.1,26.7,83.0,0,1709,8
Hauts-Bassins (Bobo),2025,34,111.4,28.3,81.9,0,2097,10
Hauts-Bassins (Bobo),2025,35,100.2,27.1,88.1,0,2101,10
Hauts-Bassins (Bobo),2025,36,82.7,32.1,83.3,0,1714,14
Hauts-Bassins (Bobo),2025,37,27.3,32.2,77.4,0,2111,28
Hauts-Bassins (Bobo),2025,38,107.6,30.9,93.2,0,1598,157
Hauts-Bassins (Bobo),2025,39,109.6,31.9,90.5,0,2164,181
Hauts-Bassins (Bobo),2025,40,74.7,25.0,77.5,0,1450,123
Hauts-Bassins (Bobo),2025,41,0.5,29.0,84.5,0,1582,169
Hauts-Bassins (Bobo),2025,42,1.1,31.1,79.7,0,1620,358
Hauts-Bassins (Bobo),2025,43,4.7,30.6,75.8,0,2195,255
Hauts-Bassins (Bobo),2025,44,3.6,25.2,79.3,0,2235,301
Hauts-Bassins (Bobo),2025,45,4.7,32.6,94.4,0,1880,393
Hauts-Bassins (Bobo),2025,46,3.0,32.6,89.4,0,2151,362
Hauts-Bassins (Bobo),2025,47,2.1,25.3,93.6,0,410,18
Hauts-Bassins (Bobo),2025,48,2.9,31.6,78.0,0,320,18
Hauts-Bassins (Bobo),2025,49,3.9,25.9,76.3,0,326,7
Hauts-Bassins (Bobo),2025,50,0.9,27.9,84.0,0,304,6
Hauts-Bassins (Bobo),2025,51,1.0,31.9,82.8,0,310,17
Hauts-Bassins (Bobo),2025,52,2.4,29.2,86.0,0,453,16
Hauts-Bassins (Bobo),2026,1,0.6,30.3,91.8,0,232,24
Hauts-Bassins (Bobo),2026,2,3.0,32.2,88.2,0,352,12
Hauts-Bassins (Bobo),2026,3,1.0,30.8,92.6,0,390,10
Hauts-Bassins (Bobo),2026,4,3.4,26.1,77.2,0,373,10
Hauts-Bassins (Bobo),2026,5,1.0,32.4,86.5,0,380,6
Hauts-Bassins (Bobo),2026,6,1.4,27.1,90.8,0,364,13
Hauts-Bassins (Bobo),2026,7,4.8,31.1,80.9,0,427,22
Hauts-Bassins (Bobo),2026,8,4.4,30.0,84.5,0,388,22
Hauts-Bassins (Bobo),2026,9,2.4,29.4,76.4,0,329,24
Hauts-Bassins (Bobo),2026,10,3.4,40.6,83.1,0,371,28
Hauts-Bassins (Bobo),2026,11,2.5,37.4,90.1,0,250,23
Hauts-Bassins (Bobo),2026,12,1.9,40.4,89.3,0,400,10
Hauts-Bassins (Bobo),2026,13,1.7,38.6,88.8,0,327,24
Hauts-Bassins (Bobo),2026,14,1.4,34.5,93.8,0,280,18
Hauts-Bassins (Bobo),2026,15,0.1,34.4,93.5,1,240,12
Hauts-Bassins (Bobo),2026,16,2.5,38.0,85.5,1,273,15
Hauts-Bassins (Bobo),2026,17,3.5,37.6,81.5,0,404,27
Hauts-Bassins (Bobo),2026,18,0.6,38.5,90.4,0,398,7
Hauts-Bassins (Bobo),2026,19,1.6,29.4,83.5,0,307,20
Hauts-Bassins (Bobo),2026,20,2.1,28.8,92.1,0,257,27
Hauts-Bassins (Bobo),2026,21,1.2,31.7,86.1,0,350,11
Hauts-Bassins (Bobo),2026,22,43.7,29.1,81.4,0,236,7
Hauts-Bassins (Bobo),2026,23,76.5,30.7,88.1,0,302,27
Hauts-Bassins (Bobo),2026,24,108.3,29.5,90.2,0,260,11
Hauts-Bassins (Bobo),2026,25,108.3,28.9,82.3,1,386,15
Hauts-Bassins (Bobo),2026,26,26.4,29.4,94.8,1,1746,28
Hauts-Bassins (Bobo),2026,27,74.3,26.1,90.4,0,2096,24
Hauts-Bassins (Bobo),2026,28,53.3,27.6,92.9,0,2002,7
Hauts-Bassins (Bobo),2026,29,33.6,25.5,86.9,0,2143,22
Hauts-Bassins (Bobo),2026,30,30.1,31.8,80.0,0,2125,10
Hauts-Bassins (Bobo),2026,31,96.8,26.9,87.7,0,1960,20
Hauts-Bassins (Bobo),2026,32,117.1,31.9,76.9,0,1609,8
Hauts-Bassins (Bobo),2026,33,88.9,26.3,88.4,0,1614,16
Hauts-Bassins (Bobo),2026,34,85.1,28.9,84.7,0,2019,22
Hauts-Bassins (Bobo),2026,35,34.6,27.3,94.6,0,1340,18
Hauts-Bassins (Bobo),2026,36,97.2,26.6,79.4,0,1786,24
Hauts-Bassins (Bobo),2026,37,30.2,30.2,75.1,0,1342,29
Hauts-Bassins (Bobo),2026,38,65.4,25.1,84.6,0,1434,133
Hauts-Bassins (Bobo),2026,39,76.9,32.5,90.7,0,1890,360
Hauts-Bassins (Bobo),2026,40,93.2,31.2,77.3,0,1857,386
Hauts-Bassins (Bobo),2026,41,3.1,31.8,88.7,0,1481,243
Hauts-Bassins (Bobo),2026,42,4.5,29.0,81.4,0,1810,175
Hauts-Bassins (Bobo),2026,43,1.8,28.1,91.7,0,1485,329
Hauts-Bassins (Bobo),2026,44,4.5,30.4,84.9,0,2056,155
Hauts-Bassins (Bobo),2026,45,1.9,32.8,80.6,0,1621,245
Hauts-Bassins (Bobo),2026,46,3.6,25.4,79.7,0,1681,342
Hauts-Bassins (Bobo),2026,47,1.4,30.4,79.1,0,347,16
Hauts-Bassins (Bobo),2026,48,2.4,28.2,77.4,0,345,5
Hauts-Bassins (Bobo),2026,49,1.0,29.7,84.0,0,323,25
Hauts-Bassins (Bobo),2026,50,1.3,29.4,76.4,0,239,18
Hauts-Bassins (Bobo),2026,51,2.1,29.7,92.0,0,264,16
Hauts-Bassins (Bobo),2026,52,1.5,25.8,78.9,0,257,25
Sahel,2013,1,1.8,32.8,87.0,0,312,13
Sahel,2013,2,4.1,30.5,93.5,0,206,13
Sahel,2013,3,4.0,26.4,78.3,0,273,8
Sahel,2013,4,1.5,26.6,86.6,0,207,3
Sahel,2013,5,2.0,29.0,81.9,0,280,11
Sahel,2013,6,1.1,29.6,80.6,0,325,10
Sahel,2013,7,3.0,30.0,87.7,0,222,5
Sahel,2013,8,1.4,30.8,81.7,0,195,12
Sahel,2013,9,2.4,26.7,93.1,0,203,10
Sahel,2013,10,4.9,36.7,79.8,0,227,5
Sahel,2013,11,4.6,39.9,91.5,0,352,14
Sahel,2013,12,4.7,37.8,83.7,0,240,1
Sahel,2013,13,0.6,34.1,77.5,0,200,0
Sahel,2013,14,4.2,34.1,88.4,0,338,13
Sahel,2013,15,3.8,34.3,90.1,0,255,1
Sahel,2013,16,2.6,35.1,85.9,0,245,3
Sahel,2013,17,1.6,38.5,87.1,0,243,3
Sahel,2013,18,3.2,39.5,81.0,0,296,4
Sahel,2013,19,1.2,30.0,80.7,0,204,13
Sahel,2013,20,2.6,28.0,79.0,0,294,5
Sahel,2013,21,2.4,30.2,89.8,0,201,14
Sahel,2013,22,20.0,32.3,78.9,0,298,12
Sahel,2013,23,26.8,28.5,80.0,0,185,8
Sahel,2013,24,22.7,29.9,93.0,0,213,13
Sahel,2013,25,43.1,28.4,80.9,0,235,0
Sahel,2013,26,24.0,27.2,87.5,0,1270,10
Sahel,2013,27,13.2,32.3,84.0,0,1392,14
Sahel,2013,28,25.6,31.0,76.0,0,1205,2
Sahel,2013,29,31.8,26.2,88.4,0,1273,2
Sahel,2013,30,6.5,30.2,84.8,0,1363,11
Sahel,2013,31,37.9,25.6,75.8,0,1736,10
Sahel,2013,32,33.4,30.2,85.9,0,1695,1
Sahel,2013,33,24.3,26.5,84.2,0,1098,10
Sahel,2013,34,16.8,32.7,91.9,0,1575,0
Sahel,2013,35,43.2,26.9,86.7,0,1101,1
Sahel,2013,36,30.5,32.7,86.0,0,1457,7
Sahel,2013,37,29.3,30.4,83.7,0,1572,13
Sahel,2013,38,15.7,32.9,82.3,0,1086,7
Sahel,2013,39,27.3,30.0,80.3,0,1660,9
Sahel,2013,40,41.0,25.2,79.1,0,1653,4
Sahel,2013,41,1.8,27.8,85.8,0,1188,13
Sahel,2013,42,1.5,29.7,92.4,0,1187,14
Sahel,2013,43,2.4,26.9,81.6,0,1401,7
Sahel,2013,44,0.1,29.4,86.3,0,1168,14
Sahel,2013,45,4.8,31.3,82.9,0,1157,8
Sahel,2013,46,4.5,27.2,76.6,0,1765,10
Sahel,2013,47,2.2,32.8,77.8,0,353,10
Sahel,2013,48,4.6,32.6,81.6,0,348,13
Sahel,2013,49,3.6,32.6,88.1,0,351,1
Sahel,2013,50,4.2,25.7,83.5,0,224,8
Sahel,2013,51,3.5,26.8,83.2,0,265,14
Sahel,2013,52,3.5,25.8,80.5,0,273,4
Sahel,2014,1,2.7,29.5,86.8,0,322,0
Sahel,2014,2,1.6,26.0,78.5,0,232,13
Sahel,2014,3,3.5,28.6,87.7,0,230,0
Sahel,2014,4,4.9,26.5,79.9,0,311,3
Sahel,2014,5,4.1,27.6,88.2,0,298,10
Sahel,2014,6,0.7,27.0,86.5,0,319,14
Sahel,2014,7,0.6,25.3,82.5,0,187,13
Sahel,2014,8,2.9,27.3,82.1,0,298,3
Sahel,2014,9,4.0,31.3,75.5,0,234,2
Sahel,2014,10,2.1,40.4,85.4,0,326,1
Sahel,2014,11,0.5,35.1,94.1,0,198,9
Sahel,2014,12,0.7,39.0,85.4,0,279,4
Sahel,2014,13,1.9,34.3,81.2,0,239,14
Sahel,2014,14,2.4,36.3,90.1,0,225,11
Sahel,2014,15,4.0,39.7,84.9,0,176,13
Sahel,2014,16,3.0,34.4,86.2,0,258,0
Sahel,2014,17,4.6,39.2,89.8,0,186,9
Sahel,2014,18,3.2,38.3,82.4,0,331,5
Sahel,2014,19,0.4,30.7,94.7,0,181,14
Sahel,2014,20,3.3,32.9,92.8,0,263,13
Sahel,2014,21,1.6,30.0,83.3,0,301,5
Sahel,2014,22,33.6,26.5,78.5,0,254,2
Sahel,2014,23,11.0,29.9,79.0,0,326,6
Sahel,2014,24,26.5,25.7,82.5,0,335,13
Sahel,2014,25,42.2,31.1,84.3,0,275,13
Sahel,2014,26,8.9,32.1,84.0,0,1390,7
Sahel,2014,27,9.6,29.0,77.4,0,1443,6
Sahel,2014,28,42.9,31.6,82.5,0,1683,4
Sahel,2014,29,36.2,29.7,88.5,0,1158,6
Sahel,2014,30,11.4,25.4,82.1,0,1561,10
Sahel,2014,31,25.2,29.0,81.0,0,1721,10
Sahel,2014,32,36.4,30.7,81.5,0,1226,9
Sahel,2014,33,5.2,28.2,78.6,0,1447,6
Sahel,2014,34,26.5,31.0,80.0,0,1443,8
Sahel,2014,35,16.3,32.2,92.5,0,1145,2
Sahel,2014,36,14.2,25.7,90.2,0,1090,6
Sahel,2014,37,21.1,27.3,84.5,0,1567,10
Sahel,2014,38,13.3,30.8,82.9,0,1356,7
Sahel,2014,39,5.5,30.7,84.2,0,1423,4
Sahel,2014,40,36.2,27.4,81.2,0,1480,13
Sahel,2014,41,4.9,31.0,91.1,0,1242,5
Sahel,2014,42,2.0,25.8,84.4,0,1085,8
Sahel,2014,43,2.2,29.0,77.9,0,1177,8
Sahel,2014,44,0.7,32.8,86.2,0,1639,4
Sahel,2014,45,1.4,31.8,93.4,0,1065,5
Sahel,2014,46,0.0,27.5,83.1,0,1489,8
Sahel,2014,47,2.4,27.2,83.1,0,272,8
Sahel,2014,48,3.3,26.2,94.2,0,188,14
Sahel,2014,49,0.1,26.6,78.7,0,285,6
Sahel,2014,50,1.3,29.7,82.3,0,281,4
Sahel,2014,51,0.7,31.4,79.2,0,257,9
Sahel,2014,52,4.3,25.8,75.6,0,297,13
Sahel,2015,1,1.7,27.3,83.9,0,234,6
Sahel,2015,2,1.8,27.8,88.3,0,245,9
Sahel,2015,3,3.9,27.8,90.7,0,281,4
Sahel,2015,4,3.7,27.5,84.1,0,339,12
Sahel,2015,5,4.3,27.9,82.2,0,244,0
Sahel,2015,6,4.9,28.3,94.7,0,187,10
Sahel,2015,7,1.7,32.4,76.9,0,338,8
Sahel,2015,8,3.5,27.1,94.2,0,342,9
Sahel,2015,9,3.2,26.9,82.0,0,309,2
Sahel,2015,10,1.6,38.7,81.6,0,268,10
Sahel,2015,11,2.5,34.4,83.0,0,264,14
Sahel,2015,12,0.5,37.3,87.6,0,265,8
Sahel,2015,13,2.8,39.7,86.4,0,253,4
Sahel,2015,14,1.9,39.7,94.3,0,233,9
Sahel,2015,15,4.0,36.5,81.5,0,290,12
Sahel,2015,16,1.5,39.7,88.6,0,176,7
Sahel,2015,17,3.0,40.8,76.7,0,209,6
Sahel,2015,18,4.8,37.8,89.6,0,285,11
Sahel,2015,19,0.9,31.1,86.0,0,309,10
Sahel,2015,20,4.6,29.2,83.1,0,343,4
Sahel,2015,21,2.1,31.9,79.9,0,337,11
Sahel,2015,22,11.0,26.3,82.6,0,312,2
Sahel,2015,23,37.5,31.2,81.6,0,312,0
Sahel,2015,24,6.0,30.5,81.3,0,233,0
Sahel,2015,25,36.0,33.0,85.7,0,184,8
Sahel,2015,26,32.6,26.8,85.0,0,1360,5
Sahel,2015,27,42.4,31.2,94.8,0,1313,3
Sahel,2015,28,15.2,28.9,92.2,0,1159,6
Sahel,2015,29,43.7,33.0,75.1,0,1533,1
Sahel,2015,30,32.0,30.8,93.0,0,1562,7
Sahel,2015,31,8.0,32.5,83.0,0,1183,1
Sahel,2015,32,43.2,31.4,78.4,0,1369,10
Sahel,2015,33,8.1,27.5,78.9,0,1607,6
Sahel,2015,34,25.7,28.8,76.8,0,1270,11
Sahel,2015,35,16.6,30.8,92.9,0,1142,14
Sahel,2015,36,33.0,30.2,77.4,0,1203,14
Sahel,2015,37,6.1,27.1,75.4,0,1653,0
Sahel,2015,38,12.0,26.7,92.5,0,1683,9
Sahel,2015,39,11.8,32.7,75.5,0,1569,7
Sahel,2015,40,16.1,26.1,82.6,0,1659,3
Sahel,2015,41,3.2,25.2,81.7,0,1302,12
Sahel,2015,42,3.4,32.0,91.4,0,1110,12
Sahel,2015,43,2.8,32.6,90.9,0,1151,13
Sahel,2015,44,0.5,30.9,84.0,0,1212,5
Sahel,2015,45,4.9,28.0,87.5,0,1032,7
Sahel,2015,46,4.7,26.5,82.3,0,1090,8
Sahel,2015,47,1.9,27.1,88.9,0,309,8
Sahel,2015,48,0.0,26.2,93.6,0,233,3
Sahel,2015,49,4.1,27.7,94.2,0,308,1
Sahel,2015,50,2.3,31.9,94.9,0,240,4
Sahel,2015,51,1.3,27.9,75.4,0,297,9
Sahel,2015,52,4.7,31.5,87.7,0,233,6
Sahel,2016,1,1.6,26.8,87.7,0,171,11
Sahel,2016,2,4.6,28.4,80.7,0,250,14
Sahel,2016,3,1.8,28.2,80.6,0,311,8
Sahel,2016,4,4.3,26.5,92.7,0,259,7
Sahel,2016,5,3.4,26.3,86.6,0,173,14
Sahel,2016,6,4.4,30.0,89.0,0,247,1
Sahel,2016,7,0.5,30.9,92.5,0,234,5
Sahel,2016,8,0.6,27.2,89.5,0,273,14
Sahel,2016,9,3.2,29.1,84.1,0,192,11
Sahel,2016,10,4.1,40.9,83.0,0,248,1
Sahel,2016,11,3.6,34.9,88.4,0,233,1
Sahel,2016,12,2.0,38.0,81.7,0,223,1
Sahel,2016,13,0.7,37.8,81.1,0,250,13
Sahel,2016,14,5.0,35.6,81.6,0,217,3
Sahel,2016,15,4.8,36.1,75.6,0,220,4
Sahel,2016,16,1.3,34.6,82.5,0,227,9
Sahel,2016,17,1.5,38.1,94.5,0,264,13
Sahel,2016,18,4.3,38.3,83.3,0,207,6
Sahel,2016,19,1.0,30.9,88.4,0,184,9
Sahel,2016,20,0.7,25.3,84.7,0,233,10
Sahel,2016,21,3.9,30.1,92.4,0,308,6
Sahel,2016,22,44.0,28.5,88.4,0,336,5
Sahel,2016,23,15.3,32.1,81.9,0,212,12
Sahel,2016,24,17.4,27.9,80.9,0,236,4
Sahel,2016,25,37.2,28.2,94.9,0,211,11
Sahel,2016,26,16.7,26.3,86.7,0,1263,8
Sahel,2016,27,12.5,28.9,84.8,0,1022,12
Sahel,2016,28,23.7,26.5,88.9,0,1113,14
Sahel,2016,29,35.1,29.4,87.7,0,1124,3
Sahel,2016,30,5.4,27.5,89.5,0,1022,12
Sahel,2016,31,9.7,30.7,83.2,0,1559,6
Sahel,2016,32,29.0,30.1,94.7,0,1032,7
Sahel,2016,33,11.2,26.5,81.2,0,1064,5
Sahel,2016,34,9.5,32.8,86.6,0,999,2
Sahel,2016,35,42.7,27.8,88.7,0,1461,2
Sahel,2016,36,33.9,30.0,91.6,0,1177,7
Sahel,2016,37,43.6,29.9,89.6,0,1179,7
Sahel,2016,38,37.7,27.3,78.3,0,1103,3
Sahel,2016,39,27.9,30.5,75.6,0,1571,14
Sahel,2016,40,19.5,29.4,81.7,0,1495,9
Sahel,2016,41,1.2,32.7,94.7,0,1102,6
Sahel,2016,42,2.6,27.4,82.9,0,1627,5
Sahel,2016,43,3.5,27.3,94.1,0,1138,7
Sahel,2016,44,2.8,27.8,78.3,0,1401,5
Sahel,2016,45,1.7,26.3,93.1,0,1083,11
Sahel,2016,46,3.7,27.8,92.2,0,1448,4
Sahel,2016,47,1.4,30.9,91.7,0,319,6
Sahel,2016,48,1.2,28.9,76.5,0,274,11
Sahel,2016,49,2.3,28.7,81.4,0,182,4
Sahel,2016,50,3.2,30.5,91.1,0,316,11
Sahel,2016,51,0.9,30.4,78.1,0,241,8
Sahel,2016,52,4.3,30.5,75.4,0,251,7
Sahel,2017,1,0.9,29.2,87.6,0,260,0
Sahel,2017,2,1.9,27.3,78.0,0,206,5
Sahel,2017,3,1.5,31.2,76.8,0,273,9
Sahel,2017,4,0.5,32.8,86.8,0,306,13
Sahel,2017,5,0.5,28.7,78.6,0,251,14
Sahel,2017,6,3.9,26.0,88.4,0,323,0
Sahel,2017,7,0.8,26.4,90.9,0,184,1
Sahel,2017,8,4.8,25.0,87.9,0,244,10
Sahel,2017,9,2.2,30.0,95.0,0,209,10
Sahel,2017,10,2.7,35.2,76.8,0,202,6
Sahel,2017,11,0.0,36.9,91.6,0,175,8
Sahel,2017,12,4.1,39.5,81.1,0,258,14
Sahel,2017,13,3.7,38.4,82.5,0,213,10
Sahel,2017,14,0.8,34.2,84.3,0,205,2
Sahel,2017,15,4.0,36.6,87.1,0,223,1
Sahel,2017,16,1.1,40.3,76.3,0,210,8
Sahel,2017,17,1.5,40.7,78.3,0,285,1
Sahel,2017,18,4.2,37.4,94.7,0,287,12
Sahel,2017,19,3.6,26.2,77.1,0,290,3
Sahel,2017,20,1.8,32.4,92.9,0,256,10
Sahel,2017,21,4.6,32.7,90.4,0,243,11
Sahel,2017,22,23.3,31.5,88.2,0,210,3
Sahel,2017,23,12.5,30.8,75.6,0,291,14
Sahel,2017,24,23.3,26.9,94.0,0,203,14
Sahel,2017,25,32.3,25.7,84.2,0,186,2
Sahel,2017,26,37.4,30.0,84.0,0,1209,1
Sahel,2017,27,14.8,26.8,91.8,0,1378,11
Sahel,2017,28,33.9,28.1,81.4,0,1013,7
Sahel,2017,29,27.9,25.7,76.6,0,1094,2
Sahel,2017,30,30.6,26.2,83.7,0,1608,8
Sahel,2017,31,13.2,26.0,93.1,0,1225,3
Sahel,2017,32,12.5,31.6,85.1,0,1379,13
Sahel,2017,33,42.4,27.2,76.9,0,1182,6
Sahel,2017,34,20.0,26.7,86.6,0,1281,13
Sahel,2017,35,9.2,31.3,90.6,0,1536,14
Sahel,2017,36,29.4,25.3,91.3,0,1632,11
Sahel,2017,37,38.9,30.0,92.7,0,1004,0
Sahel,2017,38,36.8,29.1,79.5,0,1219,7
Sahel,2017,39,31.1,32.3,77.7,0,996,14
Sahel,2017,40,25.2,26.6,94.8,0,1193,10
Sahel,2017,41,1.1,26.7,90.3,0,1566,10
Sahel,2017,42,2.3,28.7,76.4,0,1264,14
Sahel,2017,43,3.6,29.7,92.4,0,1149,7
Sahel,2017,44,1.1,26.2,80.2,0,1284,10
Sahel,2017,45,3.8,26.9,90.7,0,1025,6
Sahel,2017,46,0.9,31.0,81.3,0,1319,7
Sahel,2017,47,0.2,26.2,94.8,0,306,9
Sahel,2017,48,0.4,32.4,92.9,0,300,1
Sahel,2017,49,1.3,27.0,94.0,0,275,11
Sahel,2017,50,0.4,31.7,75.8,0,274,10
Sahel,2017,51,1.0,25.2,88.5,0,201,7
Sahel,2017,52,3.4,29.5,75.1,0,284,5
Sahel,2018,1,0.3,32.8,78.6,0,298,10
Sahel,2018,2,2.7,28.0,92.0,0,189,13
Sahel,2018,3,2.3,30.1,83.0,0,286,8
Sahel,2018,4,2.9,26.5,93.1,0,229,1
Sahel,2018,5,2.7,28.0,76.2,0,220,9
Sahel,2018,6,4.3,30.0,78.0,0,198,11
Sahel,2018,7,4.0,26.6,94.2,0,318,9
Sahel,2018,8,2.9,29.3,79.8,0,204,2
Sahel,2018,9,0.8,25.1,87.1,0,277,8
Sahel,2018,10,0.5,35.5,78.0,0,235,1
Sahel,2018,11,1.4,38.0,80.4,0,274,5
Sahel,2018,12,2.7,40.4,90.2,0,242,6
Sahel,2018,13,0.1,36.5,76.6,0,207,8
Sahel,2018,14,2.1,36.4,84.0,0,257,7
Sahel,2018,15,2.4,40.7,77.6,0,222,11
Sahel,2018,16,4.8,35.2,82.9,0,305,10
Sahel,2018,17,1.7,35.2,90.1,0,316,8
Sahel,2018,18,1.4,37.7,92.8,0,300,1
Sahel,2018,19,2.2,32.5,77.8,0,289,12
Sahel,2018,20,1.7,30.4,85.2,0,276,3
Sahel,2018,21,3.5,29.5,89.2,0,294,12
Sahel,2018,22,38.1,29.7,76.8,0,185,12
Sahel,2018,23,10.3,29.7,93.5,0,274,12
Sahel,2018,24,17.7,29.2,83.7,0,277,1
Sahel,2018,25,21.6,32.7,82.1,0,286,1
Sahel,2018,26,42.2,25.3,94.0,0,1583,12
Sahel,2018,27,27.9,30.1,83.0,0,1544,0
Sahel,2018,28,11.3,26.3,86.4,0,1486,0
Sahel,2018,29,19.8,32.3,75.4,0,960,6
Sahel,2018,30,28.0,27.4,89.5,0,1188,6
Sahel,2018,31,37.4,26.0,80.2,0,1533,10
Sahel,2018,32,6.4,30.8,91.8,0,1465,7
Sahel,2018,33,34.2,26.5,84.0,0,1354,3
Sahel,2018,34,44.8,26.2,82.9,0,1493,8
Sahel,2018,35,35.5,25.5,89.1,0,1312,13
Sahel,2018,36,28.8,27.5,93.9,0,1051,12
Sahel,2018,37,36.9,27.9,81.7,0,1030,4
Sahel,2018,38,23.5,31.3,79.8,0,1052,12
Sahel,2018,39,28.5,30.4,81.7,0,1287,8
Sahel,2018,40,9.3,32.4,94.8,0,1175,1
Sahel,2018,41,4.7,26.9,85.3,0,1535,12
Sahel,2018,42,0.8,29.7,76.4,0,1518,2
Sahel,2018,43,0.1,26.6,77.3,0,1519,6
Sahel,2018,44,2.3,32.3,90.8,0,1006,7
Sahel,2018,45,3.1,25.6,82.2,0,1190,1
Sahel,2018,46,0.9,30.2,78.6,0,1092,8
Sahel,2018,47,2.6,28.7,79.6,0,192,1
Sahel,2018,48,2.7,29.7,90.6,0,190,13
Sahel,2018,49,4.4,29.5,80.8,0,189,5
Sahel,2018,50,0.9,25.4,87.1,0,268,11
Sahel,2018,51,4.1,26.4,76.9,0,205,13
Sahel,2018,52,4.6,30.1,78.4,0,181,6
Sahel,2019,1,0.1,25.6,82.9,0,242,7
Sahel,2019,2,0.7,32.7,85.6,0,184,6
Sahel,2019,3,2.8,32.4,82.5,0,268,7
Sahel,2019,4,0.5,30.1,75.3,0,240,2
Sahel,2019,5,4.5,29.4,95.0,0,286,7
Sahel,2019,6,2.5,29.5,80.8,0,164,1
Sahel,2019,7,2.4,30.2,78.5,0,281,12
Sahel,2019,8,2.7,31.0,83.5,0,199,4
Sahel,2019,9,1.7,30.4,88.0,0,178,2
Sahel,2019,10,1.0,39.4,77.8,0,218,4
Sahel,2019,11,4.0,40.9,80.7,0,161,12
Sahel,2019,12,1.6,34.2,80.6,0,239,14
Sahel,2019,13,1.6,38.4,78.8,0,182,4
Sahel,2019,14,3.5,39.5,80.0,0,280,13
Sahel,2019,15,2.9,39.1,81.1,0,231,2
Sahel,2019,16,4.5,37.6,85.0,0,276,5
Sahel,2019,17,0.4,37.9,81.3,0,282,2
Sahel,2019,18,2.4,38.7,90.6,0,207,0
Sahel,2019,19,4.0,26.8,84.8,0,276,10
Sahel,2019,20,3.4,30.5,87.3,0,175,10
Sahel,2019,21,4.6,30.7,80.7,0,181,9
Sahel,2019,22,16.2,30.0,93.2,0,218,11
Sahel,2019,23,44.7,29.6,76.0,0,261,7
Sahel,2019,24,37.1,31.7,93.3,0,165,13
Sahel,2019,25,23.2,31.6,93.9,0,219,9
Sahel,2019,26,10.6,27.9,93.6,0,998,3
Sahel,2019,27,41.8,26.8,83.6,0,1032,4
Sahel,2019,28,16.5,29.8,81.4,0,1378,6
Sahel,2019,29,22.3,29.5,81.0,0,1120,6
Sahel,2019,30,14.0,26.8,86.0,0,1455,13
Sahel,2019,31,39.7,30.2,91.8,0,1533,6
Sahel,2019,32,11.8,25.8,78.4,0,1010,0
Sahel,2019,33,25.2,26.4,75.2,0,1321,5
Sahel,2019,34,9.6,29.3,83.5,0,1165,14
Sahel,2019,35,9.0,26.4,87.2,0,1288,3
Sahel,2019,36,25.0,29.1,79.5,0,932,8
Sahel,2019,37,33.9,31.9,80.9,0,1055,7
Sahel,2019,38,26.2,28.3,92.0,0,1160,5
Sahel,2019,39,14.2,28.9,92.4,0,1057,1
Sahel,2019,40,11.3,25.8,87.4,0,1377,4
Sahel,2019,41,0.4,29.2,84.4,0,1342,7
Sahel,2019,42,0.8,25.1,87.8,0,1465,1
Sahel,2019,43,3.2,30.1,83.1,0,1491,12
Sahel,2019,44,3.0,30.7,88.6,0,1194,4
Sahel,2019,45,3.3,30.5,85.0,0,1051,10
Sahel,2019,46,2.6,29.0,79.9,0,1494,10
Sahel,2019,47,3.1,28.8,80.1,0,303,1
Sahel,2019,48,3.4,31.2,88.7,0,278,11
Sahel,2019,49,4.6,30.5,94.6,0,178,5
Sahel,2019,50,0.8,27.5,75.3,0,181,6
Sahel,2019,51,2.3,31.9,89.9,0,172,3
Sahel,2019,52,2.3,28.9,78.9,0,288,9
Sahel,2020,1,0.5,26.9,87.2,0,266,9
Sahel,2020,2,1.6,25.5,76.3,0,298,4
Sahel,2020,3,0.9,25.3,81.7,0,203,5
Sahel,2020,4,4.2,32.7,85.2,0,183,6
Sahel,2020,5,2.1,29.9,77.1,0,288,7
Sahel,2020,6,2.6,25.0,89.7,0,229,8
Sahel,2020,7,3.6,28.2,88.6,0,207,5
Sahel,2020,8,2.1,31.3,94.7,0,201,12
Sahel,2020,9,3.1,29.1,90.2,0,161,0
Sahel,2020,10,2.9,39.9,79.7,0,167,4
Sahel,2020,11,3.9,36.3,90.9,0,280,6
Sahel,2020,12,1.7,35.0,88.0,0,279,4
Sahel,2020,13,2.2,35.0,75.1,0,169,1
Sahel,2020,14,0.4,34.6,91.8,0,159,8
Sahel,2020,15,4.5,40.3,88.4,0,269,3
Sahel,2020,16,4.9,40.7,78.8,0,199,1
Sahel,2020,17,1.4,36.4,85.6,0,193,4
Sahel,2020,18,0.9,39.6,85.2,0,210,13
Sahel,2020,19,4.3,25.3,78.0,0,299,0
Sahel,2020,20,2.3,26.9,83.2,0,197,7
Sahel,2020,21,3.8,28.3,91.4,0,215,8
Sahel,2020,22,41.5,30.5,80.7,0,157,2
Sahel,2020,23,22.6,31.4,77.1,0,244,11
Sahel,2020,24,14.2,28.6,85.9,0,260,8
Sahel,2020,25,40.1,28.8,78.9,0,180,3
Sahel,2020,26,25.2,30.4,93.4,0,1179,1
Sahel,2020,27,18.8,30.3,83.1,0,1021,10
Sahel,2020,28,44.2,31.9,90.0,0,1327,0
Sahel,2020,29,31.0,25.7,89.5,0,1012,4
Sahel,2020,30,17.9,29.7,92.8,0,1357,1
Sahel,2020,31,5.7,26.0,91.9,0,1398,8
Sahel,2020,32,19.0,31.7,91.7,0,1455,4
Sahel,2020,33,23.9,32.3,88.8,0,1211,0
Sahel,2020,34,27.1,26.3,86.0,0,1464,12
Sahel,2020,35,22.5,28.3,93.3,0,1460,11
Sahel,2020,36,8.4,27.6,82.0,0,1052,10
Sahel,2020,37,27.6,32.0,87.9,0,1049,13
Sahel,2020,38,27.8,29.0,80.0,0,1399,8
Sahel,2020,39,15.2,28.9,84.1,0,1318,2
Sahel,2020,40,38.9,30.2,90.0,0,1025,12
Sahel,2020,41,2.9,32.0,77.7,0,1180,0
Sahel,2020,42,0.6,26.2,79.2,0,991,1
Sahel,2020,43,4.7,26.3,86.6,0,976,11
Sahel,2020,44,0.4,30.0,94.5,0,1283,0
Sahel,2020,45,0.1,30.7,91.0,0,1546,0
Sahel,2020,46,4.9,31.4,92.0,0,1452,11
Sahel,2020,47,1.6,29.5,86.2,0,209,5
Sahel,2020,48,1.7,26.1,78.0,0,235,14
Sahel,2020,49,4.2,28.8,87.1,0,279,7
Sahel,2020,50,3.9,31.7,75.9,0,270,14
Sahel,2020,51,1.5,25.5,93.5,0,164,14
Sahel,2020,52,1.5,26.1,79.4,0,187,13
Sahel,2021,1,3.1,30.9,87.8,0,199,2
Sahel,2021,2,2.0,33.0,80.8,0,251,2
Sahel,2021,3,1.4,25.5,80.8,0,209,4
Sahel,2021,4,3.2,25.3,85.4,0,285,2
Sahel,2021,5,2.3,30.7,92.1,0,260,14
Sahel,2021,6,0.5,30.1,89.2,0,186,3
Sahel,2021,7,4.6,28.6,90.4,0,279,9
Sahel,2021,8,3.5,30.3,91.7,0,267,11
Sahel,2021,9,0.9,27.5,81.8,0,217,8
Sahel,2021,10,4.7,40.8,87.1,0,293,11
Sahel,2021,11,0.1,39.3,86.2,0,221,2
Sahel,2021,12,0.1,37.7,83.8,0,295,1
Sahel,2021,13,4.6,35.2,84.2,0,258,10
Sahel,2021,14,1.6,37.6,90.3,0,162,14
Sahel,2021,15,3.4,38.8,79.8,0,256,0
Sahel,2021,16,1.3,38.4,87.5,0,274,2
Sahel,2021,17,1.0,38.5,76.0,0,235,7
Sahel,2021,18,0.5,40.4,94.3,0,185,4
Sahel,2021,19,0.4,31.2,75.7,0,205,13
Sahel,2021,20,1.6,26.5,84.4,0,275,7
Sahel,2021,21,3.1,31.5,75.5,0,232,3
Sahel,2021,22,40.5,29.7,81.5,0,249,6
Sahel,2021,23,7.1,31.7,94.7,0,251,9
Sahel,2021,24,6.5,28.8,76.0,0,285,9
Sahel,2021,25,21.5,31.4,83.7,0,244,3
Sahel,2021,26,18.7,30.9,76.6,0,1364,3
Sahel,2021,27,18.4,32.2,94.4,0,1144,7
Sahel,2021,28,11.1,31.0,90.0,0,1177,2
Sahel,2021,29,5.5,31.2,79.6,0,894,1
Sahel,2021,30,22.2,30.4,77.7,0,889,7
Sahel,2021,31,22.6,27.2,93.6,0,943,7
Sahel,2021,32,34.5,32.7,79.5,0,1373,1
Sahel,2021,33,10.7,27.0,79.7,0,1335,3
Sahel,2021,34,33.6,30.8,85.5,0,1322,8
Sahel,2021,35,26.7,32.6,76.1,0,1039,4
Sahel,2021,36,6.0,31.1,86.3,0,1186,4
Sahel,2021,37,17.4,30.2,92.0,0,1058,11
Sahel,2021,38,17.0,26.1,88.4,0,1213,4
Sahel,2021,39,21.8,32.4,84.9,0,992,8
Sahel,2021,40,26.5,27.4,88.0,0,1006,14
Sahel,2021,41,3.7,32.3,88.2,0,1473,13
Sahel,2021,42,2.0,28.1,83.1,0,1258,11
Sahel,2021,43,0.1,31.4,75.3,0,928,11
Sahel,2021,44,1.4,32.5,93.1,0,1192,9
Sahel,2021,45,2.9,29.5,87.6,0,1260,2
Sahel,2021,46,2.7,30.3,81.2,0,1175,10
Sahel,2021,47,2.9,29.7,85.0,0,174,12
Sahel,2021,48,2.7,29.0,75.7,0,193,14
Sahel,2021,49,1.0,29.8,93.0,0,202,8
Sahel,2021,50,0.1,27.6,77.0,0,299,1
Sahel,2021,51,1.7,28.1,84.3,0,273,11
Sahel,2021,52,1.1,29.1,87.2,0,281,6
Sahel,2022,1,3.8,27.8,88.0,0,167,7
Sahel,2022,2,0.5,25.2,92.6,0,156,6
Sahel,2022,3,4.2,29.2,85.9,0,235,0
Sahel,2022,4,0.4,27.2,82.3,0,245,0
Sahel,2022,5,3.7,26.7,79.3,0,270,5
Sahel,2022,6,0.5,30.4,92.2,0,172,8
Sahel,2022,7,4.7,25.1,77.5,0,235,9
Sahel,2022,8,3.2,28.6,89.2,0,224,11
Sahel,2022,9,0.4,32.1,91.5,0,207,3
Sahel,2022,10,1.5,39.3,75.4,0,218,2
Sahel,2022,11,2.3,34.3,80.9,0,251,10
Sahel,2022,12,0.5,40.6,79.7,0,158,9
Sahel,2022,13,2.5,39.5,91.3,0,246,2
Sahel,2022,14,3.9,39.0,94.9,0,294,9
Sahel,2022,15,2.0,38.7,83.7,0,222,14
Sahel,2022,16,2.6,34.6,87.0,0,267,4
Sahel,2022,17,2.7,35.4,94.3,0,162,3
Sahel,2022,18,4.5,34.1,82.0,0,201,14
Sahel,2022,19,0.6,30.8,80.4,0,275,4
Sahel,2022,20,2.8,32.4,86.3,0,156,8
Sahel,2022,21,3.1,25.4,83.2,0,174,5
Sahel,2022,22,38.6,25.2,85.5,0,191,2
Sahel,2022,23,32.8,31.4,75.5,0,250,3
Sahel,2022,24,5.8,31.1,92.6,0,170,3
Sahel,2022,25,43.8,29.7,84.8,0,280,11
Sahel,2022,26,30.7,27.7,88.0,0,1445,12
Sahel,2022,27,31.8,32.8,80.7,0,908,1
Sahel,2022,28,40.2,30.3,94.1,0,1067,13
Sahel,2022,29,29.7,31.2,94.2,0,1173,6
Sahel,2022,30,22.3,30.5,87.6,0,930,1
Sahel,2022,31,13.1,31.6,91.4,0,903,8
Sahel,2022,32,9.6,31.9,94.6,0,895,9
Sahel,2022,33,22.8,27.0,76.1,0,1000,4
Sahel,2022,34,43.8,26.9,91.9,0,1197,2
Sahel,2022,35,33.7,26.4,82.2,0,1295,6
Sahel,2022,36,31.3,29.1,84.0,0,913,5
Sahel,2022,37,25.8,32.1,77.0,0,1404,1
Sahel,2022,38,19.9,29.2,92.8,0,999,5
Sahel,2022,39,17.0,26.6,79.8,0,967,6
Sahel,2022,40,13.5,25.3,82.4,0,1414,6
Sahel,2022,41,2.1,29.1,81.9,0,957,13
Sahel,2022,42,0.2,27.9,94.2,0,1463,12
Sahel,2022,43,3.6,26.6,75.7,0,1225,3
Sahel,2022,44,0.2,29.0,91.0,0,938,0
Sahel,2022,45,0.8,25.3,81.4,0,1273,9
Sahel,2022,46,2.9,28.8,76.4,0,1130,3
Sahel,2022,47,1.3,29.2,94.9,0,208,0
Sahel,2022,48,4.1,25.3,92.6,0,234,7
Sahel,2022,49,5.0,31.6,77.5,0,236,12
Sahel,2022,50,2.9,29.8,88.0,0,292,4
Sahel,2022,51,4.2,30.3,86.0,0,149,14
Sahel,2022,52,2.8,28.4,92.2,0,214,6
Sahel,2023,1,2.6,28.2,79.4,0,245,8
Sahel,2023,2,2.6,30.6,79.4,0,228,0
Sahel,2023,3,1.9,32.6,93.9,0,187,11
Sahel,2023,4,0.6,31.9,82.4,0,186,7
Sahel,2023,5,1.6,32.2,87.4,0,286,4
Sahel,2023,6,3.1,26.4,81.2,0,245,1
Sahel,2023,7,0.1,25.0,78.0,0,252,11
Sahel,2023,8,1.6,32.1,80.7,0,266,14
Sahel,2023,9,1.2,26.2,88.5,0,247,0
Sahel,2023,10,1.0,36.7,92.5,0,162,3
Sahel,2023,11,0.9,39.8,85.7,0,159,10
Sahel,2023,12,0.6,37.2,90.2,0,192,6
Sahel,2023,13,2.9,35.7,94.8,0,267,11
Sahel,2023,14,2.1,38.6,82.3,0,231,10
Sahel,2023,15,2.5,37.4,92.8,0,285,14
Sahel,2023,16,2.0,34.5,75.2,0,247,10
Sahel,2023,17,4.2,39.2,93.8,0,261,14
Sahel,2023,18,4.1,35.0,87.5,0,165,14
Sahel,2023,19,2.9,32.9,86.3,0,166,9
Sahel,2023,20,1.0,31.7,77.3,0,148,12
Sahel,2023,21,1.2,25.6,75.5,0,145,14
Sahel,2023,22,9.0,31.9,80.9,0,274,4
Sahel,2023,23,25.2,25.5,82.4,0,200,5
Sahel,2023,24,36.9,28.1,78.0,0,274,5
Sahel,2023,25,33.0,26.9,91.6,0,154,3
Sahel,2023,26,27.4,30.6,88.2,0,1223,5
Sahel,2023,27,39.2,32.9,83.8,0,850,7
Sahel,2023,28,38.6,29.6,87.4,0,1025,14
Sahel,2023,29,27.0,28.7,91.4,0,1035,1
Sahel,2023,30,34.9,29.8,77.3,0,1118,14
Sahel,2023,31,7.6,27.9,87.8,0,1078,3
Sahel,2023,32,35.8,33.0,84.2,0,861,10
Sahel,2023,33,35.3,26.5,81.3,0,1239,10
Sahel,2023,34,13.0,27.8,79.3,0,954,9
Sahel,2023,35,44.5,27.7,86.6,0,1345,1
Sahel,2023,36,25.8,26.7,84.8,0,967,11
Sahel,2023,37,7.6,27.6,79.2,0,1069,1
Sahel,2023,38,42.6,25.1,78.5,0,1222,0
Sahel,2023,39,17.3,26.3,83.8,0,849,0
Sahel,2023,40,12.2,32.1,75.9,0,1109,11
Sahel,2023,41,4.1,26.0,92.2,0,1309,8
Sahel,2023,42,4.3,31.1,82.3,0,1269,12
Sahel,2023,43,2.7,27.0,88.0,0,982,4
Sahel,2023,44,1.1,31.3,88.6,0,1093,6
Sahel,2023,45,2.1,29.0,78.5,0,1340,11
Sahel,2023,46,0.9,28.4,76.2,0,888,3
Sahel,2023,47,2.5,32.5,80.7,0,259,2
Sahel,2023,48,3.7,25.7,88.7,0,253,10
Sahel,2023,49,2.2,25.8,91.0,0,236,7
Sahel,2023,50,2.3,30.0,88.1,0,180,6
Sahel,2023,51,4.8,28.7,82.3,0,286,5
Sahel,2023,52,4.8,29.3,94.5,0,233,12
Sahel,2024,1,3.6,29.0,94.2,0,275,14
Sahel,2024,2,3.1,28.0,77.0,0,183,2
Sahel,2024,3,4.7,27.5,75.5,0,259,11
Sahel,2024,4,0.6,27.3,79.7,0,154,0
Sahel,2024,5,4.2,26.6,85.4,0,144,9
Sahel,2024,6,4.2,27.6,77.6,0,265,9
Sahel,2024,7,0.2,31.7,94.6,0,245,8
Sahel,2024,8,0.1,31.4,84.4,0,186,9
Sahel,2024,9,0.5,26.6,80.0,0,154,10
Sahel,2024,10,4.6,40.0,87.4,0,242,2
Sahel,2024,11,4.4,35.1,85.2,0,259,7
Sahel,2024,12,0.3,35.9,80.3,0,205,7
Sahel,2024,13,1.7,37.3,76.1,0,207,10
Sahel,2024,14,2.0,38.1,88.5,0,149,8
Sahel,2024,15,3.7,35.7,82.9,1,268,13
Sahel,2024,16,1.9,34.3,89.3,1,247,2
Sahel,2024,17,2.6,39.8,86.8,0,220,0
Sahel,2024,18,0.2,37.5,84.9,0,172,8
Sahel,2024,19,1.9,31.4,83.9,0,149,7
Sahel,2024,20,4.6,29.8,84.2,0,242,14
Sahel,2024,21,2.0,30.0,94.8,0,181,1
Sahel,2024,22,26.8,30.1,86.7,0,149,3
Sahel,2024,23,22.9,26.3,86.5,0,257,2
Sahel,2024,24,18.0,26.4,83.6,0,174,5
Sahel,2024,25,6.3,27.5,75.9,1,143,12
Sahel,2024,26,22.4,29.6,77.1,1,1014,8
Sahel,2024,27,43.9,32.4,78.5,0,1347,5
Sahel,2024,28,24.5,25.1,91.9,0,1274,2
Sahel,2024,29,40.7,29.1,80.4,0,932,14
Sahel,2024,30,19.7,28.8,79.3,0,1253,12
Sahel,2024,31,36.5,30.7,83.2,0,1225,7
Sahel,2024,32,36.3,28.8,86.4,0,1348,2
Sahel,2024,33,24.3,28.6,83.6,0,968,0
Sahel,2024,34,16.7,32.6,91.0,0,1170,0
Sahel,2024,35,34.0,27.4,91.4,0,1241,2
Sahel,2024,36,8.1,31.0,86.2,0,825,6
Sahel,2024,37,44.6,32.8,86.2,0,1360,5
Sahel,2024,38,43.8,27.1,92.7,0,947,12
Sahel,2024,39,7.5,30.2,86.5,0,1266,11
Sahel,2024,40,24.1,32.6,81.8,0,1266,14
Sahel,2024,41,0.4,29.3,81.3,0,1270,12
Sahel,2024,42,0.8,31.8,77.9,0,1123,13
Sahel,2024,43,2.3,30.0,79.0,0,1239,4
Sahel,2024,44,1.4,25.5,76.0,0,844,0
Sahel,2024,45,0.6,27.0,81.3,0,1189,10
Sahel,2024,46,4.7,31.4,92.2,0,1143,4
Sahel,2024,47,1.6,31.9,85.6,0,230,13
Sahel,2024,48,3.1,28.7,79.8,0,248,6
Sahel,2024,49,1.6,26.0,91.3,0,277,2
Sahel,2024,50,3.9,25.5,83.2,0,268,8
Sahel,2024,51,1.0,28.1,92.1,0,196,10
Sahel,2024,52,4.7,25.1,84.9,0,266,0
Sahel,2025,1,4.5,32.0,87.1,0,239,14
Sahel,2025,2,2.2,26.6,77.5,0,160,10
Sahel,2025,3,2.3,30.1,88.2,0,165,14
Sahel,2025,4,0.9,30.8,78.5,0,183,6
Sahel,2025,5,3.2,28.5,89.1,0,156,2
Sahel,2025,6,2.2,25.6,82.9,0,175,8
Sahel,2025,7,4.3,28.7,77.1,0,246,9
Sahel,2025,8,0.8,26.9,81.7,0,227,12
Sahel,2025,9,1.4,32.1,85.8,0,260,3
Sahel,2025,10,3.8,38.0,90.7,0,149,0
Sahel,2025,11,2.7,36.4,78.1,0,241,6
Sahel,2025,12,0.6,39.3,82.7,0,255,0
Sahel,2025,13,4.0,39.4,92.9,0,221,4
Sahel,2025,14,3.1,40.4,94.3,0,270,1
Sahel,2025,15,4.2,36.5,89.6,1,242,12
Sahel,2025,16,4.1,36.6,82.1,1,227,14
Sahel,2025,17,3.5,38.5,75.7,0,156,13
Sahel,2025,18,4.1,35.6,88.0,0,272,3
Sahel,2025,19,4.5,26.7,76.3,0,198,7
Sahel,2025,20,2.6,25.4,80.7,0,187,11
Sahel,2025,21,1.9,27.1,90.7,0,240,2
Sahel,2025,22,29.9,27.9,92.6,0,203,13
Sahel,2025,23,24.2,28.1,83.0,0,244,1
Sahel,2025,24,31.0,29.0,93.2,0,192,13
Sahel,2025,25,14.4,28.3,94.9,1,233,12
Sahel,2025,26,25.8,28.1,78.8,1,1209,4
Sahel,2025,27,29.9,26.5,81.0,0,1053,9
Sahel,2025,28,30.1,31.9,94.8,0,1360,1
Sahel,2025,29,30.1,32.4,84.4,0,819,6
Sahel,2025,30,24.1,31.3,80.6,0,969,3
Sahel,2025,31,27.0,31.2,88.1,0,1318,3
Sahel,2025,32,38.2,27.3,83.8,0,1140,2
Sahel,2025,33,9.8,26.3,77.7,0,1170,14
Sahel,2025,34,20.2,27.6,88.5,0,1250,13
Sahel,2025,35,25.6,32.4,94.1,0,970,3
Sahel,2025,36,37.9,29.8,78.6,0,1313,7
Sahel,2025,37,15.6,28.8,76.1,0,1239,12
Sahel,2025,38,7.6,28.1,88.6,0,1091,7
Sahel,2025,39,41.2,29.4,86.6,0,803,12
Sahel,2025,40,34.2,32.2,76.4,0,1153,12
Sahel,2025,41,3.1,28.2,91.3,0,888,4
Sahel,2025,42,4.4,26.3,89.0,0,1022,11
Sahel,2025,43,1.7,27.9,88.2,0,1340,12
Sahel,2025,44,0.4,28.7,85.0,0,942,12
Sahel,2025,45,4.2,27.4,82.3,0,910,9
Sahel,2025,46,3.4,26.9,90.4,0,1202,4
Sahel,2025,47,3.6,32.8,87.8,0,204,8
Sahel,2025,48,3.5,25.9,77.1,0,151,10
Sahel,2025,49,3.3,30.5,88.3,0,201,4
Sahel,2025,50,4.1,30.8,87.5,0,146,6
Sahel,2025,51,2.5,27.8,94.3,0,211,3
Sahel,2025,52,4.2,30.6,89.4,0,205,11
Sahel,2026,1,4.1,26.4,80.1,0,164,10
Sahel,2026,2,0.6,28.8,80.9,0,197,7
Sahel,2026,3,0.3,25.3,77.4,0,155,7
Sahel,2026,4,3.4,30.2,84.1,0,176,2
Sahel,2026,5,4.3,25.1,88.8,0,133,10
Sahel,2026,6,0.5,31.0,93.2,0,206,9
Sahel,2026,7,4.3,27.9,78.0,0,217,1
Sahel,2026,8,3.4,29.1,78.5,0,138,14
Sahel,2026,9,3.2,30.2,76.7,0,228,9
Sahel,2026,10,0.2,37.9,81.7,0,182,8
Sahel,2026,11,1.3,36.9,88.1,0,239,13
Sahel,2026,12,1.0,35.1,86.3,0,173,7
Sahel,2026,13,1.3,35.2,92.6,0,188,1
Sahel,2026,14,3.3,38.8,89.0,0,251,14
Sahel,2026,15,5.0,39.1,82.3,1,134,14
Sahel,2026,16,4.1,38.0,87.4,1,196,0
Sahel,2026,17,1.2,36.1,79.7,0,238,10
Sahel,2026,18,0.8,41.0,78.2,0,193,2
Sahel,2026,19,4.7,32.6,87.2,0,180,2
Sahel,2026,20,4.1,32.9,76.9,0,173,14
Sahel,2026,21,4.9,30.4,75.8,0,233,4
Sahel,2026,22,6.5,25.4,78.8,0,207,3
Sahel,2026,23,34.8,25.9,82.4,0,169,4
Sahel,2026,24,29.5,28.3,78.5,0,154,7
Sahel,2026,25,24.1,30.4,92.0,1,171,6
Sahel,2026,26,5.4,30.5,92.8,1,1266,5
Sahel,2026,27,32.3,27.9,90.3,0,935,5
Sahel,2026,28,23.4,29.1,77.7,0,1016,12
Sahel,2026,29,43.3,30.4,81.7,0,1049,9
Sahel,2026,30,41.1,25.0,83.1,0,1057,9
Sahel,2026,31,40.4,28.2,91.4,0,1041,3
Sahel,2026,32,6.7,26.2,75.2,0,812,7
Sahel,2026,33,5.4,31.5,80.0,0,1204,14
Sahel,2026,34,33.8,26.4,84.0,0,1188,11
Sahel,2026,35,21.8,27.4,79.4,0,1015,6
Sahel,2026,36,20.1,26.8,81.7,0,1131,1
Sahel,2026,37,6.5,26.4,90.1,0,786,6
Sahel,2026,38,15.7,29.3,76.1,0,1207,0
Sahel,2026,39,33.1,27.9,90.2,0,1280,7
Sahel,2026,40,19.1,28.2,75.1,0,1206,3
Sahel,2026,41,2.0,30.5,92.4,0,1218,8
Sahel,2026,42,3.3,26.6,83.3,0,1311,12
Sahel,2026,43,2.6,25.9,88.2,0,1153,4
Sahel,2026,44,1.7,27.4,87.9,0,904,12
Sahel,2026,45,1.6,29.6,79.9,0,1052,14
Sahel,2026,46,3.4,30.7,85.2,0,1224,9
Sahel,2026,47,1.9,26.7,75.1,0,264,4
Sahel,2026,48,4.4,25.6,89.4,0,225,12
Sahel,2026,49,1.9,30.5,88.9,0,180,8
Sahel,2026,50,4.6,29.9,83.3,0,163,5
Sahel,2026,51,4.5,27.3,79.3,0,231,12
Sahel,2026,52,4.6,32.3,87.9,0,163,8
Est,2013,1,4.0,28.1,82.2,0,204,11
Est,2013,2,4.1,30.3,80.4,0,233,14
Est,2013,3,3.0,30.9,84.5,0,292,3
Est,2013,4,0.5,32.6,92.8,0,274,5
Est,2013,5,3.8,26.1,78.6,0,274,12
Est,2013,6,0.5,26.0,80.6,0,237,0
Est,2013,7,4.7,31.1,75.5,0,247,8
Est,2013,8,2.4,25.9,80.0,0,325,5
Est,2013,9,4.5,26.3,83.2,0,194,2
Est,2013,10,4.3,34.4,82.7,0,342,4
Est,2013,11,2.7,38.3,81.0,0,280,0
Est,2013,12,3.4,40.3,82.6,0,239,1
Est,2013,13,4.4,35.3,94.4,0,264,1
Est,2013,14,4.2,39.7,81.4,0,321,9
Est,2013,15,2.6,40.6,86.9,0,207,7
Est,2013,16,1.9,35.8,75.5,0,231,2
Est,2013,17,1.9,37.2,78.9,0,278,0
Est,2013,18,2.1,34.4,84.5,0,260,1
Est,2013,19,4.0,29.4,93.0,0,192,5
Est,2013,20,3.3,26.3,93.0,0,235,11
Est,2013,21,2.8,27.9,90.0,0,204,10
Est,2013,22,80.0,25.6,89.1,0,313,8
Est,2013,23,65.5,28.2,79.8,0,318,14
Est,2013,24,111.8,26.6,77.0,0,245,3
Est,2013,25,34.7,31.8,84.5,0,195,3
Est,2013,26,107.9,28.1,92.7,0,1186,13
Est,2013,27,66.3,27.6,88.2,0,1574,10
Est,2013,28,89.2,26.0,90.3,0,1191,5
Est,2013,29,115.4,28.0,78.2,0,1265,4
Est,2013,30,49.9,30.0,82.6,0,1325,13
Est,2013,31,96.0,27.8,75.9,0,1108,11
Est,2013,32,84.8,30.6,94.4,0,1560,8
Est,2013,33,50.3,32.1,94.8,0,1755,8
Est,2013,34,50.4,29.9,90.5,0,1162,12
Est,2013,35,98.3,32.1,82.6,0,1497,4
Est,2013,36,91.3,30.8,84.1,0,1200,3
Est,2013,37,116.0,32.7,93.6,0,1247,8
Est,2013,38,50.1,31.7,94.6,0,1328,3
Est,2013,39,70.1,27.5,84.6,0,1263,7
Est,2013,40,37.5,26.3,86.1,0,1401,14
Est,2013,41,4.5,30.9,81.7,0,1701,8
Est,2013,42,1.5,29.7,90.7,0,1112,4
Est,2013,43,3.8,31.3,78.4,0,1077,5
Est,2013,44,0.2,30.9,91.6,0,1565,3
Est,2013,45,0.7,25.3,75.6,0,1342,11
Est,2013,46,3.2,27.6,85.5,0,1636,7
Est,2013,47,3.9,32.0,79.1,0,266,10
Est,2013,48,0.5,25.1,79.4,0,203,2
Est,2013,49,1.9,32.4,81.5,0,226,11
Est,2013,50,2.2,32.0,80.5,0,230,11
Est,2013,51,0.8,30.2,77.1,0,344,14
Est,2013,52,0.2,25.3,82.8,0,222,13
Est,2014,1,3.2,25.4,87.1,0,324,12
Est,2014,2,4.5,29.9,77.7,0,223,0
Est,2014,3,1.0,26.5,91.1,0,257,12
Est,2014,4,0.7,30.9,76.7,0,208,4
Est,2014,5,3.5,31.4,93.2,0,332,12
Est,2014,6,1.4,31.5,77.6,0,192,11
Est,2014,7,3.5,30.2,91.4,0,324,1
Est,2014,8,3.5,31.3,77.0,0,326,2
Est,2014,9,4.4,26.5,89.2,0,342,12
Est,2014,10,1.8,39.3,86.9,0,294,3
Est,2014,11,4.4,38.7,86.1,0,341,4
Est,2014,12,0.4,38.0,76.4,0,247,3
Est,2014,13,3.5,40.1,92.1,0,329,13
Est,2014,14,3.8,37.4,84.2,0,328,10
Est,2014,15,2.9,39.9,84.8,0,198,9
Est,2014,16,3.2,34.3,79.4,0,298,1
Est,2014,17,5.0,39.1,88.6,0,201,7
Est,2014,18,3.4,40.2,84.8,0,312,14
Est,2014,19,4.5,32.1,90.4,0,321,7
Est,2014,20,1.8,29.3,94.4,0,260,9
Est,2014,21,3.7,27.6,78.5,0,206,6
Est,2014,22,78.7,30.6,86.3,0,199,0
Est,2014,23,100.1,32.3,94.9,0,280,1
Est,2014,24,65.7,30.0,84.3,0,205,4
Est,2014,25,71.3,32.8,76.4,0,342,5
Est,2014,26,46.9,29.1,92.7,0,1700,10
Est,2014,27,82.2,29.7,76.3,0,1558,4
Est,2014,28,63.9,31.6,88.7,0,1047,11
Est,2014,29,54.8,27.4,83.1,0,1354,1
Est,2014,30,118.6,29.0,79.1,0,1666,2
Est,2014,31,48.0,30.9,78.1,0,1676,11
Est,2014,32,59.7,26.2,75.3,0,1659,13
Est,2014,33,41.0,26.7,87.5,0,1597,12
Est,2014,34,99.3,30.1,91.7,0,1145,3
Est,2014,35,90.0,26.6,79.5,0,1222,12
Est,2014,36,54.5,28.1,79.6,0,1544,9
Est,2014,37,64.3,28.1,81.4,0,1435,6
Est,2014,38,39.1,32.0,76.9,0,1612,1
Est,2014,39,114.1,26.3,89.6,0,1197,3
Est,2014,40,37.9,26.0,86.5,0,1455,11
Est,2014,41,0.0,32.7,87.4,0,1586,2
Est,2014,42,3.3,25.3,87.9,0,1647,8
Est,2014,43,4.0,30.5,93.4,0,1745,0
Est,2014,44,2.6,30.6,82.8,0,1671,4
Est,2014,45,3.3,25.3,83.1,0,1438,0
Est,2014,46,4.1,26.6,90.3,0,1430,5
Est,2014,47,2.9,25.5,85.4,0,326,10
Est,2014,48,3.0,30.9,92.3,0,349,4
Est,2014,49,0.4,32.2,79.1,0,265,8
Est,2014,50,4.9,29.0,80.4,0,330,5
Est,2014,51,1.1,25.1,79.2,0,191,9
Est,2014,52,4.6,29.9,89.8,0,314,9
Est,2015,1,2.7,30.0,76.3,0,226,3
Est,2015,2,0.6,26.1,87.3,0,326,4
Est,2015,3,4.7,29.8,93.2,0,281,6
Est,2015,4,4.5,31.9,83.2,0,336,10
Est,2015,5,3.6,28.3,85.6,0,294,7
Est,2015,6,1.3,27.1,75.6,0,245,4
Est,2015,7,2.0,30.6,91.0,0,228,2
Est,2015,8,4.9,31.5,84.0,0,213,3
Est,2015,9,3.8,32.6,81.8,0,333,6
Est,2015,10,2.9,34.5,87.0,0,199,2
Est,2015,11,0.8,36.7,92.1,0,175,12
Est,2015,12,0.7,40.7,94.3,0,299,12
Est,2015,13,3.3,39.9,83.7,0,278,11
Est,2015,14,0.9,37.1,87.7,0,232,1
Est,2015,15,1.1,36.4,92.7,0,172,3
Est,2015,16,1.1,39.2,83.3,0,191,7
Est,2015,17,3.5,38.2,93.9,0,224,9
Est,2015,18,2.9,35.0,83.5,0,272,13
Est,2015,19,1.5,27.5,91.5,0,174,1
Est,2015,20,3.0,32.3,92.0,0,239,14
Est,2015,21,0.4,29.5,92.3,0,224,5
Est,2015,22,98.5,29.1,90.8,0,223,3
Est,2015,23,114.1,27.1,84.9,0,273,9
Est,2015,24,79.5,30.9,87.9,0,326,9
Est,2015,25,107.1,30.6,90.7,0,337,13
Est,2015,26,21.2,31.0,79.0,0,1604,8
Est,2015,27,48.4,31.6,75.4,0,1095,10
Est,2015,28,92.3,25.2,79.9,0,1221,13
Est,2015,29,89.8,31.6,80.1,0,1569,8
Est,2015,30,50.1,28.8,79.1,0,1531,12
Est,2015,31,69.6,31.1,83.4,0,1203,4
Est,2015,32,113.8,30.6,85.9,0,1449,4
Est,2015,33,85.8,31.3,92.8,0,1318,6
Est,2015,34,64.8,27.5,83.8,0,1448,12
Est,2015,35,36.4,28.4,85.1,0,1281,7
Est,2015,36,62.8,30.3,86.8,0,1322,12
Est,2015,37,118.2,30.5,89.3,0,1482,13
Est,2015,38,103.0,30.4,87.9,0,1278,14
Est,2015,39,104.2,27.1,77.2,0,1466,1
Est,2015,40,76.6,26.7,81.9,0,1075,14
Est,2015,41,3.9,28.2,78.3,0,1691,10
Est,2015,42,0.9,26.0,82.4,0,1593,2
Est,2015,43,4.5,26.4,93.5,0,1312,11
Est,2015,44,4.5,31.4,94.2,0,1470,9
Est,2015,45,4.0,32.4,82.8,0,1193,7
Est,2015,46,1.9,30.1,85.2,0,1391,0
Est,2015,47,2.8,25.2,81.0,0,328,5
Est,2015,48,1.8,30.3,82.5,0,264,1
Est,2015,49,0.4,32.3,83.5,0,251,14
Est,2015,50,0.8,26.6,76.8,0,173,3
Est,2015,51,2.4,31.0,94.4,0,174,6
Est,2015,52,2.4,29.2,91.0,0,267,8
Est,2016,1,1.4,25.0,75.9,0,204,2
Est,2016,2,4.6,28.0,93.0,0,296,13
Est,2016,3,3.4,27.6,80.5,0,178,12
Est,2016,4,4.1,26.4,75.2,0,175,9
Est,2016,5,4.3,25.4,85.1,0,231,13
Est,2016,6,0.1,25.2,77.1,0,229,12
Est,2016,7,2.6,32.2,88.2,0,329,14
Est,2016,8,1.1,27.0,77.8,0,244,8
Est,2016,9,1.0,32.2,77.5,0,223,9
Est,2016,10,0.3,37.0,84.8,0,284,8
Est,2016,11,0.5,35.1,85.0,0,310,10
Est,2016,12,3.3,35.6,79.8,0,259,9
Est,2016,13,3.3,35.2,75.4,0,315,13
Est,2016,14,4.2,36.1,81.0,0,185,10
Est,2016,15,3.2,39.0,86.5,0,245,8
Est,2016,16,4.0,36.6,79.6,0,179,1
Est,2016,17,3.9,38.4,83.6,0,176,1
Est,2016,18,0.4,37.8,80.7,0,305,9
Est,2016,19,4.5,32.0,76.4,0,335,7
Est,2016,20,2.8,32.4,89.1,0,207,0
Est,2016,21,3.6,29.6,89.5,0,237,5
Est,2016,22,72.9,28.9,75.5,0,331,1
Est,2016,23,59.2,30.1,75.2,0,255,0
Est,2016,24,55.7,28.1,87.1,0,304,14
Est,2016,25,31.2,27.1,77.9,0,330,0
Est,2016,26,112.0,26.9,78.1,0,1069,2
Est,2016,27,62.7,28.1,94.7,0,1411,0
Est,2016,28,64.1,30.1,86.6,0,1552,12
Est,2016,29,58.2,27.1,79.9,0,1554,3
Est,2016,30,104.0,30.2,80.2,0,1519,8
Est,2016,31,26.0,28.2,76.3,0,1321,9
Est,2016,32,57.4,27.1,80.6,0,1026,13
Est,2016,33,109.2,29.9,82.9,0,1174,5
Est,2016,34,85.0,28.7,78.2,0,1163,14
Est,2016,35,97.0,28.6,77.4,0,1569,3
Est,2016,36,55.7,29.0,75.8,0,1269,8
Est,2016,37,81.9,26.4,76.6,0,1366,13
Est,2016,38,80.2,26.9,91.6,0,1039,3
Est,2016,39,97.2,28.0,78.9,0,1166,5
Est,2016,40,82.0,25.8,92.0,0,1352,2
Est,2016,41,1.6,28.3,94.5,0,1177,0
Est,2016,42,0.5,29.7,94.1,0,1194,0
Est,2016,43,4.1,26.8,92.2,0,1175,11
Est,2016,44,4.9,29.4,78.3,0,1396,1
Est,2016,45,1.1,28.5,76.3,0,1549,0
Est,2016,46,4.2,28.2,94.4,0,1061,14
Est,2016,47,2.2,25.7,94.3,0,178,10
Est,2016,48,0.3,28.1,81.4,0,329,9
Est,2016,49,0.8,28.8,81.8,0,271,14
Est,2016,50,4.3,26.4,89.4,0,236,8
Est,2016,51,4.2,32.3,77.0,0,242,0
Est,2016,52,2.0,27.9,87.7,0,219,6
Est,2017,1,4.5,32.3,79.6,0,259,8
Est,2017,2,2.2,26.9,86.3,0,261,1
Est,2017,3,2.8,27.5,85.7,0,316,13
Est,2017,4,4.8,31.7,76.5,0,300,4
Est,2017,5,0.6,32.5,88.2,0,315,5
Est,2017,6,4.3,29.4,78.7,0,256,12
Est,2017,7,2.9,25.3,85.2,0,261,6
Est,2017,8,2.5,28.4,80.8,0,220,12
Est,2017,9,4.5,30.3,86.9,0,287,8
Est,2017,10,1.7,38.1,86.7,0,246,5
Est,2017,11,3.2,39.1,92.8,0,244,1
Est,2017,12,2.5,34.5,83.5,0,218,9
Est,2017,13,3.5,39.9,84.2,0,327,11
Est,2017,14,0.1,37.8,78.9,0,306,7
Est,2017,15,1.4,34.7,79.1,0,271,6
Est,2017,16,3.6,39.4,86.2,0,278,11
Est,2017,17,0.7,35.7,76.1,0,311,13
Est,2017,18,4.9,39.5,77.5,0,170,5
Est,2017,19,1.8,25.1,91.1,0,252,8
Est,2017,20,4.2,29.3,94.0,0,213,5
Est,2017,21,1.2,30.5,86.0,0,298,0
Est,2017,22,23.8,31.3,77.4,0,189,11
Est,2017,23,68.8,29.6,86.5,0,292,3
Est,2017,24,45.1,26.5,90.0,0,298,9
Est,2017,25,48.7,26.5,87.4,0,167,5
Est,2017,26,50.7,29.7,87.9,0,1273,9
Est,2017,27,96.2,25.8,82.3,0,1458,0
Est,2017,28,39.6,28.9,91.6,0,1131,5
Est,2017,29,33.7,32.4,87.8,0,967,0
Est,2017,30,40.9,29.0,83.3,0,1563,0
Est,2017,31,76.2,30.5,89.2,0,1434,9
Est,2017,32,65.0,29.1,94.9,0,1212,1
Est,2017,33,81.2,29.6,88.7,0,1093,3
Est,2017,34,94.3,32.6,78.5,0,1480,11
Est,2017,35,26.9,30.4,81.0,0,1415,14
Est,2017,36,110.2,27.0,84.8,0,1549,11
Est,2017,37,47.7,28.3,81.8,0,1646,2
Est,2017,38,100.9,28.1,92.5,0,1128,7
Est,2017,39,89.6,29.3,78.2,0,1233,7
Est,2017,40,84.4,27.6,92.1,0,1134,7
Est,2017,41,2.1,32.5,88.8,0,1321,5
Est,2017,42,3.7,28.8,81.8,0,1325,6
Est,2017,43,1.1,32.9,80.9,0,1352,5
Est,2017,44,1.0,30.1,84.4,0,1423,10
Est,2017,45,1.9,25.4,90.0,0,1352,13
Est,2017,46,2.7,28.8,88.8,0,1331,7
Est,2017,47,1.7,26.9,80.6,0,194,13
Est,2017,48,0.9,28.5,85.8,0,311,3
Est,2017,49,2.1,29.8,76.0,0,242,9
Est,2017,50,1.7,30.7,80.5,0,213,14
Est,2017,51,3.5,28.5,75.8,0,282,7
Est,2017,52,0.3,32.8,87.8,0,252,11
Est,2018,1,2.4,25.0,81.1,0,300,11
Est,2018,2,4.9,31.8,91.6,0,233,5
Est,2018,3,3.4,30.4,93.2,0,226,0
Est,2018,4,3.7,29.4,94.6,0,189,2
Est,2018,5,3.8,28.8,80.9,0,255,9
Est,2018,6,0.5,25.2,85.5,0,285,12
Est,2018,7,0.4,27.8,86.9,0,271,13
Est,2018,8,1.9,29.4,87.8,0,196,2
Est,2018,9,2.7,31.5,87.6,0,317,13
Est,2018,10,4.5,34.1,75.4,0,236,5
Est,2018,11,1.9,37.6,93.1,0,244,12
Est,2018,12,0.2,38.6,90.8,0,265,7
Est,2018,13,2.6,36.9,91.6,0,170,4
Est,2018,14,1.7,35.8,92.8,0,284,0
Est,2018,15,1.4,35.5,78.7,0,322,9
Est,2018,16,2.9,36.9,89.7,0,311,11
Est,2018,17,2.1,34.2,83.7,0,182,4
Est,2018,18,0.9,38.6,76.3,0,268,3
Est,2018,19,0.1,28.3,76.9,0,233,7
Est,2018,20,5.0,25.8,90.5,0,222,12
Est,2018,21,2.6,27.7,81.1,0,248,4
Est,2018,22,32.2,25.8,91.1,0,286,7
Est,2018,23,65.2,30.0,77.4,0,318,5
Est,2018,24,111.6,32.5,87.5,0,238,12
Est,2018,25,32.5,29.3,79.0,0,259,11
Est,2018,26,65.3,28.7,80.6,0,1442,4
Est,2018,27,58.8,32.2,94.7,0,1545,9
Est,2018,28,81.7,32.2,77.2,0,1378,5
Est,2018,29,96.3,32.7,88.8,0,977,1
Est,2018,30,85.8,32.7,89.9,0,1364,5
Est,2018,31,119.2,30.0,81.8,0,1027,10
Est,2018,32,41.8,29.5,84.2,0,1131,7
Est,2018,33,110.1,31.0,87.9,0,1019,8
Est,2018,34,85.9,26.7,77.8,0,1075,2
Est,2018,35,43.5,28.3,87.9,0,1403,4
Est,2018,36,107.7,32.1,84.6,0,1177,12
Est,2018,37,93.8,26.3,78.5,0,1223,5
Est,2018,38,110.2,32.4,94.3,0,1495,13
Est,2018,39,46.9,31.8,87.1,0,1437,7
Est,2018,40,101.9,31.7,79.9,0,1046,7
Est,2018,41,4.2,32.3,90.3,0,1316,13
Est,2018,42,1.0,30.8,79.5,0,1306,10
Est,2018,43,4.7,27.9,93.2,0,1326,0
Est,2018,44,4.1,25.6,75.9,0,1379,13
Est,2018,45,2.2,26.2,75.9,0,1483,1
Est,2018,46,2.6,29.8,92.9,0,1243,2
Est,2018,47,0.5,27.6,75.9,0,257,11
Est,2018,48,2.4,26.6,84.5,0,198,10
Est,2018,49,1.3,30.5,80.4,0,270,8
Est,2018,50,3.3,25.9,93.0,0,241,11
Est,2018,51,0.4,26.6,81.6,0,244,7
Est,2018,52,4.5,32.9,82.9,0,307,12
Est,2019,1,3.6,32.6,88.8,0,291,3
Est,2019,2,0.9,29.7,82.1,0,233,1
Est,2019,3,4.6,28.3,91.1,0,210,6
Est,2019,4,1.4,30.5,90.3,0,302,2
Est,2019,5,2.9,25.2,82.0,0,170,8
Est,2019,6,4.9,27.8,91.6,0,271,13
Est,2019,7,3.2,27.6,84.1,0,276,3
Est,2019,8,4.3,27.7,93.5,0,267,2
Est,2019,9,3.4,25.6,86.1,0,289,1
Est,2019,10,1.9,38.6,83.9,0,201,9
Est,2019,11,2.2,35.4,88.6,0,179,11
Est,2019,12,2.8,39.4,89.2,0,269,11
Est,2019,13,4.6,39.6,82.8,0,220,9
Est,2019,14,2.2,35.8,80.8,0,310,6
Est,2019,15,1.5,34.1,94.8,0,273,0
Est,2019,16,2.5,40.2,92.1,0,230,7
Est,2019,17,0.5,34.5,81.1,0,283,5
Est,2019,18,0.1,36.4,86.4,0,236,1
Est,2019,19,1.5,30.6,88.7,0,165,9
Est,2019,20,1.8,25.3,83.9,0,291,5
Est,2019,21,4.4,30.5,75.9,0,314,14
Est,2019,22,112.6,31.1,82.4,0,248,0
Est,2019,23,109.2,27.5,88.5,0,284,2
Est,2019,24,78.4,31.0,79.7,0,266,11
Est,2019,25,34.7,31.7,84.9,0,313,12
Est,2019,26,63.7,25.5,77.3,0,1106,9
Est,2019,27,59.4,30.2,93.9,0,1254,5
Est,2019,28,21.6,31.4,90.0,0,1150,2
Est,2019,29,108.7,33.0,89.3,0,1034,6
Est,2019,30,102.3,31.2,89.5,0,1343,7
Est,2019,31,58.8,25.8,87.7,0,985,6
Est,2019,32,118.7,28.4,93.9,0,1499,1
Est,2019,33,117.6,25.7,84.6,0,1223,10
Est,2019,34,106.3,26.9,87.0,0,1333,8
Est,2019,35,100.8,31.9,84.0,0,1424,13
Est,2019,36,59.2,29.6,93.2,0,1561,4
Est,2019,37,116.6,31.9,86.6,0,1387,1
Est,2019,38,109.4,30.8,86.4,0,1334,14
Est,2019,39,28.0,26.0,76.1,0,946,12
Est,2019,40,55.6,30.2,79.6,0,1090,7
Est,2019,41,0.7,26.9,93.6,0,1274,0
Est,2019,42,2.2,25.6,86.3,0,1460,1
Est,2019,43,3.6,25.1,84.5,0,1493,3
Est,2019,44,1.8,30.2,90.7,0,1476,0
Est,2019,45,2.0,26.0,94.3,0,1178,1
Est,2019,46,3.6,27.9,79.6,0,1397,2
Est,2019,47,4.6,31.3,85.5,0,257,13
Est,2019,48,3.1,28.8,83.7,0,169,3
Est,2019,49,3.2,25.4,82.6,0,190,1
Est,2019,50,3.1,25.1,77.0,0,240,10
Est,2019,51,2.7,29.9,82.3,0,205,13
Est,2019,52,0.8,32.7,78.7,0,309,11
Est,2020,1,0.1,29.7,92.1,0,252,0
Est,2020,2,3.7,32.8,84.2,0,200,6
Est,2020,3,3.4,25.1,84.9,0,267,12
Est,2020,4,4.4,30.4,78.2,0,205,11
Est,2020,5,0.6,28.4,76.2,0,267,12
Est,2020,6,1.9,26.9,91.3,0,197,1
Est,2020,7,0.5,30.2,89.0,0,246,0
Est,2020,8,0.4,25.4,91.8,0,228,14
Est,2020,9,2.2,32.2,80.9,0,155,14
Est,2020,10,0.6,39.9,91.5,0,183,12
Est,2020,11,1.4,38.2,86.5,0,282,9
Est,2020,12,0.9,40.2,94.2,0,218,12
Est,2020,13,4.7,39.2,92.9,0,295,14
Est,2020,14,1.0,38.7,90.8,0,156,3
Est,2020,15,1.0,37.1,80.8,0,189,0
Est,2020,16,1.0,40.1,82.0,0,226,4
Est,2020,17,0.9,36.3,87.6,0,183,6
Est,2020,18,1.0,37.1,87.9,0,155,1
Est,2020,19,3.1,29.7,86.8,0,205,11
Est,2020,20,2.3,29.6,85.6,0,192,4
Est,2020,21,4.2,27.8,81.9,0,222,7
Est,2020,22,101.8,31.3,87.1,0,280,1
Est,2020,23,42.4,25.2,81.7,0,257,14
Est,2020,24,71.5,30.9,78.7,0,236,10
Est,2020,25,108.9,26.3,92.8,0,297,11
Est,2020,26,25.2,27.7,89.4,0,1239,11
Est,2020,27,44.4,31.9,93.0,0,923,4
Est,2020,28,102.1,26.3,75.5,0,1478,5
Est,2020,29,62.7,32.6,79.5,0,1507,11
Est,2020,30,39.5,26.2,93.5,0,1068,0
Est,2020,31,95.9,32.4,94.6,0,1158,13
Est,2020,32,88.6,30.8,84.9,0,1158,13
Est,2020,33,42.8,25.3,81.8,0,1175,2
Est,2020,34,87.1,31.2,83.1,0,1228,7
Est,2020,35,52.6,25.7,92.8,0,1222,9
Est,2020,36,104.7,30.0,83.2,0,1195,2
Est,2020,37,82.3,26.3,93.6,0,1068,10
Est,2020,38,78.8,28.2,76.9,0,1097,9
Est,2020,39,73.7,31.0,76.1,0,1043,4
Est,2020,40,75.4,31.7,88.7,0,1395,5
Est,2020,41,4.2,25.3,85.9,0,1005,7
Est,2020,42,3.1,32.7,79.1,0,1200,0
Est,2020,43,2.5,32.2,87.1,0,1147,10
Est,2020,44,1.7,27.0,80.7,0,1480,10
Est,2020,45,2.7,28.1,93.0,0,1259,10
Est,2020,46,0.7,32.3,89.1,0,1382,2
Est,2020,47,4.0,26.8,90.2,0,239,2
Est,2020,48,0.3,27.6,78.6,0,228,3
Est,2020,49,2.0,31.1,88.2,0,190,13
Est,2020,50,1.7,28.9,76.4,0,281,2
Est,2020,51,2.1,30.3,93.3,0,240,12
Est,2020,52,3.3,32.6,85.1,0,249,6
Est,2021,1,1.6,30.1,89.9,0,259,4
Est,2021,2,0.3,28.6,81.5,0,228,10
Est,2021,3,1.4,28.8,88.7,0,240,11
Est,2021,4,3.6,32.5,90.7,0,204,5
Est,2021,5,3.6,28.1,86.9,0,281,8
Est,2021,6,1.0,27.7,77.6,0,286,4
Est,2021,7,2.7,27.0,77.4,0,163,11
Est,2021,8,4.8,26.8,90.0,0,285,11
Est,2021,9,4.8,28.1,85.7,0,226,9
Est,2021,10,2.4,39.9,87.9,0,292,2
Est,2021,11,0.8,38.8,80.9,0,157,1
Est,2021,12,1.7,39.2,84.1,0,195,3
Est,2021,13,4.4,36.0,82.9,0,255,12
Est,2021,14,4.2,40.3,75.6,0,268,12
Est,2021,15,1.9,39.5,83.7,0,294,12
Est,2021,16,0.4,36.2,78.5,0,293,0
Est,2021,17,0.3,35.8,82.1,0,167,3
Est,2021,18,3.3,36.4,88.4,0,288,7
Est,2021,19,0.7,25.6,79.2,0,258,14
Est,2021,20,0.2,29.3,91.3,0,242,1
Est,2021,21,3.5,26.3,88.6,0,235,7
Est,2021,22,108.6,25.7,84.5,0,204,11
Est,2021,23,37.6,32.0,82.5,0,163,11
Est,2021,24,21.4,28.1,90.1,0,151,11
Est,2021,25,25.5,29.1,82.6,0,202,13
Est,2021,26,81.3,26.6,94.3,0,1395,11
Est,2021,27,118.7,29.9,91.1,0,1348,8
Est,2021,28,113.8,28.2,86.9,0,1238,5
Est,2021,29,64.7,30.6,79.2,0,1027,4
Est,2021,30,33.1,28.1,82.9,0,1195,9
Est,2021,31,28.5,25.7,89.7,0,1306,10
Est,2021,32,29.0,25.3,77.1,0,1174,9
Est,2021,33,46.3,29.7,80.5,0,943,8
Est,2021,34,100.3,26.1,75.4,0,1001,7
Est,2021,35,68.6,32.8,89.2,0,952,10
Est,2021,36,69.7,25.9,92.2,0,1403,2
Est,2021,37,110.0,30.4,87.0,0,971,4
Est,2021,38,76.3,25.2,78.4,0,1416,3
Est,2021,39,69.9,31.2,91.1,0,1326,8
Est,2021,40,75.7,31.4,84.9,0,949,4
Est,2021,41,2.5,28.5,88.7,0,1331,2
Est,2021,42,3.6,26.1,93.3,0,1265,1
Est,2021,43,4.2,27.9,80.7,0,1383,8
Est,2021,44,1.2,32.6,82.9,0,1135,6
Est,2021,45,1.2,30.3,76.1,0,1188,12
Est,2021,46,3.2,30.6,76.6,0,1356,11
Est,2021,47,1.2,31.8,79.8,0,153,8
Est,2021,48,1.3,29.2,92.3,0,288,6
Est,2021,49,0.1,32.0,82.8,0,275,2
Est,2021,50,2.1,26.6,93.5,0,172,5
Est,2021,51,3.7,25.6,93.4,0,220,4
Est,2021,52,3.1,25.7,87.8,0,234,2
Est,2022,1,0.2,25.9,91.9,0,271,13
Est,2022,2,4.7,29.7,87.8,0,171,4
Est,2022,3,3.9,31.7,88.8,0,273,1
Est,2022,4,3.6,28.8,77.3,0,191,4
Est,2022,5,3.5,28.4,81.0,0,242,7
Est,2022,6,4.5,26.6,93.4,0,291,3
Est,2022,7,4.0,32.2,87.3,0,236,8
Est,2022,8,4.0,30.7,79.4,0,154,13
Est,2022,9,0.2,26.3,91.2,0,293,0
Est,2022,10,1.1,34.1,91.3,0,274,3
Est,2022,11,1.7,35.8,94.5,0,205,7
Est,2022,12,4.8,40.7,91.0,0,197,13
Est,2022,13,3.2,35.4,91.9,0,246,11
Est,2022,14,4.8,38.3,76.7,0,286,1
Est,2022,15,1.4,37.9,91.4,0,208,9
Est,2022,16,3.3,37.7,82.4,0,270,2
Est,2022,17,3.1,39.9,86.6,0,255,12
Est,2022,18,4.7,34.3,76.6,0,228,8
Est,2022,19,1.5,32.4,86.5,0,290,8
Est,2022,20,4.0,26.4,76.3,0,200,6
Est,2022,21,1.8,26.4,79.6,0,259,1
Est,2022,22,80.8,26.4,87.7,0,155,2
Est,2022,23,107.3,32.9,75.8,0,211,4
Est,2022,24,45.4,29.2,91.7,0,209,7
Est,2022,25,40.8,30.7,86.2,0,202,7
Est,2022,26,27.6,30.3,85.4,0,930,12
Est,2022,27,119.0,32.2,93.3,0,1332,2
Est,2022,28,32.1,30.3,75.1,0,1094,3
Est,2022,29,35.2,32.2,92.1,0,994,14
Est,2022,30,78.7,27.2,83.3,0,1225,14
Est,2022,31,71.9,28.4,81.9,0,1192,4
Est,2022,32,45.5,27.4,93.3,0,891,8
Est,2022,33,32.9,28.0,89.3,0,1256,12
Est,2022,34,118.0,27.3,78.4,0,955,14
Est,2022,35,26.3,25.3,88.9,0,1093,4
Est,2022,36,70.7,32.5,90.7,0,1146,9
Est,2022,37,89.8,26.0,88.5,0,1043,0
Est,2022,38,39.5,30.8,91.2,0,1470,3
Est,2022,39,51.3,32.4,93.4,0,1474,3
Est,2022,40,115.0,25.8,87.8,0,1174,2
Est,2022,41,3.6,30.6,79.5,0,1021,14
Est,2022,42,4.9,28.9,82.3,0,1002,11
Est,2022,43,2.5,28.6,76.3,0,1122,2
Est,2022,44,3.2,26.0,81.7,0,1156,5
Est,2022,45,3.8,26.3,78.5,0,922,7
Est,2022,46,3.5,29.9,80.3,0,1140,2
Est,2022,47,2.2,29.0,91.9,0,282,2
Est,2022,48,3.0,28.2,92.0,0,179,6
Est,2022,49,3.5,32.9,93.3,0,160,12
Est,2022,50,3.3,28.9,88.3,0,228,10
Est,2022,51,2.7,29.3,82.0,0,165,7
Est,2022,52,1.8,27.7,92.4,0,174,1
Est,2023,1,4.5,25.3,93.0,0,275,8
Est,2023,2,2.5,31.8,76.5,0,178,0
Est,2023,3,0.0,28.6,81.3,0,274,13
Est,2023,4,2.3,31.2,78.9,0,273,3
Est,2023,5,4.3,30.1,80.4,0,167,1
Est,2023,6,0.2,31.7,82.8,0,250,5
Est,2023,7,1.0,28.1,84.6,0,229,3
Est,2023,8,2.8,26.9,86.8,0,215,13
Est,2023,9,1.7,32.0,76.3,0,272,4
Est,2023,10,4.8,40.5,75.4,0,234,3
Est,2023,11,3.2,36.7,90.7,0,212,3
Est,2023,12,3.6,37.3,82.0,0,163,11
Est,2023,13,0.7,38.8,82.4,0,182,5
Est,2023,14,1.6,35.6,84.5,0,202,1
Est,2023,15,4.0,39.4,86.3,0,214,13
Est,2023,16,0.0,38.1,88.9,0,210,4
Est,2023,17,0.8,35.0,80.0,0,269,12
Est,2023,18,0.0,35.8,80.3,0,214,6
Est,2023,19,1.0,25.8,76.3,0,243,9
Est,2023,20,2.4,29.8,84.3,0,263,13
Est,2023,21,4.1,25.7,86.2,0,146,14
Est,2023,22,97.9,32.8,94.0,0,274,5
Est,2023,23,52.2,25.1,86.0,0,213,3
Est,2023,24,82.2,25.8,92.1,0,182,0
Est,2023,25,59.0,31.6,76.6,0,282,8
Est,2023,26,32.4,26.5,90.2,0,1069,14
Est,2023,27,46.7,25.7,81.5,0,1205,8
Est,2023,28,38.1,27.4,92.3,0,1283,0
Est,2023,29,46.5,26.7,94.8,0,1372,4
Est,2023,30,60.3,25.4,76.3,0,1148,8
Est,2023,31,84.6,28.9,75.1,0,853,1
Est,2023,32,28.3,27.7,76.1,0,1370,1
Est,2023,33,102.8,27.5,83.9,0,944,5
Est,2023,34,110.3,32.9,90.6,0,1069,5
Est,2023,35,113.6,26.1,81.5,0,1399,8
Est,2023,36,78.3,31.7,90.4,0,1124,5
Est,2023,37,57.5,31.8,84.2,0,1008,14
Est,2023,38,97.1,28.5,78.8,0,1049,6
Est,2023,39,77.1,29.3,89.4,0,1066,9
Est,2023,40,80.8,26.2,90.0,0,966,1
Est,2023,41,1.0,25.7,92.4,0,1290,11
Est,2023,42,1.7,32.3,92.3,0,1438,1
Est,2023,43,4.4,32.4,92.8,0,1412,12
Est,2023,44,1.9,26.7,83.1,0,1056,3
Est,2023,45,3.4,26.5,84.1,0,1254,9
Est,2023,46,1.9,28.8,93.2,0,912,2
Est,2023,47,3.9,32.3,80.8,0,256,3
Est,2023,48,0.4,30.3,84.5,0,262,0
Est,2023,49,1.9,25.8,91.7,0,173,4
Est,2023,50,3.4,29.4,88.1,0,168,13
Est,2023,51,2.0,32.4,86.8,0,283,8
Est,2023,52,3.4,26.5,77.2,0,176,10
Est,2024,1,0.8,29.5,82.2,0,268,11
Est,2024,2,2.9,30.4,93.2,0,243,9
Est,2024,3,3.4,28.0,91.8,0,260,11
Est,2024,4,2.5,28.4,83.4,0,248,13
Est,2024,5,0.6,28.2,93.9,0,147,4
Est,2024,6,3.0,25.2,75.6,0,234,5
Est,2024,7,3.9,25.2,85.7,0,153,12
Est,2024,8,4.8,28.9,85.3,0,224,12
Est,2024,9,3.6,26.2,79.4,0,221,7
Est,2024,10,3.1,35.4,84.1,0,171,10
Est,2024,11,2.4,39.9,86.6,0,264,6
Est,2024,12,3.7,35.6,90.8,0,245,7
Est,2024,13,0.4,40.7,75.5,0,247,1
Est,2024,14,3.7,34.7,83.5,0,205,0
Est,2024,15,0.4,36.2,89.4,1,225,9
Est,2024,16,4.2,34.6,76.2,1,270,11
Est,2024,17,0.3,35.6,75.3,0,264,8
Est,2024,18,0.9,39.8,78.1,0,187,6
Est,2024,19,1.5,32.1,93.9,0,246,11
Est,2024,20,2.8,30.8,85.8,0,191,13
Est,2024,21,1.8,28.2,94.5,0,156,12
Est,2024,22,48.1,25.1,85.3,0,222,9
Est,2024,23,90.3,26.7,77.2,0,262,13
Est,2024,24,107.6,27.9,84.3,0,173,10
Est,2024,25,92.8,31.3,86.9,1,253,13
Est,2024,26,115.2,26.9,84.0,1,1360,3
Est,2024,27,54.9,28.9,78.2,0,1026,7
Est,2024,28,62.6,29.8,83.6,0,842,0
Est,2024,29,45.8,28.7,91.2,0,819,13
Est,2024,30,119.3,25.7,91.7,0,1024,7
Est,2024,31,99.4,30.5,94.7,0,1221,13
Est,2024,32,111.9,27.6,89.5,0,1306,2
Est,2024,33,42.0,26.0,86.9,0,1347,5
Est,2024,34,40.1,25.2,94.9,0,1025,13
Est,2024,35,91.6,29.4,82.7,0,1158,8
Est,2024,36,30.1,27.5,85.4,0,1092,13
Est,2024,37,64.7,27.5,77.3,0,1356,13
Est,2024,38,104.6,30.8,82.1,0,1119,10
Est,2024,39,94.7,26.6,88.4,0,954,10
Est,2024,40,41.2,31.7,76.3,0,922,8
Est,2024,41,0.2,30.8,83.8,0,970,13
Est,2024,42,2.7,27.9,88.5,0,876,5
Est,2024,43,3.2,32.5,82.0,0,1259,11
Est,2024,44,4.8,31.9,91.5,0,1186,5
Est,2024,45,0.7,30.8,81.7,0,1206,0
Est,2024,46,3.1,29.1,89.0,0,1304,8
Est,2024,47,1.0,26.4,93.7,0,263,0
Est,2024,48,4.9,32.8,86.4,0,244,11
Est,2024,49,0.8,28.6,80.8,0,251,4
Est,2024,50,0.9,28.7,93.5,0,205,1
Est,2024,51,4.6,27.5,94.0,0,140,7
Est,2024,52,0.4,28.1,76.7,0,256,10
Est,2025,1,1.2,29.1,90.4,0,272,14
Est,2025,2,3.5,32.6,94.8,0,245,4
Est,2025,3,0.9,32.5,79.4,0,179,8
Est,2025,4,1.4,31.3,77.6,0,204,1
Est,2025,5,0.3,30.6,79.6,0,223,0
Est,2025,6,0.5,25.5,92.1,0,183,8
Est,2025,7,4.1,28.6,90.7,0,248,7
Est,2025,8,0.0,25.2,80.5,0,190,9
Est,2025,9,0.8,29.1,75.8,0,186,3
Est,2025,10,4.8,40.9,93.0,0,246,9
Est,2025,11,4.5,39.5,81.0,0,264,12
Est,2025,12,3.8,36.2,84.8,0,219,7
Est,2025,13,4.7,34.8,80.2,0,238,12
Est,2025,14,4.4,34.7,81.2,0,207,8
Est,2025,15,1.9,36.5,87.9,1,200,12
Est,2025,16,1.5,36.9,90.3,1,246,2
Est,2025,17,5.0,34.3,87.2,0,250,1
Est,2025,18,4.0,36.2,78.1,0,224,5
Est,2025,19,4.2,30.8,85.3,0,186,2
Est,2025,20,2.9,30.0,77.1,0,241,5
Est,2025,21,4.5,31.6,85.7,0,266,1
Est,2025,22,54.1,29.7,86.6,0,189,12
Est,2025,23,78.0,30.6,80.2,0,199,8
Est,2025,24,119.3,30.5,79.1,0,254,11
Est,2025,25,41.4,25.2,94.6,1,224,11
Est,2025,26,95.4,26.2,77.3,1,1237,2
Est,2025,27,87.9,32.7,80.7,0,1071,8
Est,2025,28,91.1,32.3,83.6,0,1051,9
Est,2025,29,98.7,29.3,82.2,0,1195,1
Est,2025,30,63.6,27.6,86.7,0,1163,10
Est,2025,31,81.2,29.6,77.8,0,1297,1
Est,2025,32,59.0,27.3,91.8,0,1152,3
Est,2025,33,89.1,31.9,83.5,0,945,2
Est,2025,34,21.5,32.9,89.0,0,823,1
Est,2025,35,29.0,32.7,80.2,0,1287,5
Est,2025,36,46.4,28.2,93.0,0,1210,0
Est,2025,37,99.7,32.2,93.3,0,1153,2
Est,2025,38,35.9,32.1,91.7,0,1312,7
Est,2025,39,89.6,25.7,77.7,0,877,12
Est,2025,40,82.4,27.0,91.2,0,1114,3
Est,2025,41,5.0,29.1,90.0,0,1082,11
Est,2025,42,3.6,32.0,82.8,0,1095,2
Est,2025,43,4.2,31.1,89.1,0,1285,10
Est,2025,44,2.1,28.4,76.6,0,1228,5
Est,2025,45,2.0,31.0,93.5,0,1085,5
Est,2025,46,3.7,32.0,84.3,0,1311,12
Est,2025,47,1.0,25.9,76.8,0,198,8
Est,2025,48,4.9,25.9,77.8,0,226,2
Est,2025,49,2.6,30.9,78.8,0,153,3
Est,2025,50,0.4,28.7,76.3,0,248,5
Est,2025,51,4.7,28.6,89.6,0,175,0
Est,2025,52,3.3,28.2,81.4,0,227,7
Est,2026,1,1.1,29.2,76.7,0,254,11
Est,2026,2,1.7,25.5,76.7,0,212,2
Est,2026,3,3.8,30.6,86.4,0,226,7
Est,2026,4,2.1,28.4,77.9,0,165,6
Est,2026,5,1.6,25.6,79.0,0,215,3
Est,2026,6,3.8,26.9,81.4,0,194,6
Est,2026,7,0.3,30.1,75.4,0,148,6
Est,2026,8,1.9,32.1,86.2,0,191,4
Est,2026,9,2.3,29.3,92.5,0,167,13
Est,2026,10,4.3,39.8,92.3,0,265,0
Est,2026,11,2.4,37.2,90.4,0,212,11
Est,2026,12,2.1,38.8,85.6,0,211,8
Est,2026,13,4.0,39.6,84.6,0,178,8
Est,2026,14,4.1,34.4,77.4,0,188,8
Est,2026,15,4.5,37.9,81.1,1,176,8
Est,2026,16,1.3,40.2,86.0,1,225,0
Est,2026,17,4.1,39.7,76.7,0,161,5
Est,2026,18,3.6,40.5,81.0,0,192,10
Est,2026,19,3.2,30.8,89.9,0,201,14
Est,2026,20,2.6,27.1,81.4,0,159,14
Est,2026,21,4.1,29.8,90.6,0,266,6
Est,2026,22,47.9,28.0,77.7,0,177,5
Est,2026,23,103.4,31.3,90.2,0,154,7
Est,2026,24,79.4,26.8,81.6,0,238,10
Est,2026,25,104.9,31.4,80.2,1,264,1
Est,2026,26,32.1,29.8,94.9,1,979,1
Est,2026,27,35.0,28.7,83.9,0,830,0
Est,2026,28,92.1,31.3,87.6,0,1255,0
Est,2026,29,45.6,31.1,89.4,0,1001,1
Est,2026,30,37.8,25.2,89.0,0,1204,7
Est,2026,31,28.0,26.1,89.1,0,1211,9
Est,2026,32,74.4,32.1,78.1,0,1123,6
Est,2026,33,64.2,25.1,75.3,0,903,12
Est,2026,34,68.4,30.2,90.0,0,993,5
Est,2026,35,73.1,31.6,83.2,0,928,13
Est,2026,36,34.9,31.6,87.2,0,990,6
Est,2026,37,73.9,31.6,79.1,0,1144,3
Est,2026,38,111.0,27.7,90.2,0,1072,1
Est,2026,39,111.9,31.8,87.1,0,1075,8
Est,2026,40,52.8,29.0,82.9,0,1141,12
Est,2026,41,2.8,29.7,84.7,0,942,1
Est,2026,42,1.0,32.7,90.4,0,984,7
Est,2026,43,2.8,31.1,94.0,0,1235,6
Est,2026,44,1.3,26.8,86.6,0,973,1
Est,2026,45,1.1,25.6,87.3,0,965,12
Est,2026,46,0.9,31.6,75.4,0,1276,6
Est,2026,47,4.6,29.4,89.0,0,204,5
Est,2026,48,2.3,30.0,86.5,0,222,4
Est,2026,49,4.4,28.3,82.5,0,229,10
Est,2026,50,1.4,26.0,84.0,0,265,6
Est,2026,51,3.1,32.0,76.6,0,189,7
Est,2026,52,2.0,26.5,77.0,0,168,8
Boucle du Mouhoun,2013,1,0.7,31.5,88.4,0,204,12
Boucle du Mouhoun,2013,2,3.0,29.4,92.3,0,338,1
Boucle du Mouhoun,2013,3,2.7,30.4,78.4,0,345,4
Boucle du Mouhoun,2013,4,2.9,25.7,76.5,0,266,3
Boucle du Mouhoun,2013,5,2.0,28.3,76.7,0,204,4
Boucle du Mouhoun,2013,6,3.6,30.1,82.6,0,331,6
Boucle du Mouhoun,2013,7,1.7,32.9,89.5,0,182,3
Boucle du Mouhoun,2013,8,1.8,33.0,78.0,0,236,14
Boucle du Mouhoun,2013,9,0.4,30.3,82.5,0,318,9
Boucle du Mouhoun,2013,10,3.2,39.9,82.8,0,216,5
Boucle du Mouhoun,2013,11,4.4,34.7,79.0,0,230,13
Boucle du Mouhoun,2013,12,2.2,35.3,79.2,0,233,1
Boucle du Mouhoun,2013,13,0.3,34.5,77.0,0,217,4
Boucle du Mouhoun,2013,14,0.1,39.2,94.8,0,230,4
Boucle du Mouhoun,2013,15,0.9,38.1,94.0,0,305,4
Boucle du Mouhoun,2013,16,3.4,40.9,83.2,0,214,10
Boucle du Mouhoun,2013,17,1.4,38.9,82.9,0,200,3
Boucle du Mouhoun,2013,18,1.3,39.9,89.0,0,276,9
Boucle du Mouhoun,2013,19,1.9,26.7,89.4,0,245,11
Boucle du Mouhoun,2013,20,0.5,31.4,75.9,0,273,6
Boucle du Mouhoun,2013,21,3.2,32.9,76.5,0,204,9
Boucle du Mouhoun,2013,22,113.1,30.3,83.3,0,225,8
Boucle du Mouhoun,2013,23,88.6,29.8,90.5,0,316,11
Boucle du Mouhoun,2013,24,85.2,31.9,89.5,0,189,9
Boucle du Mouhoun,2013,25,54.3,32.6,81.4,0,357,3
Boucle du Mouhoun,2013,26,32.7,29.2,86.0,0,1107,14
Boucle du Mouhoun,2013,27,34.9,29.9,90.9,0,1716,13
Boucle du Mouhoun,2013,28,26.6,25.4,84.3,0,1502,10
Boucle du Mouhoun,2013,29,41.8,30.0,90.0,0,1144,13
Boucle du Mouhoun,2013,30,29.4,25.4,80.0,0,1099,7
Boucle du Mouhoun,2013,31,63.3,28.4,94.6,0,1320,4
Boucle du Mouhoun,2013,32,44.5,28.3,85.6,0,1438,1
Boucle du Mouhoun,2013,33,63.6,25.5,81.9,0,1208,14
Boucle du Mouhoun,2013,34,79.9,25.3,78.8,0,1777,7
Boucle du Mouhoun,2013,35,22.1,26.6,82.9,0,1689,5
Boucle du Mouhoun,2013,36,64.6,27.5,75.0,0,1448,7
Boucle du Mouhoun,2013,37,66.4,30.8,77.0,0,1261,10
Boucle du Mouhoun,2013,38,108.6,29.9,82.3,0,1637,0
Boucle du Mouhoun,2013,39,70.2,27.6,94.0,0,1710,13
Boucle du Mouhoun,2013,40,97.4,25.1,86.8,0,1670,2
Boucle du Mouhoun,2013,41,0.1,29.4,90.7,0,1231,13
Boucle du Mouhoun,2013,42,3.7,25.4,90.2,0,1538,6
Boucle du Mouhoun,2013,43,4.0,31.6,79.8,0,1105,8
Boucle du Mouhoun,2013,44,2.1,31.4,80.6,0,1692,12
Boucle du Mouhoun,2013,45,2.5,28.1,93.3,0,1086,2
Boucle du Mouhoun,2013,46,2.5,29.7,91.0,0,1637,2
Boucle du Mouhoun,2013,47,0.5,29.3,94.4,0,243,3
Boucle du Mouhoun,2013,48,2.6,27.7,75.5,0,235,2
Boucle du Mouhoun,2013,49,0.6,31.3,77.2,0,314,2
Boucle du Mouhoun,2013,50,3.3,26.5,91.6,0,232,7
Boucle du Mouhoun,2013,51,0.5,27.1,85.5,0,344,9
Boucle du Mouhoun,2013,52,2.2,32.2,81.5,0,341,10
Boucle du Mouhoun,2014,1,3.4,29.6,79.4,0,263,8
Boucle du Mouhoun,2014,2,2.4,25.5,76.5,0,337,5
Boucle du Mouhoun,2014,3,0.4,28.9,88.1,0,337,12
Boucle du Mouhoun,2014,4,1.9,26.1,75.3,0,220,5
Boucle du Mouhoun,2014,5,3.3,25.6,75.2,0,322,6
Boucle du Mouhoun,2014,6,1.3,26.4,87.6,0,283,5
Boucle du Mouhoun,2014,7,4.0,28.3,93.7,0,336,12
Boucle du Mouhoun,2014,8,0.1,31.6,93.3,0,213,6
Boucle du Mouhoun,2014,9,0.8,25.9,76.3,0,303,4
Boucle du Mouhoun,2014,10,4.5,39.2,83.9,0,276,10
Boucle du Mouhoun,2014,11,0.8,40.7,87.5,0,261,1
Boucle du Mouhoun,2014,12,2.7,38.0,94.4,0,286,11
Boucle du Mouhoun,2014,13,3.6,34.5,89.2,0,239,4
Boucle du Mouhoun,2014,14,4.7,40.8,93.9,0,281,8
Boucle du Mouhoun,2014,15,2.4,40.7,82.7,0,350,13
Boucle du Mouhoun,2014,16,1.0,35.5,89.0,0,268,2
Boucle du Mouhoun,2014,17,4.2,34.8,93.9,0,295,14
Boucle du Mouhoun,2014,18,4.1,38.0,87.8,0,226,0
Boucle du Mouhoun,2014,19,1.8,27.5,85.6,0,252,2
Boucle du Mouhoun,2014,20,0.9,29.1,94.0,0,217,1
Boucle du Mouhoun,2014,21,1.4,32.3,91.6,0,216,7
Boucle du Mouhoun,2014,22,46.6,28.0,77.2,0,273,6
Boucle du Mouhoun,2014,23,84.9,25.2,80.9,0,261,8
Boucle du Mouhoun,2014,24,58.9,27.1,90.9,0,225,6
Boucle du Mouhoun,2014,25,104.9,28.2,79.4,0,332,11
Boucle du Mouhoun,2014,26,63.7,29.1,88.3,0,1664,9
Boucle du Mouhoun,2014,27,79.4,29.6,87.9,0,1673,6
Boucle du Mouhoun,2014,28,109.1,29.5,78.3,0,1456,7
Boucle du Mouhoun,2014,29,101.3,28.4,80.1,0,1580,11
Boucle du Mouhoun,2014,30,99.6,28.5,86.7,0,1566,12
Boucle du Mouhoun,2014,31,50.0,30.2,86.6,0,1158,14
Boucle du Mouhoun,2014,32,87.6,32.1,94.8,0,1543,9
Boucle du Mouhoun,2014,33,118.0,25.1,90.8,0,1651,0
Boucle du Mouhoun,2014,34,71.8,28.5,85.8,0,1360,2
Boucle du Mouhoun,2014,35,106.6,28.1,76.2,0,1447,10
Boucle du Mouhoun,2014,36,25.3,32.5,78.0,0,1117,3
Boucle du Mouhoun,2014,37,74.2,26.4,81.5,0,1188,0
Boucle du Mouhoun,2014,38,23.6,30.8,92.7,0,1529,5
Boucle du Mouhoun,2014,39,116.9,27.9,94.1,0,1714,13
Boucle du Mouhoun,2014,40,81.3,29.1,85.1,0,1059,4
Boucle du Mouhoun,2014,41,1.0,27.6,77.4,0,1288,12
Boucle du Mouhoun,2014,42,2.0,32.5,77.7,0,1548,9
Boucle du Mouhoun,2014,43,0.3,26.1,85.5,0,1197,11
Boucle du Mouhoun,2014,44,1.0,29.7,93.9,0,1179,11
Boucle du Mouhoun,2014,45,3.6,31.3,77.5,0,1273,2
Boucle du Mouhoun,2014,46,3.2,28.3,81.5,0,1754,12
Boucle du Mouhoun,2014,47,0.7,26.1,90.8,0,260,0
Boucle du Mouhoun,2014,48,3.0,31.7,80.9,0,273,11
Boucle du Mouhoun,2014,49,0.6,27.0,78.8,0,314,11
Boucle du Mouhoun,2014,50,2.0,29.9,85.5,0,288,14
Boucle du Mouhoun,2014,51,4.0,26.6,86.8,0,307,6
Boucle du Mouhoun,2014,52,3.5,29.7,78.5,0,268,8
Boucle du Mouhoun,2015,1,2.6,30.8,87.6,0,174,2
Boucle du Mouhoun,2015,2,4.2,32.2,77.5,0,338,5
Boucle du Mouhoun,2015,3,3.1,30.7,75.8,0,266,10
Boucle du Mouhoun,2015,4,3.8,31.7,81.1,0,236,8
Boucle du Mouhoun,2015,5,3.0,32.0,92.5,0,188,2
Boucle du Mouhoun,2015,6,5.0,32.2,94.4,0,328,0
Boucle du Mouhoun,2015,7,0.6,31.0,85.3,0,210,13
Boucle du Mouhoun,2015,8,2.9,29.4,91.3,0,343,3
Boucle du Mouhoun,2015,9,2.9,28.6,80.6,0,288,2
Boucle du Mouhoun,2015,10,2.2,35.6,80.0,0,315,5
Boucle du Mouhoun,2015,11,4.9,40.0,85.5,0,243,1
Boucle du Mouhoun,2015,12,0.4,35.3,77.2,0,312,5
Boucle du Mouhoun,2015,13,0.9,36.8,86.0,0,197,11
Boucle du Mouhoun,2015,14,1.8,36.0,79.2,0,233,11
Boucle du Mouhoun,2015,15,3.9,34.7,84.7,0,291,2
Boucle du Mouhoun,2015,16,3.1,39.2,77.7,0,309,9
Boucle du Mouhoun,2015,17,1.4,39.2,94.9,0,280,14
Boucle du Mouhoun,2015,18,4.3,39.0,86.0,0,339,6
Boucle du Mouhoun,2015,19,2.0,25.4,91.6,0,250,6
Boucle du Mouhoun,2015,20,0.5,25.1,77.5,0,302,14
Boucle du Mouhoun,2015,21,0.2,27.9,81.3,0,188,3
Boucle du Mouhoun,2015,22,102.0,25.9,81.6,0,269,3
Boucle du Mouhoun,2015,23,79.4,31.1,90.4,0,276,4
Boucle du Mouhoun,2015,24,80.2,32.0,78.5,0,285,4
Boucle du Mouhoun,2015,25,114.5,28.7,77.4,0,199,2
Boucle du Mouhoun,2015,26,84.3,27.0,78.5,0,1496,12
Boucle du Mouhoun,2015,27,75.7,27.3,95.0,0,1705,14
Boucle du Mouhoun,2015,28,57.9,26.6,86.9,0,1039,12
Boucle du Mouhoun,2015,29,86.7,25.7,81.0,0,1045,14
Boucle du Mouhoun,2015,30,98.9,32.2,86.7,0,1483,4
Boucle du Mouhoun,2015,31,99.4,31.0,83.0,0,1596,8
Boucle du Mouhoun,2015,32,109.0,30.6,94.1,0,1706,5
Boucle du Mouhoun,2015,33,27.2,27.9,92.8,0,1518,10
Boucle du Mouhoun,2015,34,110.5,31.1,92.3,0,1505,7
Boucle du Mouhoun,2015,35,50.5,26.6,92.7,0,1562,3
Boucle du Mouhoun,2015,36,114.3,28.6,86.9,0,1538,13
Boucle du Mouhoun,2015,37,20.1,25.5,91.1,0,1541,6
Boucle du Mouhoun,2015,38,52.4,26.0,76.6,0,1446,4
Boucle du Mouhoun,2015,39,96.0,29.7,75.0,0,1177,2
Boucle du Mouhoun,2015,40,50.3,29.2,77.4,0,1098,12
Boucle du Mouhoun,2015,41,4.4,30.9,87.5,0,1394,1
Boucle du Mouhoun,2015,42,0.1,27.1,87.4,0,1079,1
Boucle du Mouhoun,2015,43,3.2,26.8,91.5,0,1572,7
Boucle du Mouhoun,2015,44,0.7,29.5,89.0,0,1541,4
Boucle du Mouhoun,2015,45,0.8,31.3,76.3,0,1608,2
Boucle du Mouhoun,2015,46,0.0,26.3,91.6,0,1303,7
Boucle du Mouhoun,2015,47,4.1,28.5,84.6,0,267,8
Boucle du Mouhoun,2015,48,1.3,28.8,94.7,0,336,8
Boucle du Mouhoun,2015,49,1.7,31.2,78.4,0,205,10
Boucle du Mouhoun,2015,50,4.8,30.9,86.9,0,293,1
Boucle du Mouhoun,2015,51,4.4,25.5,87.1,0,275,3
Boucle du Mouhoun,2015,52,2.3,33.0,92.2,0,238,5
Boucle du Mouhoun,2016,1,1.4,29.6,87.7,0,249,10
Boucle du Mouhoun,2016,2,3.9,30.3,92.0,0,292,0
Boucle du Mouhoun,2016,3,0.7,27.1,84.2,0,319,10
Boucle du Mouhoun,2016,4,2.8,29.3,76.1,0,323,7
Boucle du Mouhoun,2016,5,4.1,25.1,79.7,0,298,6
Boucle du Mouhoun,2016,6,3.2,25.2,79.1,0,221,14
Boucle du Mouhoun,2016,7,1.0,26.1,81.3,0,170,10
Boucle du Mouhoun,2016,8,0.1,26.3,84.0,0,223,11
Boucle du Mouhoun,2016,9,3.9,26.4,86.4,0,189,13
Boucle du Mouhoun,2016,10,4.3,38.6,86.6,0,262,10
Boucle du Mouhoun,2016,11,2.0,34.6,91.3,0,310,6
Boucle du Mouhoun,2016,12,3.7,39.5,82.9,0,302,10
Boucle du Mouhoun,2016,13,3.3,39.2,80.1,0,208,10
Boucle du Mouhoun,2016,14,3.3,35.8,79.6,0,267,7
Boucle du Mouhoun,2016,15,0.9,35.3,90.0,0,315,9
Boucle du Mouhoun,2016,16,3.0,36.5,82.4,0,263,10
Boucle du Mouhoun,2016,17,1.4,35.3,77.6,0,176,5
Boucle du Mouhoun,2016,18,0.1,41.0,92.0,0,226,1
Boucle du Mouhoun,2016,19,4.1,31.0,88.8,0,232,14
Boucle du Mouhoun,2016,20,1.4,31.9,91.1,0,257,0
Boucle du Mouhoun,2016,21,0.9,26.8,90.9,0,217,3
Boucle du Mouhoun,2016,22,85.6,28.1,89.2,0,179,8
Boucle du Mouhoun,2016,23,31.6,25.2,91.7,0,173,9
Boucle du Mouhoun,2016,24,111.4,31.8,89.2,0,259,10
Boucle du Mouhoun,2016,25,84.5,32.5,83.6,0,244,13
Boucle du Mouhoun,2016,26,21.0,30.9,90.7,0,1058,11
Boucle du Mouhoun,2016,27,69.3,32.9,81.0,0,1508,10
Boucle du Mouhoun,2016,28,56.4,29.1,92.7,0,1512,6
Boucle du Mouhoun,2016,29,41.9,33.0,85.6,0,1569,9
Boucle du Mouhoun,2016,30,60.8,28.8,75.4,0,1116,5
Boucle du Mouhoun,2016,31,101.2,25.8,80.1,0,1442,8
Boucle du Mouhoun,2016,32,104.1,32.7,88.2,0,1672,2
Boucle du Mouhoun,2016,33,36.5,25.9,92.2,0,1372,8
Boucle du Mouhoun,2016,34,58.0,29.3,87.2,0,1242,1
Boucle du Mouhoun,2016,35,93.5,25.8,92.7,0,1545,11
Boucle du Mouhoun,2016,36,78.1,28.2,80.2,0,1493,14
Boucle du Mouhoun,2016,37,107.8,25.5,93.7,0,1016,12
Boucle du Mouhoun,2016,38,61.3,32.2,91.9,0,1059,7
Boucle du Mouhoun,2016,39,62.0,31.6,92.1,0,1454,13
Boucle du Mouhoun,2016,40,59.3,29.3,77.7,0,1048,10
Boucle du Mouhoun,2016,41,0.1,30.2,88.1,0,1687,12
Boucle du Mouhoun,2016,42,3.0,28.4,76.3,0,1354,1
Boucle du Mouhoun,2016,43,3.6,31.0,93.3,0,1249,11
Boucle du Mouhoun,2016,44,0.5,25.5,88.0,0,1067,11
Boucle du Mouhoun,2016,45,1.3,31.9,93.5,0,1558,1
Boucle du Mouhoun,2016,46,4.2,27.7,86.7,0,1661,2
Boucle du Mouhoun,2016,47,1.8,30.7,91.6,0,246,1
Boucle du Mouhoun,2016,48,2.5,30.8,92.6,0,220,5
Boucle du Mouhoun,2016,49,4.0,30.0,83.7,0,213,8
Boucle du Mouhoun,2016,50,1.9,31.8,80.2,0,337,0
Boucle du Mouhoun,2016,51,3.4,30.2,78.4,0,186,6
Boucle du Mouhoun,2016,52,0.4,30.8,76.3,0,208,6
Boucle du Mouhoun,2017,1,3.9,29.9,79.3,0,202,2
Boucle du Mouhoun,2017,2,0.1,26.2,93.4,0,304,13
Boucle du Mouhoun,2017,3,3.3,27.8,78.4,0,273,2
Boucle du Mouhoun,2017,4,4.0,25.9,94.2,0,240,9
Boucle du Mouhoun,2017,5,1.4,28.6,94.4,0,172,12
Boucle du Mouhoun,2017,6,4.9,29.8,91.8,0,188,11
Boucle du Mouhoun,2017,7,4.8,29.1,81.8,0,209,13
Boucle du Mouhoun,2017,8,0.7,31.8,76.6,0,259,2
Boucle du Mouhoun,2017,9,1.1,28.7,85.3,0,231,14
Boucle du Mouhoun,2017,10,2.9,38.6,80.9,0,303,8
Boucle du Mouhoun,2017,11,2.0,34.6,85.3,0,315,14
Boucle du Mouhoun,2017,12,3.6,34.6,92.0,0,194,8
Boucle du Mouhoun,2017,13,2.3,36.3,91.7,0,218,8
Boucle du Mouhoun,2017,14,1.1,39.0,77.7,0,264,9
Boucle du Mouhoun,2017,15,4.1,37.8,82.7,0,211,3
Boucle du Mouhoun,2017,16,3.1,36.9,93.6,0,218,8
Boucle du Mouhoun,2017,17,3.5,40.9,76.0,0,273,2
Boucle du Mouhoun,2017,18,1.8,38.2,81.9,0,255,2
Boucle du Mouhoun,2017,19,2.6,32.9,85.6,0,256,5
Boucle du Mouhoun,2017,20,1.9,29.7,87.1,0,264,7
Boucle du Mouhoun,2017,21,0.2,28.6,75.4,0,244,9
Boucle du Mouhoun,2017,22,68.8,25.6,82.9,0,270,3
Boucle du Mouhoun,2017,23,67.4,25.9,83.0,0,247,12
Boucle du Mouhoun,2017,24,43.5,28.0,88.3,0,207,2
Boucle du Mouhoun,2017,25,55.2,29.9,81.8,0,322,7
Boucle du Mouhoun,2017,26,56.7,30.4,80.1,0,1179,8
Boucle du Mouhoun,2017,27,99.2,31.8,87.2,0,1614,1
Boucle du Mouhoun,2017,28,107.5,30.0,76.5,0,1149,0
Boucle du Mouhoun,2017,29,84.7,29.4,84.6,0,1120,3
Boucle du Mouhoun,2017,30,35.8,32.3,88.2,0,1615,3
Boucle du Mouhoun,2017,31,114.8,30.2,93.0,0,1176,9
Boucle du Mouhoun,2017,32,86.3,28.0,79.9,0,1066,7
Boucle du Mouhoun,2017,33,84.2,28.1,82.2,0,1280,0
Boucle du Mouhoun,2017,34,70.3,30.8,76.4,0,1569,12
Boucle du Mouhoun,2017,35,116.0,27.1,80.4,0,1608,6
Boucle du Mouhoun,2017,36,52.1,25.9,76.3,0,1618,10
Boucle du Mouhoun,2017,37,104.7,26.3,92.5,0,1271,0
Boucle du Mouhoun,2017,38,64.0,25.3,76.7,0,1082,2
Boucle du Mouhoun,2017,39,33.9,27.3,75.9,0,1543,3
Boucle du Mouhoun,2017,40,85.7,28.5,81.6,0,1483,7
Boucle du Mouhoun,2017,41,2.3,26.0,82.2,0,1004,0
Boucle du Mouhoun,2017,42,3.3,25.3,86.1,0,1648,2
Boucle du Mouhoun,2017,43,0.6,29.2,76.1,0,1432,9
Boucle du Mouhoun,2017,44,4.9,31.7,92.1,0,1650,7
Boucle du Mouhoun,2017,45,2.3,28.6,83.9,0,1225,4
Boucle du Mouhoun,2017,46,4.1,29.8,89.7,0,1123,8
Boucle du Mouhoun,2017,47,3.9,29.9,86.3,0,171,11
Boucle du Mouhoun,2017,48,3.4,32.2,91.5,0,203,7
Boucle du Mouhoun,2017,49,3.4,30.3,91.4,0,234,9
Boucle du Mouhoun,2017,50,4.5,28.8,85.0,0,300,13
Boucle du Mouhoun,2017,51,3.5,27.0,79.2,0,188,11
Boucle du Mouhoun,2017,52,4.5,30.1,80.4,0,202,13
Boucle du Mouhoun,2018,1,3.4,28.7,88.7,0,238,9
Boucle du Mouhoun,2018,2,4.6,26.9,86.2,0,280,1
Boucle du Mouhoun,2018,3,3.3,30.3,84.6,0,316,1
Boucle du Mouhoun,2018,4,4.5,30.3,87.5,0,188,9
Boucle du Mouhoun,2018,5,3.6,28.9,86.1,0,289,6
Boucle du Mouhoun,2018,6,0.4,27.3,84.9,0,277,0
Boucle du Mouhoun,2018,7,0.4,32.4,88.0,0,251,1
Boucle du Mouhoun,2018,8,1.8,32.2,84.5,0,210,2
Boucle du Mouhoun,2018,9,1.4,27.0,78.5,0,249,10
Boucle du Mouhoun,2018,10,0.2,40.7,87.6,0,177,5
Boucle du Mouhoun,2018,11,2.9,38.2,93.0,0,278,13
Boucle du Mouhoun,2018,12,2.7,35.6,85.2,0,301,0
Boucle du Mouhoun,2018,13,2.1,38.5,79.2,0,237,8
Boucle du Mouhoun,2018,14,0.2,37.7,86.4,0,321,2
Boucle du Mouhoun,2018,15,3.6,36.8,91.9,0,310,13
Boucle du Mouhoun,2018,16,0.8,39.6,91.4,0,191,11
Boucle du Mouhoun,2018,17,0.9,36.7,78.2,0,283,3
Boucle du Mouhoun,2018,18,1.7,37.7,91.3,0,231,6
Boucle du Mouhoun,2018,19,4.7,30.7,84.6,0,234,7
Boucle du Mouhoun,2018,20,2.4,31.4,77.8,0,221,10
Boucle du Mouhoun,2018,21,1.0,26.2,91.1,0,196,6
Boucle du Mouhoun,2018,22,82.2,26.1,85.3,0,313,8
Boucle du Mouhoun,2018,23,111.0,28.2,83.5,0,199,7
Boucle du Mouhoun,2018,24,116.3,30.9,75.8,0,286,3
Boucle du Mouhoun,2018,25,107.0,30.0,86.0,0,281,11
Boucle du Mouhoun,2018,26,36.4,31.4,85.1,0,1153,7
Boucle du Mouhoun,2018,27,102.9,31.6,84.2,0,1362,13
Boucle du Mouhoun,2018,28,55.1,29.7,93.1,0,1436,0
Boucle du Mouhoun,2018,29,77.8,28.3,94.6,0,1098,0
Boucle du Mouhoun,2018,30,49.3,30.9,89.4,0,1461,14
Boucle du Mouhoun,2018,31,102.0,25.1,82.9,0,1362,7
Boucle du Mouhoun,2018,32,22.1,29.5,83.0,0,1304,12
Boucle du Mouhoun,2018,33,49.6,25.6,94.8,0,1302,3
Boucle du Mouhoun,2018,34,78.7,28.7,89.5,0,1256,5
Boucle du Mouhoun,2018,35,69.6,26.5,80.8,0,1500,1
Boucle du Mouhoun,2018,36,47.1,28.2,91.1,0,1098,7
Boucle du Mouhoun,2018,37,51.9,29.4,88.2,0,1274,7
Boucle du Mouhoun,2018,38,63.6,30.1,83.2,0,974,13
Boucle du Mouhoun,2018,39,113.0,28.4,86.8,0,1283,3
Boucle du Mouhoun,2018,40,91.3,28.0,93.9,0,1064,4
Boucle du Mouhoun,2018,41,0.0,26.8,94.9,0,1344,13
Boucle du Mouhoun,2018,42,4.7,27.6,79.1,0,958,9
Boucle du Mouhoun,2018,43,0.3,30.4,78.4,0,1396,8
Boucle du Mouhoun,2018,44,0.1,25.7,83.0,0,1027,9
Boucle du Mouhoun,2018,45,3.3,25.2,94.6,0,952,11
Boucle du Mouhoun,2018,46,4.4,27.0,77.0,0,1134,13
Boucle du Mouhoun,2018,47,3.2,25.3,82.9,0,188,11
Boucle du Mouhoun,2018,48,1.9,26.8,77.8,0,190,4
Boucle du Mouhoun,2018,49,3.8,30.0,89.5,0,288,5
Boucle du Mouhoun,2018,50,2.3,32.7,82.4,0,178,5
Boucle du Mouhoun,2018,51,2.1,30.0,88.1,0,167,0
Boucle du Mouhoun,2018,52,3.7,28.6,83.5,0,248,3
Boucle du Mouhoun,2019,1,0.0,28.3,76.6,0,222,4
Boucle du Mouhoun,2019,2,2.3,31.4,78.9,0,286,11
Boucle du Mouhoun,2019,3,2.7,26.5,86.9,0,303,7
Boucle du Mouhoun,2019,4,4.5,31.6,75.3,0,201,6
Boucle du Mouhoun,2019,5,4.5,29.9,76.7,0,189,0
Boucle du Mouhoun,2019,6,1.3,26.8,87.3,0,296,12
Boucle du Mouhoun,2019,7,2.0,31.3,78.0,0,203,9
Boucle du Mouhoun,2019,8,0.9,26.2,85.9,0,187,5
Boucle du Mouhoun,2019,9,3.0,30.4,79.3,0,248,5
Boucle du Mouhoun,2019,10,0.9,34.5,92.1,0,190,10
Boucle du Mouhoun,2019,11,2.6,39.2,89.8,0,275,11
Boucle du Mouhoun,2019,12,1.6,34.8,94.3,0,186,11
Boucle du Mouhoun,2019,13,0.7,39.3,87.9,0,252,2
Boucle du Mouhoun,2019,14,4.3,34.9,77.5,0,267,12
Boucle du Mouhoun,2019,15,4.6,37.3,76.7,0,283,2
Boucle du Mouhoun,2019,16,0.6,37.6,83.7,0,198,4
Boucle du Mouhoun,2019,17,0.0,39.4,82.2,0,208,7
Boucle du Mouhoun,2019,18,2.6,35.2,89.7,0,265,4
Boucle du Mouhoun,2019,19,1.4,31.4,90.0,0,274,11
Boucle du Mouhoun,2019,20,1.9,30.7,80.7,0,289,6
Boucle du Mouhoun,2019,21,0.2,31.6,89.0,0,226,12
Boucle du Mouhoun,2019,22,85.0,31.7,79.2,0,207,6
Boucle du Mouhoun,2019,23,26.4,26.8,76.9,0,228,10
Boucle du Mouhoun,2019,24,68.9,25.6,93.3,0,279,7
Boucle du Mouhoun,2019,25,20.2,26.0,85.9,0,262,14
Boucle du Mouhoun,2019,26,47.7,29.0,84.8,0,1198,14
Boucle du Mouhoun,2019,27,37.4,25.7,89.4,0,1516,2
Boucle du Mouhoun,2019,28,68.8,32.8,91.4,0,1526,1
Boucle du Mouhoun,2019,29,100.8,32.0,91.4,0,1397,11
Boucle du Mouhoun,2019,30,58.6,28.9,76.1,0,1235,8
Boucle du Mouhoun,2019,31,29.0,32.3,89.7,0,930,9
Boucle du Mouhoun,2019,32,104.0,33.0,84.1,0,1083,6
Boucle du Mouhoun,2019,33,82.8,30.2,79.8,0,946,1
Boucle du Mouhoun,2019,34,85.8,31.8,94.5,0,1438,10
Boucle du Mouhoun,2019,35,41.5,25.3,88.5,0,1250,3
Boucle du Mouhoun,2019,36,63.6,33.0,78.5,0,1121,9
Boucle du Mouhoun,2019,37,87.8,31.9,85.0,0,1115,6
Boucle du Mouhoun,2019,38,78.5,30.9,76.8,0,1225,9
Boucle du Mouhoun,2019,39,109.1,31.9,93.1,0,1128,14
Boucle du Mouhoun,2019,40,70.2,30.2,78.1,0,1186,6
Boucle du Mouhoun,2019,41,3.2,26.7,94.8,0,1494,2
Boucle du Mouhoun,2019,42,0.1,31.0,87.9,0,1344,11
Boucle du Mouhoun,2019,43,3.3,26.8,83.1,0,1491,13
Boucle du Mouhoun,2019,44,3.4,27.5,89.1,0,1078,13
Boucle du Mouhoun,2019,45,4.7,26.7,93.0,0,1525,4
Boucle du Mouhoun,2019,46,0.8,31.7,93.8,0,1176,10
Boucle du Mouhoun,2019,47,4.3,27.7,75.8,0,216,13
Boucle du Mouhoun,2019,48,3.5,30.3,91.0,0,270,9
Boucle du Mouhoun,2019,49,1.9,29.0,80.0,0,192,1
Boucle du Mouhoun,2019,50,0.1,26.7,78.8,0,288,0
Boucle du Mouhoun,2019,51,2.8,31.3,87.2,0,241,9
Boucle du Mouhoun,2019,52,4.2,30.5,94.4,0,224,11
Boucle du Mouhoun,2020,1,2.6,25.9,88.6,0,238,0
Boucle du Mouhoun,2020,2,3.1,29.2,88.1,0,198,1
Boucle du Mouhoun,2020,3,4.5,29.6,89.7,0,292,4
Boucle du Mouhoun,2020,4,1.9,25.0,78.7,0,296,4
Boucle du Mouhoun,2020,5,4.0,25.4,75.0,0,167,13
Boucle du Mouhoun,2020,6,1.8,27.4,87.4,0,177,11
Boucle du Mouhoun,2020,7,4.3,27.4,75.3,0,233,5
Boucle du Mouhoun,2020,8,1.7,25.8,93.7,0,305,2
Boucle du Mouhoun,2020,9,3.3,29.2,89.6,0,307,8
Boucle du Mouhoun,2020,10,1.8,37.8,76.9,0,207,12
Boucle du Mouhoun,2020,11,1.7,38.4,82.8,0,244,6
Boucle du Mouhoun,2020,12,1.8,39.0,90.5,0,273,6
Boucle du Mouhoun,2020,13,0.2,39.2,93.5,0,157,9
Boucle du Mouhoun,2020,14,1.8,34.7,77.3,0,293,5
Boucle du Mouhoun,2020,15,4.8,41.0,82.6,0,175,4
Boucle du Mouhoun,2020,16,1.9,40.7,77.7,0,279,12
Boucle du Mouhoun,2020,17,2.3,35.5,84.9,0,278,8
Boucle du Mouhoun,2020,18,2.0,34.1,79.9,0,219,4
Boucle du Mouhoun,2020,19,1.4,29.4,91.2,0,193,10
Boucle du Mouhoun,2020,20,4.6,29.6,90.1,0,263,2
Boucle du Mouhoun,2020,21,0.7,27.0,75.9,0,253,14
Boucle du Mouhoun,2020,22,66.4,32.0,81.4,0,207,10
Boucle du Mouhoun,2020,23,66.5,26.0,75.8,0,205,10
Boucle du Mouhoun,2020,24,88.6,31.7,85.4,0,275,9
Boucle du Mouhoun,2020,25,98.2,25.3,91.8,0,266,10
Boucle du Mouhoun,2020,26,111.4,28.2,85.8,0,1133,5
Boucle du Mouhoun,2020,27,29.1,30.7,75.2,0,1204,7
Boucle du Mouhoun,2020,28,79.0,32.6,83.0,0,1075,0
Boucle du Mouhoun,2020,29,46.5,31.3,91.4,0,1251,0
Boucle du Mouhoun,2020,30,30.9,25.2,87.5,0,1109,13
Boucle du Mouhoun,2020,31,76.4,31.2,77.9,0,1537,12
Boucle du Mouhoun,2020,32,88.1,25.9,79.7,0,1506,13
Boucle du Mouhoun,2020,33,83.8,32.4,82.7,0,1128,4
Boucle du Mouhoun,2020,34,101.5,30.9,76.7,0,1494,11
Boucle du Mouhoun,2020,35,58.1,26.5,86.6,0,1390,7
Boucle du Mouhoun,2020,36,20.9,27.2,76.4,0,1390,12
Boucle du Mouhoun,2020,37,100.2,26.4,87.2,0,1348,7
Boucle du Mouhoun,2020,38,33.2,29.5,87.2,0,1236,5
Boucle du Mouhoun,2020,39,28.4,32.9,90.7,0,1417,1
Boucle du Mouhoun,2020,40,111.8,30.6,93.2,0,1240,12
Boucle du Mouhoun,2020,41,3.1,28.8,76.2,0,1420,9
Boucle du Mouhoun,2020,42,3.8,32.9,83.1,0,1544,10
Boucle du Mouhoun,2020,43,3.0,32.5,85.0,0,1271,6
Boucle du Mouhoun,2020,44,1.5,26.6,94.2,0,1254,7
Boucle du Mouhoun,2020,45,0.1,26.6,83.0,0,1216,7
Boucle du Mouhoun,2020,46,3.1,32.0,77.6,0,936,7
Boucle du Mouhoun,2020,47,3.0,26.1,88.5,0,168,10
Boucle du Mouhoun,2020,48,3.8,32.7,80.3,0,225,14
Boucle du Mouhoun,2020,49,0.4,31.3,86.4,0,233,2
Boucle du Mouhoun,2020,50,0.7,33.0,94.2,0,277,9
Boucle du Mouhoun,2020,51,1.7,26.8,80.1,0,261,12
Boucle du Mouhoun,2020,52,2.2,30.0,88.5,0,248,12
Boucle du Mouhoun,2021,1,1.9,28.3,86.8,0,301,0
Boucle du Mouhoun,2021,2,3.6,29.4,78.8,0,185,13
Boucle du Mouhoun,2021,3,1.8,27.1,90.2,0,216,13
Boucle du Mouhoun,2021,4,2.2,30.5,82.7,0,221,14
Boucle du Mouhoun,2021,5,1.6,26.5,86.3,0,277,12
Boucle du Mouhoun,2021,6,2.5,32.9,76.4,0,183,5
Boucle du Mouhoun,2021,7,4.3,27.8,91.7,0,175,11
Boucle du Mouhoun,2021,8,4.4,30.7,80.3,0,160,10
Boucle du Mouhoun,2021,9,2.6,29.5,80.9,0,233,1
Boucle du Mouhoun,2021,10,2.6,38.7,76.0,0,192,13
Boucle du Mouhoun,2021,11,4.7,36.7,86.4,0,235,14
Boucle du Mouhoun,2021,12,1.0,36.8,89.2,0,230,8
Boucle du Mouhoun,2021,13,3.1,39.7,91.6,0,232,6
Boucle du Mouhoun,2021,14,0.8,39.1,79.2,0,272,7
Boucle du Mouhoun,2021,15,1.2,36.9,77.8,0,218,11
Boucle du Mouhoun,2021,16,4.3,39.4,81.7,0,174,6
Boucle du Mouhoun,2021,17,2.9,38.0,81.7,0,232,12
Boucle du Mouhoun,2021,18,1.3,34.0,84.6,0,221,6
Boucle du Mouhoun,2021,19,3.6,27.7,90.8,0,287,12
Boucle du Mouhoun,2021,20,4.0,28.4,89.3,0,278,1
Boucle du Mouhoun,2021,21,3.9,25.7,91.9,0,207,13
Boucle du Mouhoun,2021,22,53.8,29.7,92.2,0,260,8
Boucle du Mouhoun,2021,23,111.3,32.8,81.4,0,242,1
Boucle du Mouhoun,2021,24,81.2,26.5,84.8,0,151,4
Boucle du Mouhoun,2021,25,50.4,29.3,80.2,0,238,14
Boucle du Mouhoun,2021,26,88.0,31.2,91.4,0,975,1
Boucle du Mouhoun,2021,27,64.3,25.3,76.7,0,1119,11
Boucle du Mouhoun,2021,28,51.1,29.7,82.7,0,1266,11
Boucle du Mouhoun,2021,29,70.5,28.0,92.4,0,1131,13
Boucle du Mouhoun,2021,30,114.4,27.9,87.8,0,1251,10
Boucle du Mouhoun,2021,31,31.1,26.2,88.4,0,922,14
Boucle du Mouhoun,2021,32,91.6,31.8,78.9,0,1348,10
Boucle du Mouhoun,2021,33,32.4,26.9,82.7,0,1338,2
Boucle du Mouhoun,2021,34,28.4,29.6,87.2,0,939,1
Boucle du Mouhoun,2021,35,91.0,31.4,85.2,0,929,12
Boucle du Mouhoun,2021,36,116.7,31.6,93.0,0,990,1
Boucle du Mouhoun,2021,37,95.3,27.0,87.4,0,1014,9
Boucle du Mouhoun,2021,38,89.0,27.5,75.7,0,890,8
Boucle du Mouhoun,2021,39,71.4,32.0,90.7,0,1167,9
Boucle du Mouhoun,2021,40,44.6,25.3,91.0,0,1186,9
Boucle du Mouhoun,2021,41,3.3,26.9,79.6,0,1003,14
Boucle du Mouhoun,2021,42,2.8,26.3,84.9,0,899,2
Boucle du Mouhoun,2021,43,4.3,29.7,91.2,0,1341,14
Boucle du Mouhoun,2021,44,0.4,28.5,91.3,0,1418,9
Boucle du Mouhoun,2021,45,2.8,25.7,77.8,0,970,1
Boucle du Mouhoun,2021,46,4.5,26.4,76.6,0,1286,11
Boucle du Mouhoun,2021,47,2.0,32.3,92.0,0,163,12
Boucle du Mouhoun,2021,48,0.1,28.5,75.7,0,253,1
Boucle du Mouhoun,2021,49,1.3,28.9,77.9,0,274,4
Boucle du Mouhoun,2021,50,2.6,32.0,89.6,0,166,11
Boucle du Mouhoun,2021,51,2.9,27.5,80.5,0,172,7
Boucle du Mouhoun,2021,52,0.2,29.2,93.1,0,163,12
Boucle du Mouhoun,2022,1,4.5,28.0,80.2,0,206,4
Boucle du Mouhoun,2022,2,2.4,32.2,90.0,0,180,12
Boucle du Mouhoun,2022,3,3.9,28.5,91.2,0,212,10
Boucle du Mouhoun,2022,4,0.4,29.2,83.3,0,204,1
Boucle du Mouhoun,2022,5,1.6,32.5,90.0,0,178,12
Boucle du Mouhoun,2022,6,0.1,29.5,93.6,0,244,9
Boucle du Mouhoun,2022,7,3.9,27.1,85.3,0,239,3
Boucle du Mouhoun,2022,8,3.1,26.2,86.7,0,230,10
Boucle du Mouhoun,2022,9,0.2,32.1,76.2,0,176,14
Boucle du Mouhoun,2022,10,0.7,40.6,77.2,0,186,2
Boucle du Mouhoun,2022,11,0.2,34.5,81.6,0,249,12
Boucle du Mouhoun,2022,12,0.8,39.4,87.1,0,233,11
Boucle du Mouhoun,2022,13,0.6,35.6,92.3,0,260,3
Boucle du Mouhoun,2022,14,4.2,37.2,90.0,0,203,0
Boucle du Mouhoun,2022,15,4.0,39.3,87.0,0,172,5
Boucle du Mouhoun,2022,16,3.4,36.8,94.6,0,160,5
Boucle du Mouhoun,2022,17,1.0,37.2,90.1,0,181,11
Boucle du Mouhoun,2022,18,3.7,35.6,76.2,0,260,7
Boucle du Mouhoun,2022,19,4.3,32.8,77.4,0,173,9
Boucle du Mouhoun,2022,20,1.6,27.5,82.2,0,232,14
Boucle du Mouhoun,2022,21,3.2,32.5,80.8,0,272,10
Boucle du Mouhoun,2022,22,80.5,26.9,85.7,0,235,10
Boucle du Mouhoun,2022,23,52.9,27.4,87.1,0,223,11
Boucle du Mouhoun,2022,24,66.8,32.3,76.5,0,186,7
Boucle du Mouhoun,2022,25,56.2,32.3,86.2,0,229,0
Boucle du Mouhoun,2022,26,91.9,25.2,77.5,0,1066,14
Boucle du Mouhoun,2022,27,73.1,25.0,85.5,0,1172,11
Boucle du Mouhoun,2022,28,110.7,29.4,81.7,0,930,4
Boucle du Mouhoun,2022,29,22.6,28.1,76.3,0,1193,6
Boucle du Mouhoun,2022,30,96.8,28.3,86.6,0,1180,2
Boucle du Mouhoun,2022,31,32.0,31.8,86.9,0,1354,10
Boucle du Mouhoun,2022,32,43.3,29.3,85.5,0,1045,13
Boucle du Mouhoun,2022,33,81.0,26.1,86.0,0,1445,7
Boucle du Mouhoun,2022,34,92.8,26.0,77.7,0,1038,8
Boucle du Mouhoun,2022,35,85.8,29.3,85.1,0,1243,2
Boucle du Mouhoun,2022,36,111.6,29.0,76.7,0,1099,8
Boucle du Mouhoun,2022,37,109.5,31.6,80.7,0,965,1
Boucle du Mouhoun,2022,38,76.9,25.6,76.4,0,899,13
Boucle du Mouhoun,2022,39,28.3,28.5,94.2,0,947,13
Boucle du Mouhoun,2022,40,83.2,32.4,79.6,0,1251,2
Boucle du Mouhoun,2022,41,1.1,31.5,94.6,0,1150,0
Boucle du Mouhoun,2022,42,0.9,26.1,87.1,0,1288,8
Boucle du Mouhoun,2022,43,1.6,27.6,81.7,0,1421,11
Boucle du Mouhoun,2022,44,2.1,30.9,93.7,0,1148,6
Boucle du Mouhoun,2022,45,3.1,26.4,77.1,0,1376,4
Boucle du Mouhoun,2022,46,3.0,25.5,75.9,0,897,7
Boucle du Mouhoun,2022,47,0.3,30.5,77.8,0,202,1
Boucle du Mouhoun,2022,48,2.0,25.5,90.8,0,202,10
Boucle du Mouhoun,2022,49,3.7,28.3,94.6,0,149,0
Boucle du Mouhoun,2022,50,1.8,32.0,79.6,0,150,5
Boucle du Mouhoun,2022,51,4.5,27.9,83.0,0,223,8
Boucle du Mouhoun,2022,52,2.7,32.3,94.7,0,171,4
Boucle du Mouhoun,2023,1,3.6,29.7,89.8,0,154,12
Boucle du Mouhoun,2023,2,0.1,27.4,87.1,0,241,9
Boucle du Mouhoun,2023,3,3.8,27.1,86.0,0,167,2
Boucle du Mouhoun,2023,4,2.5,31.2,78.2,0,255,11
Boucle du Mouhoun,2023,5,0.9,26.5,76.4,0,190,13
Boucle du Mouhoun,2023,6,0.9,28.3,82.1,0,187,3
Boucle du Mouhoun,2023,7,4.5,28.1,92.2,0,283,2
Boucle du Mouhoun,2023,8,1.2,31.9,89.4,0,217,7
Boucle du Mouhoun,2023,9,1.8,27.9,88.7,0,223,13
Boucle du Mouhoun,2023,10,3.4,34.0,83.6,0,198,12
Boucle du Mouhoun,2023,11,0.7,36.6,75.3,0,232,11
Boucle du Mouhoun,2023,12,2.0,37.1,84.1,0,272,8
Boucle du Mouhoun,2023,13,1.0,35.4,90.0,0,256,9
Boucle du Mouhoun,2023,14,0.7,38.0,88.1,0,233,6
Boucle du Mouhoun,2023,15,3.9,36.5,84.9,0,174,6
Boucle du Mouhoun,2023,16,4.9,36.5,76.1,0,237,7
Boucle du Mouhoun,2023,17,1.3,34.6,76.6,0,177,2
Boucle du Mouhoun,2023,18,0.3,37.4,89.4,0,285,7
Boucle du Mouhoun,2023,19,1.6,31.3,87.0,0,209,4
Boucle du Mouhoun,2023,20,1.3,32.8,85.4,0,193,5
Boucle du Mouhoun,2023,21,3.6,27.5,86.0,0,198,13
Boucle du Mouhoun,2023,22,69.5,28.3,75.2,0,151,13
Boucle du Mouhoun,2023,23,35.0,25.3,83.2,0,256,9
Boucle du Mouhoun,2023,24,100.3,25.3,90.9,0,158,0
Boucle du Mouhoun,2023,25,92.1,27.8,80.8,0,272,6
Boucle du Mouhoun,2023,26,119.9,27.2,85.2,0,1039,0
Boucle du Mouhoun,2023,27,88.5,27.6,86.4,0,1312,12
Boucle du Mouhoun,2023,28,97.2,31.8,78.0,0,915,7
Boucle du Mouhoun,2023,29,118.7,26.4,92.0,0,1022,13
Boucle du Mouhoun,2023,30,41.9,31.6,94.5,0,1293,5
Boucle du Mouhoun,2023,31,40.4,26.1,80.1,0,1076,8
Boucle du Mouhoun,2023,32,45.7,32.4,91.3,0,1117,13
Boucle du Mouhoun,2023,33,21.9,26.7,91.8,0,1011,13
Boucle du Mouhoun,2023,34,44.2,27.3,86.5,0,1005,2
Boucle du Mouhoun,2023,35,29.2,31.0,78.1,0,1265,14
Boucle du Mouhoun,2023,36,108.2,28.2,90.7,0,1008,8
Boucle du Mouhoun,2023,37,68.0,32.8,83.6,0,1340,8
Boucle du Mouhoun,2023,38,103.7,29.1,92.4,0,1179,3
Boucle du Mouhoun,2023,39,119.0,25.8,80.2,0,1303,3
Boucle du Mouhoun,2023,40,72.0,32.1,80.4,0,1154,0
Boucle du Mouhoun,2023,41,1.2,32.9,87.8,0,892,2
Boucle du Mouhoun,2023,42,3.6,26.5,78.9,0,962,14
Boucle du Mouhoun,2023,43,3.3,27.2,93.5,0,1223,0
Boucle du Mouhoun,2023,44,0.6,29.1,89.5,0,961,6
Boucle du Mouhoun,2023,45,4.6,32.0,95.0,0,965,6
Boucle du Mouhoun,2023,46,3.6,31.3,78.4,0,949,6
Boucle du Mouhoun,2023,47,0.2,31.3,91.8,0,192,4
Boucle du Mouhoun,2023,48,1.4,28.2,87.5,0,256,10
Boucle du Mouhoun,2023,49,3.6,31.5,81.3,0,232,5
Boucle du Mouhoun,2023,50,1.1,27.7,89.3,0,175,9
Boucle du Mouhoun,2023,51,3.9,25.4,91.1,0,146,9
Boucle du Mouhoun,2023,52,1.2,25.6,77.1,0,192,6
Boucle du Mouhoun,2024,1,0.8,25.4,82.7,0,153,3
Boucle du Mouhoun,2024,2,1.8,27.9,92.8,0,261,7
Boucle du Mouhoun,2024,3,3.5,28.7,94.5,0,195,6
Boucle du Mouhoun,2024,4,1.4,32.5,79.1,0,193,11
Boucle du Mouhoun,2024,5,4.6,30.9,94.2,0,155,8
Boucle du Mouhoun,2024,6,3.0,30.2,83.3,0,185,5
Boucle du Mouhoun,2024,7,3.1,32.1,79.2,0,208,4
Boucle du Mouhoun,2024,8,0.2,28.6,90.8,0,196,14
Boucle du Mouhoun,2024,9,4.2,27.8,88.8,0,200,2
Boucle du Mouhoun,2024,10,1.6,36.6,80.0,0,278,12
Boucle du Mouhoun,2024,11,1.2,36.8,82.3,0,240,10
Boucle du Mouhoun,2024,12,3.6,35.0,90.9,0,222,7
Boucle du Mouhoun,2024,13,1.4,34.7,91.2,0,199,14
Boucle du Mouhoun,2024,14,4.9,34.9,90.1,0,198,13
Boucle du Mouhoun,2024,15,4.7,37.9,81.3,1,141,8
Boucle du Mouhoun,2024,16,1.6,38.0,76.6,1,146,2
Boucle du Mouhoun,2024,17,3.3,35.9,76.3,0,246,7
Boucle du Mouhoun,2024,18,0.7,37.6,94.3,0,186,7
Boucle du Mouhoun,2024,19,4.3,30.8,80.7,0,148,13
Boucle du Mouhoun,2024,20,2.1,28.1,85.9,0,267,14
Boucle du Mouhoun,2024,21,2.2,25.5,76.5,0,206,11
Boucle du Mouhoun,2024,22,79.3,30.0,94.1,0,212,10
Boucle du Mouhoun,2024,23,83.5,27.5,93.5,0,223,14
Boucle du Mouhoun,2024,24,68.1,25.0,83.2,0,266,14
Boucle du Mouhoun,2024,25,77.6,32.0,83.7,1,220,14
Boucle du Mouhoun,2024,26,54.9,30.2,84.3,1,1382,13
Boucle du Mouhoun,2024,27,75.8,26.4,80.0,0,852,11
Boucle du Mouhoun,2024,28,96.2,26.9,90.0,0,932,14
Boucle du Mouhoun,2024,29,43.3,31.7,87.0,0,1159,5
Boucle du Mouhoun,2024,30,103.2,25.4,75.7,0,949,12
Boucle du Mouhoun,2024,31,98.4,31.8,84.0,0,954,8
Boucle du Mouhoun,2024,32,78.1,27.1,86.2,0,1187,11
Boucle du Mouhoun,2024,33,113.2,26.0,92.1,0,1094,3
Boucle du Mouhoun,2024,34,87.1,31.9,93.4,0,960,8
Boucle du Mouhoun,2024,35,111.5,28.1,83.6,0,883,3
Boucle du Mouhoun,2024,36,71.5,25.9,87.5,0,1187,5
Boucle du Mouhoun,2024,37,42.9,29.7,76.0,0,824,4
Boucle du Mouhoun,2024,38,35.7,28.7,89.7,0,958,7
Boucle du Mouhoun,2024,39,35.0,28.8,77.8,0,1216,4
Boucle du Mouhoun,2024,40,105.0,32.6,88.9,0,1284,10
Boucle du Mouhoun,2024,41,2.9,26.2,85.9,0,1381,2
Boucle du Mouhoun,2024,42,1.3,27.9,86.5,0,1107,3
Boucle du Mouhoun,2024,43,1.5,28.8,87.1,0,1397,14
Boucle du Mouhoun,2024,44,0.1,26.7,75.0,0,914,10
Boucle du Mouhoun,2024,45,3.4,25.6,80.6,0,1374,14
Boucle du Mouhoun,2024,46,2.8,32.5,82.7,0,1031,1
Boucle du Mouhoun,2024,47,1.2,29.9,82.0,0,206,0
Boucle du Mouhoun,2024,48,0.4,28.4,81.4,0,254,0
Boucle du Mouhoun,2024,49,0.3,30.5,76.9,0,143,1
Boucle du Mouhoun,2024,50,4.6,26.5,77.0,0,168,4
Boucle du Mouhoun,2024,51,2.6,30.3,82.4,0,168,11
Boucle du Mouhoun,2024,52,2.7,32.9,85.6,0,263,3
Boucle du Mouhoun,2025,1,4.1,26.5,89.8,0,272,12
Boucle du Mouhoun,2025,2,4.2,29.5,81.8,0,242,5
Boucle du Mouhoun,2025,3,4.1,27.3,88.5,0,147,11
Boucle du Mouhoun,2025,4,2.1,28.0,76.6,0,191,0
Boucle du Mouhoun,2025,5,4.2,32.7,84.1,0,243,0
Boucle du Mouhoun,2025,6,4.9,30.7,89.3,0,147,13
Boucle du Mouhoun,2025,7,2.3,29.1,79.3,0,208,0
Boucle du Mouhoun,2025,8,0.8,27.3,85.7,0,204,5
Boucle du Mouhoun,2025,9,4.1,30.1,91.5,0,189,1
Boucle du Mouhoun,2025,10,4.9,35.3,92.9,0,256,10
Boucle du Mouhoun,2025,11,0.9,34.3,84.1,0,230,6
Boucle du Mouhoun,2025,12,1.3,35.5,87.0,0,263,4
Boucle du Mouhoun,2025,13,1.6,34.5,77.6,0,271,8
Boucle du Mouhoun,2025,14,1.1,35.5,88.2,0,173,2
Boucle du Mouhoun,2025,15,3.8,38.2,91.7,1,262,12
Boucle du Mouhoun,2025,16,3.8,36.8,78.3,1,230,13
Boucle du Mouhoun,2025,17,0.7,40.0,80.6,0,272,11
Boucle du Mouhoun,2025,18,3.3,37.0,86.8,0,139,6
Boucle du Mouhoun,2025,19,0.3,29.2,92.0,0,148,7
Boucle du Mouhoun,2025,20,2.3,26.1,87.4,0,197,2
Boucle du Mouhoun,2025,21,3.9,31.8,91.8,0,173,6
Boucle du Mouhoun,2025,22,85.5,32.4,86.1,0,164,8
Boucle du Mouhoun,2025,23,101.2,25.3,83.8,0,255,4
Boucle du Mouhoun,2025,24,91.5,27.2,87.7,0,139,6
Boucle du Mouhoun,2025,25,112.9,27.0,91.1,1,152,14
Boucle du Mouhoun,2025,26,114.7,30.5,81.3,1,1127,13
Boucle du Mouhoun,2025,27,43.9,25.6,85.9,0,870,12
Boucle du Mouhoun,2025,28,49.6,31.6,77.2,0,908,11
Boucle du Mouhoun,2025,29,84.1,27.7,78.0,0,1360,4
Boucle du Mouhoun,2025,30,82.2,29.9,92.1,0,1059,0
Boucle du Mouhoun,2025,31,112.5,32.0,84.7,0,885,14
Boucle du Mouhoun,2025,32,76.4,31.9,85.3,0,813,11
Boucle du Mouhoun,2025,33,27.8,27.1,81.1,0,1141,9
Boucle du Mouhoun,2025,34,63.9,27.2,92.4,0,1217,0
Boucle du Mouhoun,2025,35,93.9,32.0,94.4,0,988,4
Boucle du Mouhoun,2025,36,55.7,32.8,88.9,0,1151,4
Boucle du Mouhoun,2025,37,72.0,32.8,89.0,0,1344,10
Boucle du Mouhoun,2025,38,23.0,30.8,75.5,0,1329,10
Boucle du Mouhoun,2025,39,69.7,31.3,91.7,0,812,4
Boucle du Mouhoun,2025,40,82.0,25.9,93.6,0,1143,6
Boucle du Mouhoun,2025,41,3.8,28.7,78.8,0,988,13
Boucle du Mouhoun,2025,42,2.6,28.0,86.0,0,1038,5
Boucle du Mouhoun,2025,43,0.8,26.9,86.5,0,1266,0
Boucle du Mouhoun,2025,44,4.8,31.9,76.3,0,1139,13
Boucle du Mouhoun,2025,45,2.4,29.2,77.9,0,1000,2
Boucle du Mouhoun,2025,46,1.0,26.4,82.6,0,1094,5
Boucle du Mouhoun,2025,47,2.2,25.1,88.1,0,252,9
Boucle du Mouhoun,2025,48,3.3,32.2,75.7,0,142,2
Boucle du Mouhoun,2025,49,0.6,32.8,88.4,0,238,1
Boucle du Mouhoun,2025,50,4.8,30.9,75.9,0,192,3
Boucle du Mouhoun,2025,51,3.1,28.9,82.5,0,218,5
Boucle du Mouhoun,2025,52,3.3,28.7,87.3,0,177,0
Boucle du Mouhoun,2026,1,3.8,30.4,84.9,0,264,8
Boucle du Mouhoun,2026,2,4.3,31.7,81.7,0,136,10
Boucle du Mouhoun,2026,3,3.2,31.9,77.0,0,155,10
Boucle du Mouhoun,2026,4,0.7,30.6,88.8,0,202,3
Boucle du Mouhoun,2026,5,4.0,26.3,77.1,0,222,13
Boucle du Mouhoun,2026,6,0.7,31.4,91.8,0,236,11
Boucle du Mouhoun,2026,7,2.2,30.9,80.0,0,264,13
Boucle du Mouhoun,2026,8,0.9,28.1,75.4,0,190,8
Boucle du Mouhoun,2026,9,2.1,31.4,93.0,0,136,2
Boucle du Mouhoun,2026,10,0.9,39.6,81.2,0,260,13
Boucle du Mouhoun,2026,11,0.9,34.9,94.4,0,211,0
Boucle du Mouhoun,2026,12,4.9,38.6,75.5,0,224,2
Boucle du Mouhoun,2026,13,0.5,40.5,75.1,0,196,12
Boucle du Mouhoun,2026,14,3.8,39.8,92.1,0,234,9
Boucle du Mouhoun,2026,15,2.0,38.6,88.7,1,229,9
Boucle du Mouhoun,2026,16,0.6,36.8,84.5,1,234,11
Boucle du Mouhoun,2026,17,1.7,35.8,87.1,0,143,12
Boucle du Mouhoun,2026,18,0.8,34.8,93.8,0,254,5
Boucle du Mouhoun,2026,19,1.1,28.4,92.9,0,153,1
Boucle du Mouhoun,2026,20,2.1,32.8,90.9,0,211,11
Boucle du Mouhoun,2026,21,4.5,29.3,93.1,0,152,10
Boucle du Mouhoun,2026,22,106.9,31.3,91.1,0,166,12
Boucle du Mouhoun,2026,23,35.7,29.0,82.0,0,187,0
Boucle du Mouhoun,2026,24,107.4,26.1,76.8,0,205,6
Boucle du Mouhoun,2026,25,26.5,25.1,78.1,1,159,14
Boucle du Mouhoun,2026,26,61.4,28.7,85.4,1,1156,13
Boucle du Mouhoun,2026,27,105.4,26.6,77.6,0,1093,3
Boucle du Mouhoun,2026,28,33.5,26.8,88.4,0,910,8
Boucle du Mouhoun,2026,29,69.8,25.7,87.4,0,1088,7
Boucle du Mouhoun,2026,30,111.9,27.0,91.1,0,1232,4
Boucle du Mouhoun,2026,31,116.4,27.6,80.7,0,783,4
Boucle du Mouhoun,2026,32,75.4,29.7,84.0,0,865,2
Boucle du Mouhoun,2026,33,32.4,27.5,81.4,0,1253,14
Boucle du Mouhoun,2026,34,103.7,31.7,84.2,0,1226,9
Boucle du Mouhoun,2026,35,50.8,27.1,89.8,0,1094,0
Boucle du Mouhoun,2026,36,50.9,25.1,83.5,0,841,7
Boucle du Mouhoun,2026,37,75.0,25.3,87.3,0,1308,8
Boucle du Mouhoun,2026,38,107.0,28.5,79.2,0,1143,1
Boucle du Mouhoun,2026,39,105.9,31.5,76.4,0,1328,1
Boucle du Mouhoun,2026,40,44.4,25.3,84.5,0,822,10
Boucle du Mouhoun,2026,41,3.7,31.2,82.5,0,1135,11
Boucle du Mouhoun,2026,42,4.4,29.7,89.4,0,801,4
Boucle du Mouhoun,2026,43,2.2,26.1,94.7,0,1177,0
Boucle du Mouhoun,2026,44,1.1,29.5,91.7,0,1190,12
Boucle du Mouhoun,2026,45,2.7,26.3,75.7,0,1137,11
Boucle du Mouhoun,2026,46,0.1,28.6,78.7,0,979,14
Boucle du Mouhoun,2026,47,3.1,25.8,78.7,0,197,0
Boucle du Mouhoun,2026,48,3.1,31.5,94.1,0,201,8
Boucle du Mouhoun,2026,49,0.7,25.3,86.7,0,181,6
Boucle du Mouhoun,2026,50,2.0,25.7,93.2,0,231,3
Boucle du Mouhoun,2026,51,0.4,32.9,82.6,0,259,10
Boucle du Mouhoun,2026,52,1.4,32.8,75.3,0,145,5
Cascades,2013,1,3.6,29.9,77.2,0,323,1
Cascades,2013,2,2.1,31.4,81.7,0,286,14
Cascades,2013,3,2.9,27.8,94.4,0,258,3
Cascades,2013,4,2.5,27.7,81.5,0,343,9
Cascades,2013,5,4.7,31.4,93.7,0,317,1
Cascades,2013,6,0.0,31.4,80.4,0,300,3
Cascades,2013,7,1.2,27.4,84.6,0,323,2
Cascades,2013,8,4.0,31.0,79.9,0,228,14
Cascades,2013,9,2.2,30.1,76.0,0,301,11
Cascades,2013,10,1.5,35.3,76.9,0,244,3
Cascades,2013,11,0.7,34.4,94.8,0,192,14
Cascades,2013,12,0.2,39.7,93.9,0,335,2
Cascades,2013,13,3.6,37.8,80.4,0,184,1
Cascades,2013,14,0.9,34.1,82.4,0,184,4
Cascades,2013,15,1.8,39.0,88.4,0,338,4
Cascades,2013,16,0.6,35.9,94.9,0,329,2
Cascades,2013,17,3.8,36.9,90.1,0,342,11
Cascades,2013,18,0.5,34.8,85.1,0,183,13
Cascades,2013,19,4.1,26.0,82.9,0,268,10
Cascades,2013,20,2.7,26.0,91.0,0,296,12
Cascades,2013,21,1.2,32.9,85.4,0,260,1
Cascades,2013,22,79.2,31.2,87.4,0,182,8
Cascades,2013,23,27.9,29.9,76.9,0,279,13
Cascades,2013,24,38.7,28.8,76.0,0,197,1
Cascades,2013,25,74.1,26.4,81.8,0,184,1
Cascades,2013,26,119.1,31.2,81.0,0,1272,5
Cascades,2013,27,28.4,27.2,82.7,0,1053,9
Cascades,2013,28,112.5,29.4,86.0,0,1288,14
Cascades,2013,29,40.5,30.1,82.5,0,1391,1
Cascades,2013,30,117.6,28.1,93.6,0,1606,8
Cascades,2013,31,74.6,25.9,78.6,0,1472,7
Cascades,2013,32,34.2,31.6,83.1,0,1290,12
Cascades,2013,33,51.2,29.9,90.7,0,1144,2
Cascades,2013,34,82.5,28.8,79.5,0,1791,10
Cascades,2013,35,74.0,28.8,78.0,0,1616,13
Cascades,2013,36,83.4,28.1,88.6,0,1372,11
Cascades,2013,37,111.9,28.7,89.1,0,1601,12
Cascades,2013,38,88.7,32.7,82.3,0,1275,13
Cascades,2013,39,119.3,27.6,87.9,0,1433,4
Cascades,2013,40,39.2,30.2,92.1,0,1189,0
Cascades,2013,41,4.1,27.6,84.3,0,1736,0
Cascades,2013,42,2.9,32.1,90.1,0,1211,10
Cascades,2013,43,0.9,30.6,81.2,0,1669,3
Cascades,2013,44,0.5,25.5,80.1,0,1512,3
Cascades,2013,45,2.2,27.2,80.5,0,1665,5
Cascades,2013,46,4.9,27.3,91.9,0,1259,11
Cascades,2013,47,1.9,25.9,77.1,0,214,5
Cascades,2013,48,0.5,32.7,87.7,0,311,6
Cascades,2013,49,1.9,31.9,84.1,0,287,12
Cascades,2013,50,3.9,26.3,84.1,0,353,0
Cascades,2013,51,2.0,26.7,94.2,0,359,8
Cascades,2013,52,2.5,30.3,88.5,0,354,11
Cascades,2014,1,4.1,27.3,82.1,0,205,4
Cascades,2014,2,1.3,32.7,91.8,0,320,2
Cascades,2014,3,3.8,31.1,86.5,0,304,0
Cascades,2014,4,2.4,32.7,80.1,0,192,6
Cascades,2014,5,4.2,28.8,80.7,0,246,9
Cascades,2014,6,1.7,26.3,88.6,0,242,7
Cascades,2014,7,4.8,28.2,91.7,0,200,13
Cascades,2014,8,4.4,27.4,81.4,0,261,3
Cascades,2014,9,4.7,31.5,76.8,0,248,2
Cascades,2014,10,0.5,37.3,80.3,0,345,3
Cascades,2014,11,0.0,37.3,81.9,0,274,2
Cascades,2014,12,4.0,39.9,81.7,0,198,1
Cascades,2014,13,4.1,37.0,84.3,0,177,1
Cascades,2014,14,0.8,37.1,89.6,0,310,14
Cascades,2014,15,0.8,39.6,92.6,0,224,0
Cascades,2014,16,1.5,34.7,86.2,0,202,13
Cascades,2014,17,3.0,36.0,77.6,0,212,6
Cascades,2014,18,1.2,36.4,83.8,0,237,8
Cascades,2014,19,3.1,30.8,81.3,0,199,12
Cascades,2014,20,3.9,29.6,92.2,0,346,6
Cascades,2014,21,0.3,25.8,87.3,0,238,7
Cascades,2014,22,103.1,25.1,77.4,0,181,0
Cascades,2014,23,98.8,31.4,91.7,0,266,14
Cascades,2014,24,96.1,32.1,76.8,0,327,8
Cascades,2014,25,36.2,26.9,94.6,0,205,4
Cascades,2014,26,115.6,30.3,87.5,0,1139,10
Cascades,2014,27,21.5,27.0,90.1,0,1362,0
Cascades,2014,28,104.3,31.0,90.2,0,1186,7
Cascades,2014,29,58.1,27.6,82.2,0,1535,12
Cascades,2014,30,38.0,31.1,94.3,0,1313,0
Cascades,2014,31,32.1,25.5,91.7,0,1253,9
Cascades,2014,32,67.7,28.4,77.6,0,1706,13
Cascades,2014,33,117.7,30.2,93.7,0,1403,4
Cascades,2014,34,26.0,28.9,85.2,0,1535,11
Cascades,2014,35,37.5,31.2,79.0,0,1730,0
Cascades,2014,36,92.9,25.4,86.1,0,1635,0
Cascades,2014,37,62.2,26.8,79.2,0,1457,4
Cascades,2014,38,21.9,32.0,78.6,0,1402,5
Cascades,2014,39,61.6,29.6,92.3,0,1125,3
Cascades,2014,40,24.8,31.3,90.4,0,1576,4
Cascades,2014,41,3.4,31.3,90.0,0,1744,7
Cascades,2014,42,4.6,26.4,92.7,0,1079,2
Cascades,2014,43,0.8,29.0,91.4,0,1505,3
Cascades,2014,44,4.6,25.8,88.9,0,1499,12
Cascades,2014,45,1.4,30.4,87.9,0,1382,14
Cascades,2014,46,4.6,26.0,77.9,0,1558,2
Cascades,2014,47,3.5,25.2,78.0,0,200,4
Cascades,2014,48,3.5,32.5,94.3,0,273,7
Cascades,2014,49,1.5,25.4,81.0,0,184,6
Cascades,2014,50,1.3,26.9,75.8,0,232,12
Cascades,2014,51,4.8,27.1,83.4,0,340,11
Cascades,2014,52,0.7,30.8,86.1,0,337,13
Cascades,2015,1,4.1,28.4,83.2,0,182,10
Cascades,2015,2,0.6,26.4,92.1,0,228,1
Cascades,2015,3,3.6,27.7,77.5,0,219,9
Cascades,2015,4,2.0,25.2,84.5,0,305,6
Cascades,2015,5,1.7,30.7,92.3,0,272,8
Cascades,2015,6,1.0,25.7,75.1,0,269,13
Cascades,2015,7,1.5,33.0,82.0,0,207,6
Cascades,2015,8,0.4,27.5,86.3,0,241,5
Cascades,2015,9,0.2,26.1,84.3,0,192,0
Cascades,2015,10,1.1,37.5,77.2,0,189,11
Cascades,2015,11,3.1,40.4,82.6,0,318,0
Cascades,2015,12,2.8,34.9,84.7,0,199,0
Cascades,2015,13,3.9,40.3,77.0,0,336,10
Cascades,2015,14,1.9,36.5,90.7,0,199,12
Cascades,2015,15,3.1,38.9,83.4,0,238,8
Cascades,2015,16,0.9,39.2,93.8,0,310,12
Cascades,2015,17,3.4,35.8,79.3,0,207,11
Cascades,2015,18,0.4,35.2,76.3,0,186,10
Cascades,2015,19,2.3,30.5,88.5,0,325,0
Cascades,2015,20,2.0,28.5,78.5,0,238,9
Cascades,2015,21,3.0,26.1,86.9,0,261,4
Cascades,2015,22,91.3,32.0,93.0,0,185,4
Cascades,2015,23,101.9,28.2,88.9,0,190,1
Cascades,2015,24,67.4,30.4,80.7,0,224,1
Cascades,2015,25,72.3,29.3,90.9,0,343,5
Cascades,2015,26,35.9,25.3,92.7,0,1235,10
Cascades,2015,27,43.0,26.4,82.4,0,1261,12
Cascades,2015,28,77.5,29.6,88.5,0,1117,2
Cascades,2015,29,94.0,29.3,76.5,0,1336,12
Cascades,2015,30,85.1,25.4,85.1,0,1495,6
Cascades,2015,31,75.8,29.5,91.9,0,1617,2
Cascades,2015,32,77.6,31.0,83.8,0,1111,7
Cascades,2015,33,84.6,28.4,80.5,0,1582,4
Cascades,2015,34,113.9,30.0,90.1,0,1577,4
Cascades,2015,35,109.7,25.3,87.1,0,1170,12
Cascades,2015,36,21.7,32.9,91.7,0,1645,14
Cascades,2015,37,84.4,25.2,89.9,0,1071,10
Cascades,2015,38,48.5,28.6,75.2,0,1303,8
Cascades,2015,39,28.7,31.3,86.3,0,1018,0
Cascades,2015,40,95.4,25.3,76.6,0,1286,0
Cascades,2015,41,2.4,28.2,80.7,0,1206,1
Cascades,2015,42,3.2,32.0,91.9,0,1396,11
Cascades,2015,43,2.3,27.6,88.0,0,1199,6
Cascades,2015,44,1.6,30.6,75.5,0,1468,12
Cascades,2015,45,1.9,32.1,86.1,0,1285,14
Cascades,2015,46,3.0,28.2,91.2,0,1563,4
Cascades,2015,47,4.5,27.6,93.4,0,185,13
Cascades,2015,48,2.1,26.6,85.9,0,343,10
Cascades,2015,49,1.0,31.8,82.2,0,273,3
Cascades,2015,50,2.0,32.2,86.3,0,234,10
Cascades,2015,51,1.0,25.5,88.1,0,266,11
Cascades,2015,52,3.4,30.4,76.5,0,297,10
Cascades,2016,1,0.8,28.6,90.0,0,195,4
Cascades,2016,2,3.1,30.1,93.1,0,290,4
Cascades,2016,3,4.2,30.0,92.2,0,266,12
Cascades,2016,4,4.6,30.4,89.6,0,306,1
Cascades,2016,5,3.7,30.8,90.2,0,315,13
Cascades,2016,6,4.5,31.6,83.5,0,316,6
Cascades,2016,7,3.4,31.6,81.6,0,300,3
Cascades,2016,8,3.3,29.9,80.1,0,173,13
Cascades,2016,9,3.1,31.4,88.1,0,325,8
Cascades,2016,10,4.1,36.4,77.3,0,227,11
Cascades,2016,11,4.4,40.2,81.5,0,192,8
Cascades,2016,12,0.2,38.2,76.7,0,258,2
Cascades,2016,13,1.3,36.3,78.8,0,330,6
Cascades,2016,14,3.6,38.1,81.5,0,238,10
Cascades,2016,15,0.5,36.5,84.3,0,256,13
Cascades,2016,16,0.8,37.7,91.2,0,229,4
Cascades,2016,17,4.0,36.3,75.6,0,217,8
Cascades,2016,18,1.8,35.5,82.8,0,260,8
Cascades,2016,19,3.9,30.1,81.5,0,204,2
Cascades,2016,20,3.6,25.2,76.9,0,248,1
Cascades,2016,21,2.6,31.1,82.0,0,275,1
Cascades,2016,22,43.4,31.0,90.2,0,203,3
Cascades,2016,23,110.0,30.0,80.4,0,253,3
Cascades,2016,24,65.9,31.8,94.2,0,284,9
Cascades,2016,25,63.2,28.1,93.8,0,318,5
Cascades,2016,26,22.7,30.0,80.1,0,1244,6
Cascades,2016,27,41.1,30.3,84.9,0,1399,7
Cascades,2016,28,31.6,31.3,95.0,0,1247,4
Cascades,2016,29,97.4,28.4,77.5,0,1672,7
Cascades,2016,30,109.5,25.5,80.6,0,1268,13
Cascades,2016,31,68.6,29.0,85.0,0,1577,9
Cascades,2016,32,47.3,27.1,86.6,0,1416,3
Cascades,2016,33,109.9,32.8,91.4,0,1448,8
Cascades,2016,34,68.7,32.3,83.6,0,1383,13
Cascades,2016,35,69.0,25.7,91.2,0,1218,11
Cascades,2016,36,113.5,29.9,83.7,0,1656,0
Cascades,2016,37,30.6,32.5,93.9,0,1155,10
Cascades,2016,38,119.5,27.9,86.6,0,1233,7
Cascades,2016,39,37.7,32.4,94.5,0,1597,14
Cascades,2016,40,83.4,25.4,91.7,0,1511,6
Cascades,2016,41,2.4,27.1,75.7,0,1306,14
Cascades,2016,42,2.6,28.2,91.0,0,1051,0
Cascades,2016,43,1.1,26.4,86.7,0,1488,1
Cascades,2016,44,4.2,28.7,91.7,0,1531,13
Cascades,2016,45,4.4,25.0,78.7,0,1492,6
Cascades,2016,46,3.8,26.8,80.7,0,1421,11
Cascades,2016,47,4.7,29.3,88.6,0,193,8
Cascades,2016,48,2.2,30.0,87.7,0,312,11
Cascades,2016,49,1.6,33.0,87.4,0,325,7
Cascades,2016,50,2.5,28.6,84.6,0,169,11
Cascades,2016,51,4.6,32.6,92.9,0,269,7
Cascades,2016,52,4.1,29.0,87.5,0,286,4
Cascades,2017,1,3.9,31.1,94.5,0,210,11
Cascades,2017,2,0.5,28.4,93.7,0,217,3
Cascades,2017,3,0.3,31.3,88.8,0,257,0
Cascades,2017,4,0.5,28.7,82.9,0,328,8
Cascades,2017,5,1.6,28.2,87.2,0,195,8
Cascades,2017,6,4.9,25.4,81.4,0,323,5
Cascades,2017,7,2.6,28.1,92.4,0,190,8
Cascades,2017,8,1.7,27.7,94.9,0,230,2
Cascades,2017,9,1.6,30.2,84.4,0,205,7
Cascades,2017,10,4.6,38.2,85.0,0,194,1
Cascades,2017,11,0.4,35.6,93.9,0,242,11
Cascades,2017,12,1.8,36.8,84.7,0,197,7
Cascades,2017,13,2.7,40.6,82.2,0,242,13
Cascades,2017,14,4.3,35.4,94.5,0,300,11
Cascades,2017,15,4.2,40.6,88.5,0,324,0
Cascades,2017,16,0.1,37.6,87.6,0,296,11
Cascades,2017,17,4.1,37.8,87.1,0,166,1
Cascades,2017,18,3.9,39.1,91.3,0,185,14
Cascades,2017,19,1.4,26.4,87.7,0,269,0
Cascades,2017,20,0.4,29.8,92.3,0,272,7
Cascades,2017,21,1.0,33.0,90.0,0,324,12
Cascades,2017,22,92.2,27.1,93.3,0,276,6
Cascades,2017,23,113.1,27.2,81.1,0,192,1
Cascades,2017,24,71.2,27.8,87.3,0,322,2
Cascades,2017,25,85.5,25.6,84.3,0,265,4
Cascades,2017,26,48.8,32.2,92.8,0,1235,2
Cascades,2017,27,106.3,32.1,82.0,0,1313,5
Cascades,2017,28,71.5,29.5,88.5,0,1297,12
Cascades,2017,29,85.5,29.7,76.1,0,1613,5
Cascades,2017,30,30.3,27.7,83.2,0,1007,10
Cascades,2017,31,118.4,28.7,88.0,0,1374,0
Cascades,2017,32,108.7,30.5,83.4,0,1055,1
Cascades,2017,33,83.2,27.6,90.2,0,1445,3
Cascades,2017,34,68.0,30.9,79.1,0,973,8
Cascades,2017,35,27.9,27.3,83.3,0,1299,13
Cascades,2017,36,106.0,29.1,87.6,0,1035,13
Cascades,2017,37,21.5,27.3,83.6,0,1223,13
Cascades,2017,38,39.0,28.4,91.8,0,1574,7
Cascades,2017,39,75.3,25.1,80.5,0,1228,14
Cascades,2017,40,55.5,31.3,86.3,0,1554,7
Cascades,2017,41,4.3,30.5,84.1,0,1151,10
Cascades,2017,42,2.6,30.8,89.7,0,1432,4
Cascades,2017,43,0.6,29.1,84.2,0,1234,13
Cascades,2017,44,2.7,29.8,76.2,0,1318,0
Cascades,2017,45,2.7,25.3,92.0,0,1587,9
Cascades,2017,46,3.6,26.9,89.9,0,1580,11
Cascades,2017,47,3.0,28.0,78.1,0,282,1
Cascades,2017,48,0.4,27.8,83.4,0,264,10
Cascades,2017,49,0.7,30.0,83.2,0,306,11
Cascades,2017,50,1.7,29.5,85.2,0,278,6
Cascades,2017,51,2.2,27.4,94.1,0,301,2
Cascades,2017,52,2.5,28.8,84.0,0,288,4
Cascades,2018,1,4.7,26.8,89.3,0,249,9
Cascades,2018,2,2.0,29.1,94.7,0,186,7
Cascades,2018,3,0.4,32.9,86.5,0,266,0
Cascades,2018,4,4.5,30.1,80.2,0,261,9
Cascades,2018,5,4.3,26.2,76.4,0,230,3
Cascades,2018,6,1.6,25.3,91.5,0,285,9
Cascades,2018,7,3.9,25.7,83.0,0,204,4
Cascades,2018,8,2.1,31.0,79.7,0,288,10
Cascades,2018,9,1.8,26.8,75.0,0,292,0
Cascades,2018,10,4.4,40.0,81.9,0,320,1
Cascades,2018,11,2.9,35.7,93.6,0,244,13
Cascades,2018,12,1.9,38.6,88.1,0,279,10
Cascades,2018,13,5.0,40.1,89.0,0,180,8
Cascades,2018,14,2.8,37.1,83.9,0,297,14
Cascades,2018,15,1.3,38.4,91.5,0,280,2
Cascades,2018,16,3.4,35.6,83.9,0,170,10
Cascades,2018,17,1.7,36.1,83.8,0,186,6
Cascades,2018,18,0.1,38.9,91.0,0,319,12
Cascades,2018,19,0.3,31.8,77.3,0,293,11
Cascades,2018,20,3.8,29.3,91.4,0,282,7
Cascades,2018,21,4.9,26.9,82.3,0,262,2
Cascades,2018,22,112.8,25.5,84.9,0,317,3
Cascades,2018,23,62.3,26.8,89.6,0,265,11
Cascades,2018,24,107.7,30.1,87.6,0,214,2
Cascades,2018,25,93.6,29.9,81.3,0,304,2
Cascades,2018,26,107.6,32.3,82.8,0,1206,7
Cascades,2018,27,58.6,26.5,94.3,0,1279,6
Cascades,2018,28,47.3,25.8,91.9,0,1457,9
Cascades,2018,29,24.0,29.8,88.5,0,1026,0
Cascades,2018,30,96.5,28.9,92.1,0,1520,2
Cascades,2018,31,92.2,32.9,87.7,0,1357,3
Cascades,2018,32,57.5,26.9,88.0,0,1490,1
Cascades,2018,33,93.7,31.4,82.2,0,1081,5
Cascades,2018,34,31.7,30.1,82.5,0,1357,10
Cascades,2018,35,106.3,32.6,76.3,0,1212,5
Cascades,2018,36,26.5,26.9,93.2,0,1497,3
Cascades,2018,37,53.2,28.6,85.6,0,1020,0
Cascades,2018,38,61.4,28.4,78.4,0,1476,10
Cascades,2018,39,33.0,31.8,79.3,0,1357,11
Cascades,2018,40,50.6,27.9,81.4,0,1438,4
Cascades,2018,41,3.3,29.4,76.4,0,1492,14
Cascades,2018,42,0.8,30.8,83.8,0,1178,14
Cascades,2018,43,3.7,30.4,80.2,0,1011,5
Cascades,2018,44,4.7,28.2,88.9,0,1234,12
Cascades,2018,45,2.0,29.8,79.0,0,1070,12
Cascades,2018,46,3.6,27.9,85.7,0,1466,3
Cascades,2018,47,2.1,32.7,86.1,0,162,1
Cascades,2018,48,3.7,32.2,79.6,0,207,6
Cascades,2018,49,1.8,25.4,84.0,0,269,9
Cascades,2018,50,3.0,30.5,76.5,0,259,7
Cascades,2018,51,2.4,32.0,84.0,0,292,8
Cascades,2018,52,1.1,29.6,93.2,0,179,5
Cascades,2019,1,0.8,25.4,90.1,0,244,8
Cascades,2019,2,0.2,25.7,84.0,0,258,10
Cascades,2019,3,2.1,25.7,88.1,0,193,2
Cascades,2019,4,4.7,29.6,83.4,0,291,10
Cascades,2019,5,4.9,28.0,90.0,0,275,14
Cascades,2019,6,2.8,30.7,76.8,0,198,2
Cascades,2019,7,3.1,31.8,79.7,0,253,12
Cascades,2019,8,3.4,31.0,85.3,0,184,8
Cascades,2019,9,2.3,27.8,83.0,0,198,10
Cascades,2019,10,0.2,36.8,85.1,0,206,3
Cascades,2019,11,3.8,37.2,89.3,0,159,7
Cascades,2019,12,0.9,36.2,89.2,0,183,4
Cascades,2019,13,1.5,37.9,78.9,0,224,9
Cascades,2019,14,4.1,38.2,81.2,0,252,14
Cascades,2019,15,0.7,37.0,92.0,0,229,13
Cascades,2019,16,2.0,35.8,81.6,0,270,12
Cascades,2019,17,2.8,34.7,83.3,0,181,2
Cascades,2019,18,0.4,34.2,75.0,0,294,10
Cascades,2019,19,0.0,27.9,87.7,0,166,4
Cascades,2019,20,3.5,25.8,88.5,0,288,11
Cascades,2019,21,3.2,25.4,82.2,0,176,13
Cascades,2019,22,30.8,29.9,91.7,0,167,5
Cascades,2019,23,70.7,32.3,82.4,0,216,3
Cascades,2019,24,45.9,26.7,79.0,0,312,5
Cascades,2019,25,77.0,25.5,90.1,0,241,8
Cascades,2019,26,56.4,27.0,90.3,0,1189,0
Cascades,2019,27,113.1,30.8,83.7,0,1041,4
Cascades,2019,28,70.8,31.7,94.3,0,1333,8
Cascades,2019,29,82.7,32.4,79.4,0,981,13
Cascades,2019,30,32.5,29.3,88.4,0,1397,10
Cascades,2019,31,104.9,27.6,89.0,0,1325,11
Cascades,2019,32,72.7,27.4,91.0,0,1384,11
Cascades,2019,33,102.6,30.1,84.6,0,1213,11
Cascades,2019,34,99.8,29.4,77.1,0,1113,11
Cascades,2019,35,90.3,28.9,89.8,0,1552,3
Cascades,2019,36,53.2,32.0,86.5,0,1336,5
Cascades,2019,37,102.2,31.9,89.9,0,1427,3
Cascades,2019,38,71.6,25.7,86.2,0,1070,5
Cascades,2019,39,113.6,32.4,91.3,0,1297,10
Cascades,2019,40,70.7,27.1,90.2,0,1371,14
Cascades,2019,41,3.1,31.1,78.7,0,1441,8
Cascades,2019,42,4.1,25.9,90.1,0,1464,7
Cascades,2019,43,0.9,32.3,77.4,0,1296,9
Cascades,2019,44,2.6,30.2,75.3,0,1406,14
Cascades,2019,45,4.8,25.1,85.2,0,1414,7
Cascades,2019,46,3.5,26.8,83.9,0,1278,2
Cascades,2019,47,2.1,27.7,81.3,0,234,0
Cascades,2019,48,4.7,32.2,86.5,0,208,11
Cascades,2019,49,4.7,28.9,88.9,0,193,6
Cascades,2019,50,3.8,28.1,87.8,0,277,13
Cascades,2019,51,4.4,26.9,88.0,0,205,8
Cascades,2019,52,0.3,31.1,92.7,0,222,9
Cascades,2020,1,1.9,30.8,77.5,0,303,6
Cascades,2020,2,0.4,26.8,84.2,0,195,9
Cascades,2020,3,5.0,26.2,93.6,0,288,11
Cascades,2020,4,0.3,29.6,89.7,0,265,7
Cascades,2020,5,3.5,30.7,94.8,0,220,14
Cascades,2020,6,4.6,27.1,77.7,0,228,3
Cascades,2020,7,4.4,26.1,91.9,0,297,4
Cascades,2020,8,0.5,26.2,93.6,0,186,12
Cascades,2020,9,3.0,26.3,89.2,0,271,10
Cascades,2020,10,1.7,34.8,75.3,0,176,1
Cascades,2020,11,2.1,37.0,92.8,0,241,5
Cascades,2020,12,3.2,39.2,87.4,0,158,4
Cascades,2020,13,1.4,37.0,89.3,0,195,3
Cascades,2020,14,3.9,36.7,87.3,0,209,3
Cascades,2020,15,0.1,37.4,86.3,0,163,8
Cascades,2020,16,3.8,40.8,78.4,0,294,0
Cascades,2020,17,2.1,40.3,78.1,0,261,5
Cascades,2020,18,3.1,37.9,88.3,0,181,12
Cascades,2020,19,1.2,31.9,81.1,0,268,6
Cascades,2020,20,4.1,28.0,87.5,0,300,5
Cascades,2020,21,2.6,26.6,80.8,0,193,1
Cascades,2020,22,49.6,26.4,92.8,0,235,10
Cascades,2020,23,66.2,27.9,86.4,0,259,9
Cascades,2020,24,94.7,28.3,79.5,0,205,9
Cascades,2020,25,103.9,31.8,88.6,0,213,0
Cascades,2020,26,118.3,27.8,78.9,0,1410,4
Cascades,2020,27,42.9,31.1,92.3,0,1492,5
Cascades,2020,28,45.5,25.7,92.9,0,1501,7
Cascades,2020,29,112.4,32.0,75.9,0,1342,10
Cascades,2020,30,98.1,29.6,89.5,0,1544,5
Cascades,2020,31,90.6,27.3,87.6,0,1335,2
Cascades,2020,32,80.1,26.0,78.9,0,1447,10
Cascades,2020,33,86.9,26.5,83.2,0,1020,10
Cascades,2020,34,21.1,32.3,82.8,0,1264,7
Cascades,2020,35,41.4,25.6,81.7,0,1352,6
Cascades,2020,36,57.5,28.3,76.1,0,1450,0
Cascades,2020,37,33.7,28.1,78.9,0,1489,8
Cascades,2020,38,24.0,30.3,86.3,0,1283,9
Cascades,2020,39,95.7,26.3,83.3,0,1030,2
Cascades,2020,40,66.1,29.2,94.9,0,1421,7
Cascades,2020,41,1.3,26.9,91.7,0,1446,0
Cascades,2020,42,0.3,32.9,76.8,0,1516,9
Cascades,2020,43,1.4,31.8,81.1,0,1165,5
Cascades,2020,44,0.6,32.3,79.5,0,1058,7
Cascades,2020,45,2.4,26.9,91.8,0,1062,13
Cascades,2020,46,4.1,32.5,91.3,0,1317,3
Cascades,2020,47,2.6,30.9,79.4,0,166,4
Cascades,2020,48,1.9,29.3,94.2,0,278,12
Cascades,2020,49,3.6,32.1,88.7,0,195,13
Cascades,2020,50,0.9,28.6,90.9,0,207,0
Cascades,2020,51,1.3,31.2,83.5,0,293,13
Cascades,2020,52,2.3,27.6,77.8,0,294,12
Cascades,2021,1,1.0,25.8,81.3,0,154,14
Cascades,2021,2,4.6,30.8,84.1,0,259,4
Cascades,2021,3,1.9,27.1,82.1,0,223,12
Cascades,2021,4,3.6,30.7,84.1,0,250,12
Cascades,2021,5,2.2,29.0,82.1,0,169,4
Cascades,2021,6,3.7,29.2,85.3,0,293,14
Cascades,2021,7,1.0,26.5,87.1,0,232,13
Cascades,2021,8,4.8,32.3,94.5,0,278,14
Cascades,2021,9,1.0,27.3,75.8,0,226,14
Cascades,2021,10,0.4,40.3,90.6,0,294,11
Cascades,2021,11,4.3,38.9,86.9,0,151,8
Cascades,2021,12,4.3,37.9,93.8,0,161,7
Cascades,2021,13,4.4,40.1,76.0,0,284,12
Cascades,2021,14,3.9,35.5,89.7,0,176,7
Cascades,2021,15,1.3,36.7,76.8,0,195,10
Cascades,2021,16,4.8,36.4,86.7,0,207,3
Cascades,2021,17,0.3,34.6,84.9,0,169,2
Cascades,2021,18,2.7,39.0,93.0,0,290,2
Cascades,2021,19,2.2,31.5,80.2,0,169,4
Cascades,2021,20,0.7,25.1,82.4,0,156,5
Cascades,2021,21,1.4,32.1,76.9,0,186,12
Cascades,2021,22,95.6,28.9,90.9,0,274,4
Cascades,2021,23,99.2,30.2,93.1,0,184,14
Cascades,2021,24,47.1,26.9,94.4,0,259,0
Cascades,2021,25,76.1,27.8,93.9,0,154,5
Cascades,2021,26,50.2,28.2,84.5,0,980,4
Cascades,2021,27,88.0,32.3,92.5,0,945,1
Cascades,2021,28,77.8,32.7,81.9,0,1011,0
Cascades,2021,29,101.5,30.4,86.3,0,1017,9
Cascades,2021,30,22.4,28.7,76.9,0,1099,7
Cascades,2021,31,110.4,30.7,89.1,0,1367,1
Cascades,2021,32,46.5,26.6,75.0,0,1418,14
Cascades,2021,33,98.5,32.4,78.6,0,1200,10
Cascades,2021,34,113.2,30.2,80.7,0,1367,10
Cascades,2021,35,49.5,30.7,87.4,0,1426,10
Cascades,2021,36,99.2,27.1,78.6,0,1172,8
Cascades,2021,37,47.8,30.6,91.1,0,991,2
Cascades,2021,38,101.4,30.2,81.9,0,1351,8
Cascades,2021,39,36.0,29.4,76.4,0,1057,3
Cascades,2021,40,23.0,25.4,84.6,0,1228,0
Cascades,2021,41,1.4,29.9,75.9,0,1248,6
Cascades,2021,42,3.7,25.2,88.7,0,1409,3
Cascades,2021,43,3.4,30.5,94.3,0,1166,3
Cascades,2021,44,1.7,30.1,75.1,0,1474,9
Cascades,2021,45,3.5,28.1,88.6,0,1042,2
Cascades,2021,46,3.7,30.0,85.9,0,884,11
Cascades,2021,47,0.5,28.0,90.2,0,276,14
Cascades,2021,48,2.5,27.7,88.4,0,165,12
Cascades,2021,49,1.0,25.1,88.9,0,198,8
Cascades,2021,50,2.0,27.0,88.6,0,170,11
Cascades,2021,51,0.4,32.5,83.5,0,155,7
Cascades,2021,52,2.2,31.9,84.1,0,243,7
Cascades,2022,1,1.7,25.5,91.9,0,245,8
Cascades,2022,2,5.0,29.1,90.8,0,234,4
Cascades,2022,3,0.9,25.8,79.8,0,242,13
Cascades,2022,4,3.6,27.5,80.9,0,224,9
Cascades,2022,5,1.9,30.7,90.3,0,290,4
Cascades,2022,6,1.1,30.7,80.4,0,273,2
Cascades,2022,7,1.9,32.8,81.1,0,254,13
Cascades,2022,8,0.2,28.2,83.7,0,243,3
Cascades,2022,9,1.5,32.9,76.7,0,151,12
Cascades,2022,10,3.3,38.2,92.7,0,291,1
Cascades,2022,11,2.5,36.3,85.4,0,295,11
Cascades,2022,12,1.5,40.2,76.4,0,272,8
Cascades,2022,13,4.7,40.0,77.2,0,281,6
Cascades,2022,14,2.4,40.6,75.8,0,213,5
Cascades,2022,15,2.1,40.4,82.3,0,291,8
Cascades,2022,16,2.5,36.7,94.8,0,284,13
Cascades,2022,17,1.6,35.6,89.6,0,278,7
Cascades,2022,18,1.5,40.1,87.3,0,159,9
Cascades,2022,19,4.9,28.0,76.4,0,257,14
Cascades,2022,20,0.7,27.8,87.3,0,195,0
Cascades,2022,21,2.6,32.5,89.7,0,288,11
Cascades,2022,22,116.0,31.8,92.8,0,162,4
Cascades,2022,23,86.8,28.9,94.3,0,208,9
Cascades,2022,24,56.4,26.3,86.6,0,294,12
Cascades,2022,25,57.3,28.7,78.0,0,239,6
Cascades,2022,26,95.8,28.7,85.3,0,1278,4
Cascades,2022,27,95.3,26.4,93.4,0,1425,10
Cascades,2022,28,24.2,29.6,94.4,0,1003,5
Cascades,2022,29,36.7,31.9,80.8,0,1375,12
Cascades,2022,30,54.7,28.9,93.6,0,1137,12
Cascades,2022,31,68.7,31.1,82.6,0,1164,1
Cascades,2022,32,62.6,29.3,79.4,0,919,7
Cascades,2022,33,91.4,30.8,80.8,0,1448,1
Cascades,2022,34,38.7,27.7,84.7,0,986,7
Cascades,2022,35,21.2,27.3,86.3,0,1360,7
Cascades,2022,36,23.8,25.5,87.6,0,947,7
Cascades,2022,37,112.8,29.5,78.9,0,983,2
Cascades,2022,38,44.9,30.1,93.1,0,910,5
Cascades,2022,39,77.9,25.7,93.4,0,954,11
Cascades,2022,40,49.3,27.9,92.7,0,1463,7
Cascades,2022,41,0.3,27.1,93.2,0,1241,9
Cascades,2022,42,4.6,26.7,90.9,0,1404,0
Cascades,2022,43,1.5,29.6,76.1,0,1406,5
Cascades,2022,44,4.1,31.3,93.0,0,1458,12
Cascades,2022,45,1.3,30.7,88.9,0,1388,13
Cascades,2022,46,1.4,28.1,83.1,0,915,3
Cascades,2022,47,4.8,30.5,91.1,0,245,6
Cascades,2022,48,4.0,25.6,77.5,0,190,11
Cascades,2022,49,4.9,27.1,78.3,0,182,2
Cascades,2022,50,0.7,26.8,86.5,0,270,7
Cascades,2022,51,4.8,27.3,85.9,0,224,13
Cascades,2022,52,3.0,30.4,81.1,0,197,1
Cascades,2023,1,2.4,28.0,91.9,0,146,13
Cascades,2023,2,3.2,28.7,78.2,0,153,14
Cascades,2023,3,2.1,28.3,79.8,0,244,9
Cascades,2023,4,4.1,27.7,80.7,0,244,10
Cascades,2023,5,2.5,32.8,81.9,0,229,5
Cascades,2023,6,3.7,25.9,84.4,0,251,11
Cascades,2023,7,3.2,28.2,84.5,0,273,11
Cascades,2023,8,1.7,25.7,78.3,0,160,8
Cascades,2023,9,4.0,26.4,79.7,0,202,3
Cascades,2023,10,3.9,35.0,89.2,0,236,11
Cascades,2023,11,0.4,34.4,76.3,0,247,13
Cascades,2023,12,0.1,40.1,93.0,0,244,8
Cascades,2023,13,3.6,34.2,78.6,0,251,3
Cascades,2023,14,0.2,39.0,80.9,0,219,8
Cascades,2023,15,3.2,35.2,84.8,0,235,4
Cascades,2023,16,2.1,36.5,91.0,0,172,4
Cascades,2023,17,2.6,35.1,90.1,0,258,12
Cascades,2023,18,1.6,38.2,78.2,0,257,13
Cascades,2023,19,0.3,32.9,84.5,0,228,13
Cascades,2023,20,1.7,30.0,91.6,0,232,7
Cascades,2023,21,1.7,31.4,90.4,0,265,13
Cascades,2023,22,74.9,31.5,84.7,0,167,9
Cascades,2023,23,81.1,29.9,84.8,0,251,3
Cascades,2023,24,97.5,27.2,86.0,0,210,10
Cascades,2023,25,31.0,28.1,85.9,0,243,9
Cascades,2023,26,103.9,30.3,93.9,0,1425,11
Cascades,2023,27,26.6,26.2,86.9,0,1226,5
Cascades,2023,28,31.1,25.5,75.0,0,878,10
Cascades,2023,29,26.7,25.6,77.9,0,1254,14
Cascades,2023,30,53.0,31.7,94.8,0,856,2
Cascades,2023,31,30.5,28.1,79.2,0,1344,12
Cascades,2023,32,100.7,31.5,86.4,0,1288,2
Cascades,2023,33,39.5,26.9,79.3,0,1163,3
Cascades,2023,34,97.9,28.7,92.1,0,1251,13
Cascades,2023,35,47.1,30.7,93.8,0,1003,3
Cascades,2023,36,59.0,29.0,92.7,0,1265,14
Cascades,2023,37,97.7,26.3,78.1,0,1421,8
Cascades,2023,38,48.6,32.5,84.7,0,1378,9
Cascades,2023,39,88.8,28.8,92.9,0,1059,7
Cascades,2023,40,85.1,31.8,79.6,0,1292,0
Cascades,2023,41,4.2,28.7,77.2,0,858,7
Cascades,2023,42,2.0,28.7,94.3,0,1140,6
Cascades,2023,43,2.4,31.0,79.0,0,1123,1
Cascades,2023,44,2.8,32.9,80.3,0,1309,10
Cascades,2023,45,3.9,29.7,79.9,0,1289,3
Cascades,2023,46,4.6,25.4,90.0,0,1134,4
Cascades,2023,47,4.6,26.4,82.4,0,249,9
Cascades,2023,48,0.8,31.7,75.3,0,278,10
Cascades,2023,49,2.5,26.3,77.1,0,204,12
Cascades,2023,50,4.5,31.7,83.1,0,206,12
Cascades,2023,51,1.3,26.0,86.6,0,160,12
Cascades,2023,52,2.6,31.2,78.9,0,200,2
Cascades,2024,1,3.0,31.6,75.3,0,179,2
Cascades,2024,2,2.8,32.2,93.2,0,272,6
Cascades,2024,3,0.8,28.6,86.8,0,276,6
Cascades,2024,4,0.3,25.9,84.6,0,177,12
Cascades,2024,5,1.3,25.6,77.8,0,153,6
Cascades,2024,6,3.8,27.5,87.6,0,250,14
Cascades,2024,7,0.1,28.7,93.1,0,222,11
Cascades,2024,8,4.2,30.7,88.4,0,185,8
Cascades,2024,9,0.8,28.0,93.2,0,243,7
Cascades,2024,10,1.1,40.0,94.2,0,202,2
Cascades,2024,11,3.8,35.2,93.2,0,230,1
Cascades,2024,12,0.6,38.0,94.1,0,150,14
Cascades,2024,13,3.4,39.1,76.0,0,179,6
Cascades,2024,14,4.7,37.2,87.1,0,168,2
Cascades,2024,15,3.2,38.6,81.2,1,215,7
Cascades,2024,16,3.4,37.8,79.9,1,175,11
Cascades,2024,17,0.0,37.3,81.6,0,259,3
Cascades,2024,18,1.1,39.6,85.0,0,243,1
Cascades,2024,19,0.3,32.3,94.2,0,154,13
Cascades,2024,20,4.7,28.3,79.0,0,235,5
Cascades,2024,21,3.5,27.0,90.0,0,178,4
Cascades,2024,22,97.8,28.3,94.5,0,242,13
Cascades,2024,23,30.6,25.5,90.4,0,213,5
Cascades,2024,24,97.6,30.1,93.8,0,231,13
Cascades,2024,25,90.8,30.9,94.0,1,251,13
Cascades,2024,26,44.4,30.7,77.1,1,1209,7
Cascades,2024,27,91.0,29.3,81.7,0,918,2
Cascades,2024,28,50.1,31.9,94.6,0,1082,2
Cascades,2024,29,56.9,29.1,80.4,0,1324,2
Cascades,2024,30,21.6,27.5,81.7,0,1349,1
Cascades,2024,31,95.3,30.4,90.5,0,916,10
Cascades,2024,32,100.7,28.3,92.8,0,913,6
Cascades,2024,33,113.8,25.1,87.5,0,1242,11
Cascades,2024,34,98.7,30.1,82.5,0,1354,7
Cascades,2024,35,23.6,29.2,88.6,0,1101,14
Cascades,2024,36,25.3,25.3,77.0,0,828,10
Cascades,2024,37,67.2,28.9,83.1,0,1189,5
Cascades,2024,38,42.3,27.9,75.4,0,1129,12
Cascades,2024,39,89.2,28.9,89.3,0,1188,6
Cascades,2024,40,25.7,25.4,93.7,0,994,4
Cascades,2024,41,0.5,32.8,85.3,0,1098,12
Cascades,2024,42,0.4,31.5,84.9,0,1271,6
Cascades,2024,43,0.4,30.9,92.9,0,1154,11
Cascades,2024,44,0.2,30.6,76.2,0,1108,9
Cascades,2024,45,1.7,25.1,75.3,0,908,7
Cascades,2024,46,2.2,31.9,75.7,0,1211,4
Cascades,2024,47,1.9,31.7,90.6,0,201,7
Cascades,2024,48,0.6,28.1,88.0,0,208,10
Cascades,2024,49,1.4,32.2,92.1,0,141,13
Cascades,2024,50,4.0,32.0,76.8,0,142,14
Cascades,2024,51,2.8,31.7,90.9,0,229,3
Cascades,2024,52,0.3,31.1,89.7,0,270,14
Cascades,2025,1,1.3,28.6,83.7,0,233,3
Cascades,2025,2,1.3,25.9,94.9,0,166,6
Cascades,2025,3,0.1,30.6,88.3,0,196,12
Cascades,2025,4,0.1,32.1,85.7,0,186,12
Cascades,2025,5,2.5,29.1,82.5,0,214,4
Cascades,2025,6,0.3,29.6,88.8,0,187,13
Cascades,2025,7,0.4,25.1,84.0,0,150,4
Cascades,2025,8,2.6,26.3,78.3,0,152,14
Cascades,2025,9,2.9,30.4,94.4,0,215,8
Cascades,2025,10,1.7,40.6,94.5,0,209,10
Cascades,2025,11,3.4,39.1,76.7,0,142,11
Cascades,2025,12,1.3,38.5,87.1,0,141,5
Cascades,2025,13,2.8,36.3,83.4,0,256,1
Cascades,2025,14,0.2,36.2,76.2,0,218,1
Cascades,2025,15,2.0,37.8,77.5,1,151,11
Cascades,2025,16,3.8,41.0,81.0,1,156,9
Cascades,2025,17,0.4,39.9,75.1,0,245,2
Cascades,2025,18,1.3,38.7,78.7,0,263,11
Cascades,2025,19,2.6,31.2,85.1,0,220,11
Cascades,2025,20,1.8,31.6,92.4,0,263,8
Cascades,2025,21,3.2,27.0,86.3,0,201,12
Cascades,2025,22,30.0,27.1,83.4,0,192,1
Cascades,2025,23,64.0,27.7,80.8,0,179,11
Cascades,2025,24,108.0,30.0,87.1,0,220,10
Cascades,2025,25,106.6,32.7,79.1,1,244,12
Cascades,2025,26,114.5,30.3,78.1,1,1302,1
Cascades,2025,27,111.0,30.8,78.6,0,903,9
Cascades,2025,28,110.7,30.5,90.5,0,1157,9
Cascades,2025,29,75.4,31.5,89.7,0,1122,11
Cascades,2025,30,94.1,31.4,83.9,0,1201,9
Cascades,2025,31,37.8,32.1,80.3,0,1001,2
Cascades,2025,32,99.3,25.3,92.3,0,1085,2
Cascades,2025,33,37.1,27.4,89.8,0,1051,10
Cascades,2025,34,90.5,32.4,82.2,0,1185,12
Cascades,2025,35,62.4,31.4,90.2,0,1335,11
Cascades,2025,36,44.8,29.9,93.3,0,802,9
Cascades,2025,37,71.0,27.4,77.2,0,1147,3
Cascades,2025,38,104.3,27.2,92.1,0,1265,9
Cascades,2025,39,102.0,26.3,79.1,0,940,11
Cascades,2025,40,74.3,27.7,80.5,0,982,14
Cascades,2025,41,0.9,29.0,94.2,0,1229,13
Cascades,2025,42,3.0,27.7,85.2,0,976,10
Cascades,2025,43,3.9,26.6,87.4,0,1290,14
Cascades,2025,44,0.4,30.4,90.4,0,1121,6
Cascades,2025,45,0.5,29.7,78.1,0,1059,0
Cascades,2025,46,0.9,25.9,86.9,0,1262,14
Cascades,2025,47,0.0,28.1,80.5,0,143,14
Cascades,2025,48,2.4,27.2,80.0,0,218,7
Cascades,2025,49,3.2,32.4,80.6,0,260,11
Cascades,2025,50,4.2,25.6,89.6,0,170,1
Cascades,2025,51,4.1,29.7,79.4,0,240,5
Cascades,2025,52,4.2,30.1,83.3,0,167,2
Cascades,2026,1,1.4,32.3,85.5,0,185,4
Cascades,2026,2,4.9,28.0,87.7,0,190,5
Cascades,2026,3,2.5,27.5,76.5,0,242,2
Cascades,2026,4,3.6,26.1,78.8,0,147,7
Cascades,2026,5,1.2,31.8,90.1,0,201,11
Cascades,2026,6,0.4,32.2,76.1,0,185,4
Cascades,2026,7,4.4,31.9,86.6,0,182,4
Cascades,2026,8,0.4,30.7,79.0,0,234,8
Cascades,2026,9,4.2,28.4,79.4,0,180,9
Cascades,2026,10,2.0,35.0,84.7,0,161,9
Cascades,2026,11,1.8,35.3,92.8,0,223,8
Cascades,2026,12,2.4,34.8,90.0,0,180,0
Cascades,2026,13,4.6,36.6,78.9,0,188,5
Cascades,2026,14,2.9,38.9,87.3,0,156,7
Cascades,2026,15,1.0,36.6,89.5,1,183,6
Cascades,2026,16,2.2,35.7,90.9,1,244,14
Cascades,2026,17,1.9,34.5,83.6,0,137,7
Cascades,2026,18,2.4,38.0,82.4,0,187,6
Cascades,2026,19,0.1,26.8,94.1,0,182,6
Cascades,2026,20,1.3,25.7,75.2,0,159,0
Cascades,2026,21,3.0,31.5,77.1,0,247,8
Cascades,2026,22,75.7,25.7,75.0,0,167,11
Cascades,2026,23,108.8,27.2,83.0,0,181,3
Cascades,2026,24,74.1,30.3,79.4,0,171,12
Cascades,2026,25,63.8,30.8,83.6,1,249,3
Cascades,2026,26,33.5,29.9,77.8,1,1099,11
Cascades,2026,27,105.4,30.5,92.5,0,1221,2
Cascades,2026,28,52.5,33.0,92.8,0,786,9
Cascades,2026,29,58.2,28.9,83.6,0,959,4
Cascades,2026,30,95.1,29.5,83.2,0,803,4
Cascades,2026,31,53.4,26.7,90.6,0,822,6
Cascades,2026,32,52.9,30.8,86.2,0,795,10
Cascades,2026,33,76.7,26.5,83.3,0,989,0
Cascades,2026,34,85.3,30.6,75.3,0,1015,1
Cascades,2026,35,85.9,26.3,91.2,0,845,9
Cascades,2026,36,88.7,31.1,89.2,0,820,0
Cascades,2026,37,79.8,32.5,87.3,0,1009,7
Cascades,2026,38,50.2,28.2,75.1,0,874,12
Cascades,2026,39,117.2,32.2,78.2,0,1250,7
Cascades,2026,40,78.7,26.1,80.4,0,1187,6
Cascades,2026,41,2.9,31.4,87.9,0,1056,12
Cascades,2026,42,2.3,27.6,85.1,0,916,11
Cascades,2026,43,3.0,26.5,88.1,0,864,14
Cascades,2026,44,2.1,25.2,82.4,0,1134,8
Cascades,2026,45,2.6,26.8,86.4,0,1026,10
Cascades,2026,46,2.8,25.5,90.8,0,1128,10
Cascades,2026,47,1.4,33.0,82.3,0,263,5
Cascades,2026,48,4.1,27.0,91.8,0,133,4
Cascades,2026,49,3.4,28.3,76.9,0,165,0
Cascades,2026,50,2.0,29.9,78.8,0,212,4
Cascades,2026,51,1.3,29.2,87.9,0,173,11
Cascades,2026,52,2.3,27.5,86.7,0,264,1
Centre-Nord,2013,1,1.4,31.7,90.0,0,350,3
Centre-Nord,2013,2,2.6,28.9,76.9,0,282,11
Centre-Nord,2013,3,4.1,28.6,84.9,0,180,5
Centre-Nord,2013,4,5.0,26.8,81.1,0,224,4
Centre-Nord,2013,5,1.4,30.1,91.0,0,314,14
Centre-Nord,2013,6,2.5,28.5,90.7,0,200,9
Centre-Nord,2013,7,1.9,32.4,88.5,0,182,0
Centre-Nord,2013,8,1.3,32.6,94.8,0,214,4
Centre-Nord,2013,9,2.8,26.4,87.8,0,300,1
Centre-Nord,2013,10,1.4,39.4,87.0,0,253,2
Centre-Nord,2013,11,4.6,36.8,76.2,0,203,9
Centre-Nord,2013,12,4.0,37.3,85.4,0,265,3
Centre-Nord,2013,13,4.3,34.5,76.1,0,359,6
Centre-Nord,2013,14,0.5,36.3,81.4,0,312,8
Centre-Nord,2013,15,4.2,38.2,80.4,0,324,2
Centre-Nord,2013,16,0.4,34.7,84.1,0,276,0
Centre-Nord,2013,17,2.9,34.9,82.5,0,260,5
Centre-Nord,2013,18,2.9,36.4,79.7,0,275,8
Centre-Nord,2013,19,0.1,30.9,80.8,0,182,6
Centre-Nord,2013,20,2.9,29.5,82.1,0,196,0
Centre-Nord,2013,21,3.5,25.3,78.2,0,308,14
Centre-Nord,2013,22,43.3,28.9,77.5,0,211,4
Centre-Nord,2013,23,46.3,31.4,75.0,0,323,2
Centre-Nord,2013,24,90.3,32.0,92.6,0,199,3
Centre-Nord,2013,25,94.5,31.0,77.2,0,330,5
Centre-Nord,2013,26,76.6,26.1,90.9,0,1642,5
Centre-Nord,2013,27,64.7,28.4,75.3,0,1356,2
Centre-Nord,2013,28,84.2,27.0,93.0,0,1305,4
Centre-Nord,2013,29,87.0,31.1,90.3,0,1501,4
Centre-Nord,2013,30,111.6,33.0,85.2,0,1368,2
Centre-Nord,2013,31,54.9,26.4,81.7,0,1539,11
Centre-Nord,2013,32,119.9,32.5,82.2,0,1550,8
Centre-Nord,2013,33,39.6,31.9,82.7,0,1455,12
Centre-Nord,2013,34,100.6,26.0,81.3,0,1789,14
Centre-Nord,2013,35,105.9,32.9,88.5,0,1235,10
Centre-Nord,2013,36,84.7,30.7,86.3,0,1384,0
Centre-Nord,2013,37,32.8,25.6,75.4,0,1528,0
Centre-Nord,2013,38,113.6,31.2,93.7,0,1296,1
Centre-Nord,2013,39,62.1,31.5,93.4,0,1298,11
Centre-Nord,2013,40,38.7,25.8,75.3,0,1320,4
Centre-Nord,2013,41,1.9,28.6,87.6,0,1058,4
Centre-Nord,2013,42,1.8,25.7,93.0,0,1431,11
Centre-Nord,2013,43,2.3,26.5,84.7,0,1181,11
Centre-Nord,2013,44,1.3,27.6,94.5,0,1294,9
Centre-Nord,2013,45,0.2,30.8,89.3,0,1647,4
Centre-Nord,2013,46,3.7,27.4,86.8,0,1384,0
Centre-Nord,2013,47,3.0,30.3,85.8,0,218,3
Centre-Nord,2013,48,0.2,27.4,89.2,0,347,14
Centre-Nord,2013,49,0.3,25.6,88.5,0,245,4
Centre-Nord,2013,50,1.8,31.3,90.0,0,194,9
Centre-Nord,2013,51,3.5,25.1,77.9,0,265,13
Centre-Nord,2013,52,1.1,26.2,80.3,0,279,4
Centre-Nord,2014,1,0.6,29.8,86.4,0,278,4
Centre-Nord,2014,2,1.4,27.1,94.1,0,352,11
Centre-Nord,2014,3,1.3,27.6,90.4,0,197,0
Centre-Nord,2014,4,0.6,31.5,90.3,0,314,0
Centre-Nord,2014,5,1.1,28.9,88.7,0,340,14
Centre-Nord,2014,6,0.4,28.3,94.4,0,257,8
Centre-Nord,2014,7,2.4,27.9,93.9,0,300,0
Centre-Nord,2014,8,2.8,31.4,77.4,0,189,10
Centre-Nord,2014,9,1.6,26.5,85.9,0,205,0
Centre-Nord,2014,10,1.8,36.0,76.2,0,203,3
Centre-Nord,2014,11,1.2,37.4,79.3,0,330,9
Centre-Nord,2014,12,4.3,38.5,82.3,0,178,10
Centre-Nord,2014,13,3.4,34.9,78.8,0,328,13
Centre-Nord,2014,14,1.6,39.2,91.0,0,201,4
Centre-Nord,2014,15,4.9,39.3,77.0,0,335,5
Centre-Nord,2014,16,0.2,35.9,78.9,0,342,13
Centre-Nord,2014,17,3.5,35.4,82.0,0,268,11
Centre-Nord,2014,18,4.7,34.1,84.5,0,276,3
Centre-Nord,2014,19,5.0,30.3,79.3,0,204,8
Centre-Nord,2014,20,3.6,31.1,80.0,0,194,0
Centre-Nord,2014,21,1.9,32.5,83.8,0,207,12
Centre-Nord,2014,22,89.1,29.6,78.2,0,332,11
Centre-Nord,2014,23,83.4,28.8,76.5,0,293,10
Centre-Nord,2014,24,91.3,28.1,89.4,0,206,8
Centre-Nord,2014,25,35.1,30.5,92.3,0,288,10
Centre-Nord,2014,26,58.5,29.8,75.7,0,1275,1
Centre-Nord,2014,27,69.4,26.6,84.1,0,1029,4
Centre-Nord,2014,28,30.7,26.9,90.5,0,1505,1
Centre-Nord,2014,29,110.8,30.5,89.6,0,1345,0
Centre-Nord,2014,30,61.3,32.0,94.5,0,1362,12
Centre-Nord,2014,31,86.4,32.2,81.1,0,1037,5
Centre-Nord,2014,32,104.8,29.4,87.3,0,1075,8
Centre-Nord,2014,33,50.1,31.3,87.0,0,1346,11
Centre-Nord,2014,34,56.6,29.4,83.5,0,1055,6
Centre-Nord,2014,35,108.0,32.3,86.1,0,1680,2
Centre-Nord,2014,36,93.9,32.6,87.5,0,1292,4
Centre-Nord,2014,37,29.4,28.1,86.6,0,1690,14
Centre-Nord,2014,38,110.9,31.2,85.4,0,1166,4
Centre-Nord,2014,39,24.2,29.9,85.8,0,1202,2
Centre-Nord,2014,40,78.2,25.4,79.8,0,1567,1
Centre-Nord,2014,41,1.8,25.0,82.5,0,1642,13
Centre-Nord,2014,42,4.1,29.5,84.4,0,1485,10
Centre-Nord,2014,43,0.4,27.5,93.7,0,1093,2
Centre-Nord,2014,44,1.8,30.7,80.4,0,1281,6
Centre-Nord,2014,45,3.8,29.1,90.1,0,1257,13
Centre-Nord,2014,46,0.5,26.4,77.7,0,1148,7
Centre-Nord,2014,47,3.0,29.7,79.3,0,323,12
Centre-Nord,2014,48,0.6,28.3,81.6,0,211,14
Centre-Nord,2014,49,1.8,25.2,94.3,0,235,1
Centre-Nord,2014,50,1.8,27.4,90.4,0,350,13
Centre-Nord,2014,51,1.7,27.4,93.3,0,269,12
Centre-Nord,2014,52,2.8,25.2,87.2,0,305,3
Centre-Nord,2015,1,3.0,27.8,89.2,0,240,7
Centre-Nord,2015,2,3.8,28.5,85.4,0,280,3
Centre-Nord,2015,3,0.2,28.2,91.5,0,251,11
Centre-Nord,2015,4,1.6,27.3,86.4,0,328,12
Centre-Nord,2015,5,4.1,25.0,88.3,0,235,0
Centre-Nord,2015,6,0.8,26.8,86.4,0,339,1
Centre-Nord,2015,7,1.4,26.5,86.2,0,188,13
Centre-Nord,2015,8,4.7,31.8,79.4,0,198,1
Centre-Nord,2015,9,3.9,28.1,75.6,0,180,5
Centre-Nord,2015,10,3.5,39.5,78.4,0,183,13
Centre-Nord,2015,11,4.3,37.6,78.0,0,197,14
Centre-Nord,2015,12,3.0,35.4,93.4,0,331,4
Centre-Nord,2015,13,4.2,38.7,90.4,0,270,10
Centre-Nord,2015,14,4.1,34.5,80.3,0,194,11
Centre-Nord,2015,15,3.1,37.3,87.8,0,275,12
Centre-Nord,2015,16,0.9,35.0,77.1,0,177,6
Centre-Nord,2015,17,0.6,40.3,82.4,0,333,3
Centre-Nord,2015,18,1.9,34.1,75.2,0,188,13
Centre-Nord,2015,19,0.6,25.4,79.5,0,233,9
Centre-Nord,2015,20,3.2,32.3,89.9,0,188,2
Centre-Nord,2015,21,4.0,32.6,81.9,0,217,3
Centre-Nord,2015,22,101.5,26.9,84.0,0,223,4
Centre-Nord,2015,23,39.3,32.0,89.2,0,222,10
Centre-Nord,2015,24,40.2,29.5,77.8,0,228,0
Centre-Nord,2015,25,63.2,25.6,92.9,0,209,14
Centre-Nord,2015,26,117.3,32.9,76.1,0,1687,14
Centre-Nord,2015,27,111.3,28.8,86.9,0,1327,9
Centre-Nord,2015,28,67.7,27.6,92.9,0,1547,8
Centre-Nord,2015,29,91.1,32.2,82.0,0,1505,13
Centre-Nord,2015,30,73.7,26.3,80.0,0,1138,2
Centre-Nord,2015,31,54.0,25.2,78.1,0,1543,8
Centre-Nord,2015,32,107.1,32.4,86.0,0,1051,6
Centre-Nord,2015,33,84.9,26.9,87.9,0,1500,9
Centre-Nord,2015,34,52.4,26.9,79.5,0,1624,5
Centre-Nord,2015,35,101.8,29.4,91.1,0,1074,14
Centre-Nord,2015,36,52.8,31.8,78.0,0,1025,12
Centre-Nord,2015,37,111.2,28.7,94.6,0,1439,4
Centre-Nord,2015,38,100.2,28.5,92.7,0,1048,10
Centre-Nord,2015,39,104.3,30.6,77.9,0,1713,9
Centre-Nord,2015,40,83.1,30.9,76.6,0,1393,7
Centre-Nord,2015,41,3.2,33.0,88.1,0,1647,11
Centre-Nord,2015,42,4.4,25.6,79.4,0,1671,8
Centre-Nord,2015,43,1.8,27.4,91.6,0,1251,13
Centre-Nord,2015,44,3.1,30.5,81.5,0,1592,2
Centre-Nord,2015,45,2.0,31.3,81.2,0,1664,6
Centre-Nord,2015,46,1.7,27.4,76.2,0,1721,4
Centre-Nord,2015,47,4.1,26.1,76.1,0,311,14
Centre-Nord,2015,48,3.6,30.1,83.8,0,220,14
Centre-Nord,2015,49,1.6,25.7,80.5,0,336,12
Centre-Nord,2015,50,4.7,30.1,85.2,0,277,11
Centre-Nord,2015,51,5.0,31.7,75.2,0,286,0
Centre-Nord,2015,52,1.2,25.2,84.8,0,272,4
Centre-Nord,2016,1,1.9,32.3,79.7,0,209,0
Centre-Nord,2016,2,4.0,29.3,90.4,0,225,1
Centre-Nord,2016,3,0.6,28.9,90.8,0,279,3
Centre-Nord,2016,4,1.0,27.2,84.4,0,179,6
Centre-Nord,2016,5,4.9,29.2,87.0,0,305,5
Centre-Nord,2016,6,0.5,25.2,84.7,0,201,6
Centre-Nord,2016,7,1.2,27.9,81.5,0,208,7
Centre-Nord,2016,8,4.1,28.9,90.6,0,177,13
Centre-Nord,2016,9,1.6,29.4,90.1,0,271,11
Centre-Nord,2016,10,1.6,37.2,91.0,0,309,8
Centre-Nord,2016,11,0.8,38.7,90.3,0,332,9
Centre-Nord,2016,12,2.9,36.8,93.6,0,230,0
Centre-Nord,2016,13,3.5,40.2,92.7,0,179,8
Centre-Nord,2016,14,2.3,39.0,82.7,0,255,14
Centre-Nord,2016,15,0.6,40.8,82.0,0,181,1
Centre-Nord,2016,16,0.9,36.7,89.8,0,292,8
Centre-Nord,2016,17,2.1,34.5,87.5,0,333,0
Centre-Nord,2016,18,0.6,37.9,92.0,0,220,14
Centre-Nord,2016,19,3.6,28.1,91.4,0,202,3
Centre-Nord,2016,20,4.3,29.6,81.7,0,289,5
Centre-Nord,2016,21,4.8,30.3,94.6,0,263,6
Centre-Nord,2016,22,67.5,27.2,88.4,0,234,8
Centre-Nord,2016,23,59.8,27.1,76.4,0,322,0
Centre-Nord,2016,24,113.0,26.2,78.2,0,206,6
Centre-Nord,2016,25,58.8,25.9,89.7,0,212,9
Centre-Nord,2016,26,31.8,27.9,89.6,0,1440,13
Centre-Nord,2016,27,39.2,27.6,82.5,0,1105,10
Centre-Nord,2016,28,65.0,30.6,89.3,0,1572,1
Centre-Nord,2016,29,44.6,27.8,82.3,0,1127,9
Centre-Nord,2016,30,50.9,25.7,76.8,0,1689,14
Centre-Nord,2016,31,62.6,30.4,79.3,0,988,8
Centre-Nord,2016,32,113.4,30.9,85.2,0,1555,13
Centre-Nord,2016,33,51.8,25.2,78.3,0,1196,6
Centre-Nord,2016,34,120.0,27.9,83.3,0,1245,1
Centre-Nord,2016,35,25.2,28.7,87.4,0,1525,7
Centre-Nord,2016,36,114.3,32.5,83.2,0,1610,0
Centre-Nord,2016,37,58.5,26.9,88.3,0,1573,13
Centre-Nord,2016,38,43.7,26.3,94.0,0,1382,3
Centre-Nord,2016,39,89.2,27.9,75.0,0,1072,14
Centre-Nord,2016,40,57.9,29.4,85.1,0,1608,12
Centre-Nord,2016,41,0.9,26.6,93.5,0,1388,14
Centre-Nord,2016,42,3.8,26.2,84.8,0,1136,8
Centre-Nord,2016,43,2.6,25.6,79.6,0,1099,3
Centre-Nord,2016,44,2.9,29.4,81.7,0,1443,10
Centre-Nord,2016,45,2.7,26.0,80.8,0,994,2
Centre-Nord,2016,46,2.3,25.9,85.2,0,1071,5
Centre-Nord,2016,47,0.8,26.1,81.2,0,264,8
Centre-Nord,2016,48,3.9,25.9,79.5,0,313,14
Centre-Nord,2016,49,2.6,32.1,87.8,0,215,7
Centre-Nord,2016,50,0.8,29.9,82.4,0,273,4
Centre-Nord,2016,51,1.0,27.8,92.5,0,317,4
Centre-Nord,2016,52,2.3,29.1,88.1,0,251,7
Centre-Nord,2017,1,3.2,28.3,91.6,0,319,14
Centre-Nord,2017,2,4.1,29.7,94.6,0,308,5
Centre-Nord,2017,3,1.9,25.6,87.7,0,188,1
Centre-Nord,2017,4,3.7,32.3,82.0,0,265,0
Centre-Nord,2017,5,0.6,29.1,83.6,0,234,9
Centre-Nord,2017,6,1.1,25.8,89.8,0,241,14
Centre-Nord,2017,7,0.5,30.4,94.8,0,301,9
Centre-Nord,2017,8,2.8,32.9,80.0,0,274,12
Centre-Nord,2017,9,2.4,28.7,84.9,0,330,11
Centre-Nord,2017,10,1.0,37.5,77.7,0,318,7
Centre-Nord,2017,11,3.9,35.8,83.2,0,180,13
Centre-Nord,2017,12,0.1,38.7,88.2,0,170,4
Centre-Nord,2017,13,3.7,38.6,82.0,0,302,9
Centre-Nord,2017,14,3.3,37.4,90.3,0,237,5
Centre-Nord,2017,15,4.0,37.9,77.0,0,175,11
Centre-Nord,2017,16,4.4,38.2,87.1,0,261,2
Centre-Nord,2017,17,2.4,39.9,89.1,0,262,3
Centre-Nord,2017,18,3.2,36.2,78.9,0,320,13
Centre-Nord,2017,19,0.9,28.2,79.0,0,218,4
Centre-Nord,2017,20,3.7,32.1,81.4,0,229,1
Centre-Nord,2017,21,4.7,29.0,75.4,0,275,1
Centre-Nord,2017,22,104.2,27.4,84.5,0,213,11
Centre-Nord,2017,23,30.2,25.6,93.3,0,187,4
Centre-Nord,2017,24,117.0,32.9,85.7,0,176,0
Centre-Nord,2017,25,88.2,32.6,76.9,0,227,11
Centre-Nord,2017,26,108.4,28.5,92.7,0,1590,2
Centre-Nord,2017,27,115.0,27.3,78.4,0,1178,6
Centre-Nord,2017,28,76.4,30.0,86.9,0,1462,12
Centre-Nord,2017,29,100.5,29.9,90.2,0,1469,11
Centre-Nord,2017,30,107.5,28.1,86.5,0,1233,5
Centre-Nord,2017,31,40.6,26.2,77.0,0,1141,6
Centre-Nord,2017,32,45.2,26.7,77.9,0,1640,3
Centre-Nord,2017,33,82.4,30.3,86.2,0,1547,9
Centre-Nord,2017,34,106.9,29.2,88.9,0,1325,11
Centre-Nord,2017,35,100.7,29.0,88.3,0,1152,1
Centre-Nord,2017,36,36.6,29.7,90.2,0,1530,0
Centre-Nord,2017,37,49.9,30.8,94.3,0,1484,3
Centre-Nord,2017,38,72.1,28.1,87.6,0,1485,13
Centre-Nord,2017,39,48.5,25.2,81.9,0,1439,4
Centre-Nord,2017,40,108.9,26.8,84.8,0,1121,8
Centre-Nord,2017,41,4.0,26.5,90.3,0,1221,13
Centre-Nord,2017,42,3.3,25.8,80.3,0,1322,3
Centre-Nord,2017,43,1.3,31.9,78.3,0,1365,14
Centre-Nord,2017,44,4.0,29.6,91.8,0,1537,7
Centre-Nord,2017,45,3.6,26.2,84.6,0,1253,11
Centre-Nord,2017,46,0.2,25.5,88.7,0,1273,2
Centre-Nord,2017,47,1.6,32.3,78.3,0,195,10
Centre-Nord,2017,48,4.7,30.9,88.3,0,288,14
Centre-Nord,2017,49,2.4,26.4,84.7,0,264,1
Centre-Nord,2017,50,3.5,26.9,76.3,0,179,11
Centre-Nord,2017,51,0.1,31.0,91.9,0,273,12
Centre-Nord,2017,52,0.2,25.8,92.7,0,170,9
Centre-Nord,2018,1,3.5,32.3,82.7,0,191,13
Centre-Nord,2018,2,2.4,32.6,82.7,0,293,10
Centre-Nord,2018,3,1.6,28.5,79.0,0,295,2
Centre-Nord,2018,4,2.8,31.2,77.4,0,276,9
Centre-Nord,2018,5,1.9,28.0,88.0,0,234,8
Centre-Nord,2018,6,1.5,32.1,91.5,0,258,11
Centre-Nord,2018,7,5.0,32.1,90.5,0,284,8
Centre-Nord,2018,8,3.8,27.1,90.3,0,320,7
Centre-Nord,2018,9,3.9,28.8,81.4,0,224,14
Centre-Nord,2018,10,3.1,35.2,92.8,0,216,0
Centre-Nord,2018,11,3.1,39.7,77.4,0,243,3
Centre-Nord,2018,12,0.3,40.4,93.6,0,252,8
Centre-Nord,2018,13,0.9,34.8,79.0,0,233,8
Centre-Nord,2018,14,0.2,39.9,91.7,0,291,3
Centre-Nord,2018,15,3.1,37.0,92.6,0,310,12
Centre-Nord,2018,16,2.4,39.5,78.2,0,241,9
Centre-Nord,2018,17,3.5,36.6,93.1,0,291,3
Centre-Nord,2018,18,1.8,38.3,85.9,0,288,8
Centre-Nord,2018,19,1.9,30.3,75.7,0,202,5
Centre-Nord,2018,20,1.0,28.2,78.6,0,214,7
Centre-Nord,2018,21,2.6,27.7,88.8,0,186,11
Centre-Nord,2018,22,30.3,27.8,94.7,0,294,11
Centre-Nord,2018,23,53.1,26.1,93.9,0,182,1
Centre-Nord,2018,24,26.1,33.0,81.5,0,247,12
Centre-Nord,2018,25,103.9,27.0,78.7,0,312,1
Centre-Nord,2018,26,56.0,31.5,79.6,0,984,2
Centre-Nord,2018,27,35.7,27.8,89.2,0,1195,14
Centre-Nord,2018,28,77.9,29.4,91.7,0,1300,2
Centre-Nord,2018,29,85.8,29.8,87.5,0,1419,8
Centre-Nord,2018,30,87.8,29.9,88.4,0,1274,1
Centre-Nord,2018,31,64.2,27.4,79.2,0,1044,8
Centre-Nord,2018,32,71.9,30.4,75.6,0,1297,10
Centre-Nord,2018,33,27.7,31.8,84.2,0,1578,13
Centre-Nord,2018,34,59.1,32.8,91.0,0,1211,11
Centre-Nord,2018,35,92.3,27.0,81.6,0,1238,11
Centre-Nord,2018,36,74.1,29.1,80.3,0,1014,11
Centre-Nord,2018,37,98.4,32.9,90.0,0,1284,10
Centre-Nord,2018,38,38.6,30.0,77.6,0,1353,14
Centre-Nord,2018,39,90.7,28.1,90.5,0,1251,4
Centre-Nord,2018,40,25.3,30.2,89.0,0,1084,9
Centre-Nord,2018,41,1.2,28.8,80.7,0,1608,10
Centre-Nord,2018,42,4.5,29.5,87.3,0,947,9
Centre-Nord,2018,43,1.2,29.3,88.5,0,1477,11
Centre-Nord,2018,44,3.7,27.0,91.5,0,1471,14
Centre-Nord,2018,45,1.1,30.6,76.7,0,1191,6
Centre-Nord,2018,46,3.0,26.9,93.2,0,1285,4
Centre-Nord,2018,47,1.1,31.3,87.8,0,232,2
Centre-Nord,2018,48,4.5,32.4,83.2,0,255,8
Centre-Nord,2018,49,4.5,28.2,82.8,0,280,7
Centre-Nord,2018,50,2.8,27.2,88.4,0,179,3
Centre-Nord,2018,51,4.5,26.9,78.9,0,251,13
Centre-Nord,2018,52,4.4,31.3,87.2,0,257,10
Centre-Nord,2019,1,1.6,28.7,86.7,0,202,12
Centre-Nord,2019,2,2.3,29.2,76.6,0,278,1
Centre-Nord,2019,3,4.3,32.3,93.3,0,253,8
Centre-Nord,2019,4,0.9,26.3,89.9,0,171,9
Centre-Nord,2019,5,2.5,29.8,84.2,0,249,5
Centre-Nord,2019,6,2.6,28.9,94.9,0,313,13
Centre-Nord,2019,7,0.9,31.6,86.7,0,269,6
Centre-Nord,2019,8,3.0,29.7,82.6,0,265,3
Centre-Nord,2019,9,0.8,31.4,87.3,0,189,13
Centre-Nord,2019,10,3.4,34.9,93.4,0,267,10
Centre-Nord,2019,11,2.2,34.5,84.8,0,312,10
Centre-Nord,2019,12,3.5,37.9,82.7,0,186,13
Centre-Nord,2019,13,1.3,37.5,87.0,0,174,4
Centre-Nord,2019,14,1.2,34.6,85.6,0,159,5
Centre-Nord,2019,15,4.2,34.5,83.2,0,167,2
Centre-Nord,2019,16,3.4,34.7,85.5,0,258,0
Centre-Nord,2019,17,0.1,39.0,91.4,0,171,10
Centre-Nord,2019,18,4.8,36.7,89.3,0,207,5
Centre-Nord,2019,19,2.5,29.8,77.1,0,254,2
Centre-Nord,2019,20,2.9,30.9,82.4,0,248,2
Centre-Nord,2019,21,2.3,26.4,84.7,0,178,8
Centre-Nord,2019,22,52.3,26.5,87.5,0,249,7
Centre-Nord,2019,23,119.1,30.3,93.7,0,248,11
Centre-Nord,2019,24,58.7,25.9,75.0,0,160,11
Centre-Nord,2019,25,78.0,30.1,84.7,0,161,8
Centre-Nord,2019,26,104.4,25.8,80.6,0,1569,9
Centre-Nord,2019,27,23.0,31.9,93.0,0,1515,9
Centre-Nord,2019,28,28.5,26.4,87.3,0,1170,1
Centre-Nord,2019,29,45.2,30.1,88.3,0,1267,4
Centre-Nord,2019,30,94.7,26.0,75.7,0,950,12
Centre-Nord,2019,31,30.2,30.2,84.1,0,1409,7
Centre-Nord,2019,32,21.4,28.6,85.7,0,1164,6
Centre-Nord,2019,33,100.3,31.2,84.7,0,1226,10
Centre-Nord,2019,34,45.4,26.5,76.8,0,1442,3
Centre-Nord,2019,35,81.1,32.3,77.8,0,1301,6
Centre-Nord,2019,36,111.9,29.5,81.6,0,1433,10
Centre-Nord,2019,37,117.7,32.0,77.5,0,1025,1
Centre-Nord,2019,38,66.2,32.2,78.5,0,1248,1
Centre-Nord,2019,39,53.9,30.6,84.3,0,1204,0
Centre-Nord,2019,40,54.0,25.4,81.7,0,1248,8
Centre-Nord,2019,41,4.7,28.7,92.3,0,1103,4
Centre-Nord,2019,42,4.8,32.4,81.6,0,987,14
Centre-Nord,2019,43,0.9,29.2,94.7,0,1282,9
Centre-Nord,2019,44,2.4,31.4,80.4,0,1133,10
Centre-Nord,2019,45,4.6,29.2,86.9,0,1212,11
Centre-Nord,2019,46,4.5,30.4,75.1,0,1469,10
Centre-Nord,2019,47,4.7,27.6,92.8,0,306,14
Centre-Nord,2019,48,3.7,30.0,93.7,0,243,4
Centre-Nord,2019,49,2.2,25.7,84.6,0,269,12
Centre-Nord,2019,50,4.9,30.8,88.2,0,213,12
Centre-Nord,2019,51,4.9,27.1,82.4,0,290,13
Centre-Nord,2019,52,1.3,25.4,89.9,0,195,4
Centre-Nord,2020,1,4.9,29.5,90.0,0,172,0
Centre-Nord,2020,2,0.5,32.5,76.5,0,211,11
Centre-Nord,2020,3,3.3,28.3,78.7,0,261,10
Centre-Nord,2020,4,3.1,31.8,79.5,0,241,9
Centre-Nord,2020,5,3.5,27.1,78.0,0,261,5
Centre-Nord,2020,6,5.0,29.2,79.6,0,154,6
Centre-Nord,2020,7,2.1,28.4,87.4,0,253,8
Centre-Nord,2020,8,3.2,28.5,79.0,0,206,3
Centre-Nord,2020,9,2.5,25.3,90.9,0,161,5
Centre-Nord,2020,10,4.6,34.1,86.1,0,288,14
Centre-Nord,2020,11,4.4,37.0,82.7,0,197,5
Centre-Nord,2020,12,2.1,40.0,91.6,0,263,10
Centre-Nord,2020,13,2.4,40.3,91.3,0,186,7
Centre-Nord,2020,14,3.3,38.9,87.8,0,188,13
Centre-Nord,2020,15,4.7,38.8,89.8,0,176,3
Centre-Nord,2020,16,1.6,34.5,79.5,0,162,4
Centre-Nord,2020,17,2.5,38.3,94.6,0,244,5
Centre-Nord,2020,18,4.7,34.9,82.8,0,272,4
Centre-Nord,2020,19,0.6,30.3,93.9,0,213,1
Centre-Nord,2020,20,0.1,32.1,84.1,0,210,9
Centre-Nord,2020,21,2.8,28.9,93.1,0,197,0
Centre-Nord,2020,22,93.7,26.6,83.0,0,214,11
Centre-Nord,2020,23,75.6,25.9,86.8,0,209,10
Centre-Nord,2020,24,117.5,31.9,86.9,0,276,10
Centre-Nord,2020,25,111.0,28.6,83.0,0,269,10
Centre-Nord,2020,26,52.2,27.8,75.1,0,1304,14
Centre-Nord,2020,27,48.5,29.2,76.2,0,934,0
Centre-Nord,2020,28,23.5,30.2,87.9,0,1051,11
Centre-Nord,2020,29,108.1,29.6,80.7,0,983,5
Centre-Nord,2020,30,55.5,29.8,79.7,0,1179,2
Centre-Nord,2020,31,78.7,26.5,79.3,0,1445,8
Centre-Nord,2020,32,99.7,32.9,81.6,0,1183,3
Centre-Nord,2020,33,22.4,29.5,76.2,0,1178,3
Centre-Nord,2020,34,65.4,31.0,84.8,0,1003,12
Centre-Nord,2020,35,24.2,27.7,89.5,0,1221,8
Centre-Nord,2020,36,66.4,25.6,75.1,0,1313,4
Centre-Nord,2020,37,67.6,32.0,82.8,0,1198,9
Centre-Nord,2020,38,82.7,28.1,89.5,0,1149,14
Centre-Nord,2020,39,39.6,29.2,94.4,0,1098,7
Centre-Nord,2020,40,64.5,33.0,84.9,0,1186,13
Centre-Nord,2020,41,5.0,32.2,82.5,0,1468,0
Centre-Nord,2020,42,4.8,29.3,80.1,0,1094,14
Centre-Nord,2020,43,1.1,32.8,77.8,0,1369,9
Centre-Nord,2020,44,3.6,32.5,83.0,0,1085,3
Centre-Nord,2020,45,4.7,29.3,79.4,0,922,5
Centre-Nord,2020,46,1.3,28.8,81.3,0,1342,0
Centre-Nord,2020,47,0.8,27.5,84.3,0,162,11
Centre-Nord,2020,48,1.1,27.2,83.6,0,184,1
Centre-Nord,2020,49,3.0,25.0,75.7,0,290,7
Centre-Nord,2020,50,0.9,25.4,90.8,0,194,11
Centre-Nord,2020,51,1.7,29.2,94.2,0,304,12
Centre-Nord,2020,52,4.5,26.0,78.1,0,169,2
Centre-Nord,2021,1,3.4,29.4,79.5,0,207,11
Centre-Nord,2021,2,5.0,30.2,94.6,0,186,14
Centre-Nord,2021,3,1.0,31.7,90.9,0,286,1
Centre-Nord,2021,4,0.7,30.8,87.6,0,176,12
Centre-Nord,2021,5,4.4,28.4,85.1,0,293,11
Centre-Nord,2021,6,1.5,25.4,94.5,0,183,1
Centre-Nord,2021,7,2.1,26.0,88.0,0,265,4
Centre-Nord,2021,8,2.1,27.2,80.4,0,217,11
Centre-Nord,2021,9,2.6,27.8,92.2,0,168,5
Centre-Nord,2021,10,4.6,35.6,91.6,0,163,9
Centre-Nord,2021,11,3.1,38.3,86.5,0,182,1
Centre-Nord,2021,12,1.4,34.3,76.5,0,178,9
Centre-Nord,2021,13,3.4,37.1,76.0,0,248,2
Centre-Nord,2021,14,0.5,39.8,93.3,0,173,13
Centre-Nord,2021,15,0.4,34.8,78.5,0,265,3
Centre-Nord,2021,16,4.2,38.1,82.8,0,220,2
Centre-Nord,2021,17,1.5,39.9,89.7,0,220,12
Centre-Nord,2021,18,2.5,37.6,84.6,0,187,2
Centre-Nord,2021,19,2.4,31.5,91.4,0,212,12
Centre-Nord,2021,20,3.0,29.7,90.7,0,245,7
Centre-Nord,2021,21,1.6,30.1,76.1,0,213,11
Centre-Nord,2021,22,47.1,25.3,86.4,0,166,3
Centre-Nord,2021,23,119.8,25.8,80.0,0,278,3
Centre-Nord,2021,24,54.7,27.2,93.6,0,201,12
Centre-Nord,2021,25,38.4,28.8,91.7,0,159,9
Centre-Nord,2021,26,73.9,26.8,89.1,0,955,7
Centre-Nord,2021,27,113.8,26.5,82.7,0,1221,7
Centre-Nord,2021,28,89.8,27.8,76.7,0,1106,5
Centre-Nord,2021,29,46.4,30.6,88.0,0,1440,2
Centre-Nord,2021,30,119.0,30.4,76.0,0,1187,8
Centre-Nord,2021,31,47.4,28.1,93.7,0,1262,1
Centre-Nord,2021,32,69.7,31.4,93.1,0,1330,5
Centre-Nord,2021,33,61.5,31.7,85.2,0,1376,11
Centre-Nord,2021,34,107.5,28.0,90.7,0,1266,3
Centre-Nord,2021,35,50.8,32.0,90.6,0,1002,0
Centre-Nord,2021,36,81.9,29.5,81.2,0,884,12
Centre-Nord,2021,37,68.0,32.3,90.8,0,1251,0
Centre-Nord,2021,38,85.9,29.0,90.9,0,1501,14
Centre-Nord,2021,39,42.9,28.5,86.2,0,950,9
Centre-Nord,2021,40,36.8,27.0,83.7,0,888,5
Centre-Nord,2021,41,3.3,30.2,83.5,0,1283,11
Centre-Nord,2021,42,1.9,31.6,75.1,0,1175,14
Centre-Nord,2021,43,1.7,25.9,82.6,0,1217,1
Centre-Nord,2021,44,3.0,27.2,78.9,0,1401,2
Centre-Nord,2021,45,1.0,30.1,79.2,0,1351,3
Centre-Nord,2021,46,1.0,28.3,81.8,0,1479,0
Centre-Nord,2021,47,0.5,27.6,88.4,0,200,12
Centre-Nord,2021,48,2.9,29.7,91.3,0,207,14
Centre-Nord,2021,49,0.4,29.3,90.5,0,248,6
Centre-Nord,2021,50,4.3,28.0,90.6,0,269,5
Centre-Nord,2021,51,1.8,30.9,82.4,0,200,1
Centre-Nord,2021,52,0.3,29.9,93.1,0,257,2
Centre-Nord,2022,1,0.2,27.3,80.7,0,262,11
Centre-Nord,2022,2,4.3,29.4,79.8,0,187,8
Centre-Nord,2022,3,1.6,25.3,94.5,0,248,9
Centre-Nord,2022,4,4.7,27.0,83.5,0,212,5
Centre-Nord,2022,5,0.2,32.6,91.4,0,261,2
Centre-Nord,2022,6,1.5,26.1,88.6,0,257,3
Centre-Nord,2022,7,0.7,30.6,92.5,0,255,4
Centre-Nord,2022,8,0.3,29.2,75.9,0,185,4
Centre-Nord,2022,9,2.4,31.1,77.5,0,213,8
Centre-Nord,2022,10,1.5,38.4,86.4,0,236,12
Centre-Nord,2022,11,0.9,39.4,94.7,0,247,11
Centre-Nord,2022,12,1.7,36.0,80.2,0,284,9
Centre-Nord,2022,13,3.7,34.9,86.5,0,158,13
Centre-Nord,2022,14,4.8,34.0,83.9,0,271,10
Centre-Nord,2022,15,1.4,40.9,82.1,0,173,12
Centre-Nord,2022,16,3.4,40.5,88.6,0,150,11
Centre-Nord,2022,17,1.8,34.2,83.4,0,293,1
Centre-Nord,2022,18,2.0,39.3,79.7,0,246,9
Centre-Nord,2022,19,2.5,28.3,90.8,0,181,2
Centre-Nord,2022,20,2.1,27.3,75.2,0,175,8
Centre-Nord,2022,21,1.4,31.1,89.0,0,153,0
Centre-Nord,2022,22,78.8,28.6,87.3,0,184,7
Centre-Nord,2022,23,85.4,27.5,75.4,0,166,11
Centre-Nord,2022,24,83.9,25.1,86.2,0,199,2
Centre-Nord,2022,25,46.0,32.5,92.1,0,154,1
Centre-Nord,2022,26,86.5,28.1,92.6,0,1183,13
Centre-Nord,2022,27,20.5,25.1,86.4,0,1161,4
Centre-Nord,2022,28,30.0,29.8,77.3,0,862,10
Centre-Nord,2022,29,96.4,26.0,75.7,0,1236,12
Centre-Nord,2022,30,114.7,32.5,83.3,0,1339,12
Centre-Nord,2022,31,106.9,30.9,93.8,0,1130,5
Centre-Nord,2022,32,29.8,25.2,76.1,0,1412,4
Centre-Nord,2022,33,118.3,28.6,81.8,0,1194,5
Centre-Nord,2022,34,33.6,25.1,85.8,0,1352,8
Centre-Nord,2022,35,113.9,28.1,86.4,0,1365,6
Centre-Nord,2022,36,90.4,31.1,75.3,0,1203,4
Centre-Nord,2022,37,22.4,28.2,91.8,0,1433,2
Centre-Nord,2022,38,109.9,30.2,81.2,0,1136,5
Centre-Nord,2022,39,29.9,32.7,87.7,0,1449,0
Centre-Nord,2022,40,77.6,26.9,75.2,0,1306,1
Centre-Nord,2022,41,3.9,28.6,90.6,0,999,2
Centre-Nord,2022,42,4.6,25.1,93.9,0,1016,14
Centre-Nord,2022,43,1.2,32.5,94.1,0,1163,6
Centre-Nord,2022,44,1.7,25.9,79.3,0,1318,2
Centre-Nord,2022,45,4.7,29.7,94.4,0,1032,7
Centre-Nord,2022,46,2.3,29.0,87.8,0,920,11
Centre-Nord,2022,47,0.4,27.2,85.8,0,259,1
Centre-Nord,2022,48,2.8,28.9,94.3,0,196,11
Centre-Nord,2022,49,3.3,31.3,93.7,0,151,14
Centre-Nord,2022,50,2.0,28.4,84.8,0,286,1
Centre-Nord,2022,51,0.8,32.6,87.9,0,192,8
Centre-Nord,2022,52,2.0,27.2,88.3,0,239,13
Centre-Nord,2023,1,0.3,25.8,87.3,0,207,4
Centre-Nord,2023,2,3.9,29.7,80.0,0,149,14
Centre-Nord,2023,3,4.6,29.8,88.9,0,219,2
Centre-Nord,2023,4,1.1,25.1,79.5,0,233,10
Centre-Nord,2023,5,2.6,31.5,86.1,0,182,5
Centre-Nord,2023,6,1.1,26.5,76.9,0,264,6
Centre-Nord,2023,7,0.9,27.3,82.1,0,209,2
Centre-Nord,2023,8,3.1,28.1,81.6,0,199,10
Centre-Nord,2023,9,0.9,32.3,79.3,0,198,3
Centre-Nord,2023,10,5.0,35.5,79.3,0,191,4
Centre-Nord,2023,11,2.3,39.0,86.4,0,273,6
Centre-Nord,2023,12,2.2,40.3,94.1,0,214,3
Centre-Nord,2023,13,4.9,37.3,77.7,0,193,9
Centre-Nord,2023,14,3.7,37.4,92.4,0,248,10
Centre-Nord,2023,15,2.1,34.6,80.6,0,276,6
Centre-Nord,2023,16,1.7,37.7,76.2,0,209,0
Centre-Nord,2023,17,1.0,34.7,87.3,0,270,10
Centre-Nord,2023,18,0.1,37.8,75.3,0,160,0
Centre-Nord,2023,19,2.0,31.6,83.9,0,210,14
Centre-Nord,2023,20,4.9,31.6,91.3,0,247,5
Centre-Nord,2023,21,1.3,33.0,85.3,0,268,4
Centre-Nord,2023,22,96.2,25.7,94.5,0,264,2
Centre-Nord,2023,23,98.0,25.2,80.4,0,285,14
Centre-Nord,2023,24,77.0,28.8,85.9,0,249,7
Centre-Nord,2023,25,98.8,28.9,87.0,0,155,1
Centre-Nord,2023,26,70.6,26.6,89.3,0,1020,14
Centre-Nord,2023,27,66.4,26.5,80.3,0,1376,12
Centre-Nord,2023,28,85.8,30.0,84.5,0,1094,1
Centre-Nord,2023,29,88.4,26.0,83.2,0,840,4
Centre-Nord,2023,30,43.2,29.9,83.1,0,866,12
Centre-Nord,2023,31,25.5,30.8,89.0,0,977,7
Centre-Nord,2023,32,92.7,25.6,90.5,0,1170,12
Centre-Nord,2023,33,40.9,29.6,90.9,0,1225,1
Centre-Nord,2023,34,88.4,26.5,88.9,0,1123,3
Centre-Nord,2023,35,55.6,25.3,93.1,0,967,0
Centre-Nord,2023,36,48.7,25.6,85.0,0,960,3
Centre-Nord,2023,37,68.1,28.6,79.1,0,879,2
Centre-Nord,2023,38,69.6,31.3,88.6,0,1114,8
Centre-Nord,2023,39,22.4,26.9,78.5,0,1120,14
Centre-Nord,2023,40,89.7,31.6,89.5,0,1321,10
Centre-Nord,2023,41,0.4,32.4,78.8,0,985,14
Centre-Nord,2023,42,1.3,29.5,88.7,0,955,4
Centre-Nord,2023,43,4.0,31.4,83.5,0,1434,10
Centre-Nord,2023,44,2.9,25.2,77.8,0,885,14
Centre-Nord,2023,45,2.9,26.8,82.0,0,906,12
Centre-Nord,2023,46,1.6,31.7,85.5,0,1186,12
Centre-Nord,2023,47,3.3,32.7,81.9,0,250,6
Centre-Nord,2023,48,1.2,32.2,80.8,0,231,2
Centre-Nord,2023,49,4.6,26.8,83.4,0,171,3
Centre-Nord,2023,50,0.7,30.9,79.4,0,180,3
Centre-Nord,2023,51,1.2,26.9,91.6,0,160,6
Centre-Nord,2023,52,3.2,29.6,93.1,0,287,9
Centre-Nord,2024,1,2.4,27.3,90.4,0,264,12
Centre-Nord,2024,2,0.4,29.9,83.2,0,204,8
Centre-Nord,2024,3,1.1,25.0,79.8,0,201,7
Centre-Nord,2024,4,1.9,31.3,94.0,0,240,10
Centre-Nord,2024,5,1.5,25.1,81.4,0,245,10
Centre-Nord,2024,6,3.5,27.1,80.3,0,275,5
Centre-Nord,2024,7,0.2,31.0,86.8,0,167,2
Centre-Nord,2024,8,1.7,28.9,87.7,0,155,8
Centre-Nord,2024,9,0.1,30.8,84.5,0,191,5
Centre-Nord,2024,10,4.5,40.8,89.3,0,222,9
Centre-Nord,2024,11,4.4,34.6,77.1,0,236,8
Centre-Nord,2024,12,1.2,34.9,92.4,0,175,11
Centre-Nord,2024,13,0.6,38.2,90.7,0,190,10
Centre-Nord,2024,14,4.8,38.6,81.6,0,151,13
Centre-Nord,2024,15,3.7,34.4,82.0,1,259,13
Centre-Nord,2024,16,0.8,38.6,82.8,1,236,4
Centre-Nord,2024,17,4.4,38.6,81.3,0,171,9
Centre-Nord,2024,18,2.4,40.5,75.7,0,178,4
Centre-Nord,2024,19,4.3,28.5,93.6,0,183,14
Centre-Nord,2024,20,2.4,28.6,75.9,0,193,5
Centre-Nord,2024,21,0.3,30.5,86.3,0,143,6
Centre-Nord,2024,22,119.0,27.0,78.4,0,174,0
Centre-Nord,2024,23,75.6,30.0,84.0,0,254,0
Centre-Nord,2024,24,84.6,25.3,92.9,0,269,2
Centre-Nord,2024,25,50.4,25.8,94.0,1,171,0
Centre-Nord,2024,26,82.6,29.2,77.0,1,968,7
Centre-Nord,2024,27,51.0,27.8,76.4,0,1280,5
Centre-Nord,2024,28,86.8,26.7,80.5,0,1387,2
Centre-Nord,2024,29,35.9,32.9,79.4,0,1276,3
Centre-Nord,2024,30,100.8,30.6,91.1,0,1318,6
Centre-Nord,2024,31,56.1,31.3,90.0,0,1242,8
Centre-Nord,2024,32,22.6,25.2,82.5,0,1117,12
Centre-Nord,2024,33,118.6,30.3,77.7,0,995,1
Centre-Nord,2024,34,102.4,30.1,78.1,0,1258,8
Centre-Nord,2024,35,52.2,29.6,84.3,0,1327,9
Centre-Nord,2024,36,44.9,25.7,85.3,0,939,9
Centre-Nord,2024,37,60.3,31.9,87.1,0,1192,12
Centre-Nord,2024,38,37.7,27.0,83.1,0,1361,6
Centre-Nord,2024,39,20.2,25.2,91.1,0,1027,9
Centre-Nord,2024,40,32.4,30.5,83.0,0,1306,2
Centre-Nord,2024,41,1.9,27.2,87.1,0,1048,5
Centre-Nord,2024,42,3.6,29.3,93.3,0,1078,3
Centre-Nord,2024,43,4.8,32.2,77.1,0,1340,4
Centre-Nord,2024,44,2.6,28.6,78.1,0,1122,4
Centre-Nord,2024,45,1.0,28.5,79.0,0,1227,6
Centre-Nord,2024,46,0.0,30.1,76.7,0,1344,7
Centre-Nord,2024,47,0.5,29.6,80.9,0,180,6
Centre-Nord,2024,48,0.9,27.7,84.0,0,279,5
Centre-Nord,2024,49,4.1,29.6,77.1,0,203,8
Centre-Nord,2024,50,4.6,32.6,81.2,0,205,14
Centre-Nord,2024,51,1.3,25.9,78.4,0,192,14
Centre-Nord,2024,52,0.3,28.8,75.3,0,223,1
Centre-Nord,2025,1,3.3,27.3,85.2,0,211,3
Centre-Nord,2025,2,1.3,32.9,81.0,0,198,5
Centre-Nord,2025,3,4.0,25.4,80.1,0,259,10
Centre-Nord,2025,4,0.8,27.4,87.7,0,236,7
Centre-Nord,2025,5,2.1,31.5,84.2,0,140,12
Centre-Nord,2025,6,1.6,31.3,89.4,0,195,13
Centre-Nord,2025,7,3.0,32.0,90.8,0,214,1
Centre-Nord,2025,8,3.5,25.4,91.4,0,245,14
Centre-Nord,2025,9,1.6,31.4,87.7,0,187,4
Centre-Nord,2025,10,1.6,35.3,88.5,0,156,12
Centre-Nord,2025,11,2.7,40.2,90.5,0,198,4
Centre-Nord,2025,12,3.5,38.3,86.6,0,169,7
Centre-Nord,2025,13,3.8,37.2,84.0,0,153,9
Centre-Nord,2025,14,4.7,34.7,83.9,0,227,4
Centre-Nord,2025,15,1.9,35.2,82.3,1,179,9
Centre-Nord,2025,16,4.6,40.2,77.4,1,230,9
Centre-Nord,2025,17,1.2,35.4,78.5,0,195,5
Centre-Nord,2025,18,0.6,38.9,83.3,0,154,6
Centre-Nord,2025,19,0.7,30.8,82.7,0,202,9
Centre-Nord,2025,20,4.1,26.6,81.8,0,218,5
Centre-Nord,2025,21,1.5,30.9,87.4,0,184,0
Centre-Nord,2025,22,98.4,30.6,89.6,0,190,3
Centre-Nord,2025,23,45.4,30.5,87.7,0,223,9
Centre-Nord,2025,24,43.0,25.8,85.1,0,266,2
Centre-Nord,2025,25,32.5,26.5,93.5,1,273,7
Centre-Nord,2025,26,119.8,29.2,76.6,1,1145,11
Centre-Nord,2025,27,101.5,29.1,89.6,0,848,10
Centre-Nord,2025,28,82.4,32.4,82.5,0,806,9
Centre-Nord,2025,29,82.4,27.7,80.8,0,827,0
Centre-Nord,2025,30,21.6,27.9,91.2,0,1045,1
Centre-Nord,2025,31,60.3,31.9,91.6,0,932,4
Centre-Nord,2025,32,55.3,28.2,82.0,0,821,3
Centre-Nord,2025,33,52.3,27.3,80.8,0,1323,7
Centre-Nord,2025,34,59.8,30.7,78.0,0,1330,1
Centre-Nord,2025,35,105.8,29.7,85.6,0,1012,9
Centre-Nord,2025,36,91.8,29.0,88.7,0,1271,4
Centre-Nord,2025,37,75.6,28.6,91.1,0,873,6
Centre-Nord,2025,38,69.7,32.7,78.2,0,1050,14
Centre-Nord,2025,39,101.0,26.0,77.2,0,1274,0
Centre-Nord,2025,40,88.6,27.5,82.5,0,881,7
Centre-Nord,2025,41,3.5,29.4,88.5,0,1309,6
Centre-Nord,2025,42,4.5,32.5,94.7,0,1163,8
Centre-Nord,2025,43,0.3,32.4,87.0,0,1019,7
Centre-Nord,2025,44,4.5,26.1,94.3,0,1320,3
Centre-Nord,2025,45,2.1,32.4,91.8,0,891,13
Centre-Nord,2025,46,3.8,30.4,77.8,0,1094,5
Centre-Nord,2025,47,3.8,28.7,88.3,0,191,10
Centre-Nord,2025,48,0.5,25.9,77.3,0,266,7
Centre-Nord,2025,49,3.0,29.6,84.3,0,228,2
Centre-Nord,2025,50,0.2,29.7,90.0,0,195,13
Centre-Nord,2025,51,1.6,31.7,76.6,0,257,13
Centre-Nord,2025,52,2.6,26.6,94.6,0,221,12
Centre-Nord,2026,1,1.5,29.8,93.9,0,240,8
Centre-Nord,2026,2,0.2,26.1,78.2,0,190,9
Centre-Nord,2026,3,3.0,29.6,78.7,0,222,13
Centre-Nord,2026,4,3.5,27.1,92.7,0,138,8
Centre-Nord,2026,5,1.1,32.9,88.7,0,253,8
Centre-Nord,2026,6,4.1,26.2,79.4,0,211,3
Centre-Nord,2026,7,2.8,28.5,90.3,0,144,12
Centre-Nord,2026,8,3.9,32.7,78.8,0,199,2
Centre-Nord,2026,9,1.9,25.2,83.2,0,206,2
Centre-Nord,2026,10,3.5,35.2,84.3,0,191,11
Centre-Nord,2026,11,1.5,39.9,79.9,0,250,2
Centre-Nord,2026,12,4.2,35.7,88.5,0,177,1
Centre-Nord,2026,13,4.8,37.6,77.8,0,263,9
Centre-Nord,2026,14,1.8,40.6,90.1,0,147,9
Centre-Nord,2026,15,4.3,36.3,86.0,1,173,12
Centre-Nord,2026,16,4.3,35.7,94.1,1,170,8
Centre-Nord,2026,17,4.0,38.5,84.7,0,181,7
Centre-Nord,2026,18,1.8,39.2,85.9,0,173,2
Centre-Nord,2026,19,0.5,27.4,76.8,0,251,1
Centre-Nord,2026,20,2.1,30.9,91.6,0,181,7
Centre-Nord,2026,21,1.3,26.5,81.8,0,141,14
Centre-Nord,2026,22,44.3,29.4,79.5,0,161,10
Centre-Nord,2026,23,116.1,29.7,85.6,0,153,2
Centre-Nord,2026,24,70.3,31.9,83.7,0,140,11
Centre-Nord,2026,25,72.5,32.3,76.9,1,206,12
Centre-Nord,2026,26,75.5,28.4,88.1,1,1034,4
Centre-Nord,2026,27,69.4,32.5,86.1,0,909,13
Centre-Nord,2026,28,82.3,32.5,91.3,0,780,5
Centre-Nord,2026,29,27.7,30.3,87.7,0,859,4
Centre-Nord,2026,30,37.3,28.8,84.3,0,878,6
Centre-Nord,2026,31,107.7,28.6,91.3,0,873,9
Centre-Nord,2026,32,48.0,30.8,82.4,0,988,7
Centre-Nord,2026,33,55.2,26.2,94.5,0,1001,5
Centre-Nord,2026,34,63.9,25.8,82.8,0,1232,7
Centre-Nord,2026,35,39.2,30.6,75.9,0,1213,11
Centre-Nord,2026,36,25.7,28.3,88.7,0,1195,11
Centre-Nord,2026,37,52.2,29.5,81.6,0,1037,1
Centre-Nord,2026,38,28.5,32.1,90.8,0,1213,6
Centre-Nord,2026,39,82.5,31.8,78.7,0,798,2
Centre-Nord,2026,40,75.5,30.7,90.8,0,967,1
Centre-Nord,2026,41,1.7,31.9,86.5,0,1277,5
Centre-Nord,2026,42,0.2,26.6,79.4,0,1231,3
Centre-Nord,2026,43,1.2,32.4,80.4,0,1021,0
Centre-Nord,2026,44,1.9,26.7,89.4,0,1102,2
Centre-Nord,2026,45,0.7,26.1,80.3,0,1056,13
Centre-Nord,2026,46,2.9,30.9,89.2,0,1161,0
Centre-Nord,2026,47,1.2,26.9,83.1,0,239,2
Centre-Nord,2026,48,2.0,31.4,90.4,0,264,4
Centre-Nord,2026,49,2.7,28.4,76.3,0,214,2
Centre-Nord,2026,50,4.0,30.6,83.8,0,174,10
Centre-Nord,2026,51,1.1,29.1,83.8,0,206,13
Centre-Nord,2026,52,2.0,29.2,89.5,0,218,8
