region,annee,semaine_epi,pluviometrie_mm,temperature_moy_c,taux_couverture_milda,campagne_vaccinale_active,cas_paludisme,cas_dengue,date_approx,mois,saison
Centre (Ouaga),2013,1,-0.6783142634134913,-0.5527912097341515,-0.07029789149958307,0,592,7,2013-01-07,1,Sèche
Centre (Ouaga),2013,2,-0.5711184596408291,-0.9882721914807252,0.9886535215646446,0,573,18,2013-01-14,1,Sèche
Centre (Ouaga),2013,3,-0.6670304945953164,-0.5784077380721857,-1.5632457853278354,0,388,27,2013-01-21,1,Sèche
Centre (Ouaga),2013,4,-0.6472838991635101,-0.24539286967774668,1.4747295800203546,0,409,22,2013-01-28,1,Sèche
Centre (Ouaga),2013,5,-0.7037027432543851,-1.1419713615089282,-0.9209309937970748,0,369,21,2013-02-04,2,Sèche
Centre (Ouaga),2013,6,-0.5739394018453728,-1.0907383048328607,0.641456336953423,0,314,16,2013-02-11,2,Sèche
Centre (Ouaga),2013,7,-0.5852231706635478,0.010772413702590895,-0.8514915568748319,0,456,16,2013-02-18,2,Sèche
Centre (Ouaga),2013,8,-0.638821072549879,-0.21977634133971255,-0.1744570468829486,0,447,10,2013-02-25,2,Sèche
Centre (Ouaga),2013,9,-0.5767603440499166,-0.7577234364384218,-1.0077302899498801,0,306,11,2013-03-04,3,Sèche
Centre (Ouaga),2013,10,-0.6811352056180351,2.1113277374213597,-1.4417267707139074,0,522,26,2013-03-11,3,Sèche
Centre (Ouaga),2013,11,-0.6867770900271225,2.6492748325200672,-1.5632457853278354,0,300,16,2013-03-18,3,Sèche
Centre (Ouaga),2013,12,-0.616253534913529,2.7005078891961354,0.5546570408006175,0,438,14,2013-03-25,3,Sèche
Centre (Ouaga),2013,13,-0.6134325927089853,1.983245095731191,1.7177676092482108,0,476,7,2013-04-01,4,Sèche
Centre (Ouaga),2013,14,-0.6190744771180727,1.3172153589423128,-0.556373949955293,0,573,9,2013-04-08,4,Sèche
Centre (Ouaga),2013,15,-0.6331791881407914,1.5733806423226504,-0.8167718384137093,0,451,16,2013-04-15,4,Sèche
Centre (Ouaga),2013,16,-0.6106116505044415,1.0866666039000095,0.8671345069507166,0,349,25,2013-04-22,4,Sèche
Centre (Ouaga),2013,17,-0.6698514367998601,2.4443426058157978,-0.747332401491464,0,522,27,2013-04-29,4,Sèche
Centre (Ouaga),2013,18,-0.6867770900271225,1.3172153589423128,-1.4070070522527847,0,546,26,2013-05-06,5,Pluvieuse
Centre (Ouaga),2013,19,-0.6247163615271603,0.5743360371393342,0.346338730033884,0,514,6,2013-05-13,5,Pluvieuse
Centre (Ouaga),2013,20,-0.5711184596408291,0.4974864521252319,-1.0250901491804427,0,483,27,2013-05-20,5,Pluvieuse
Centre (Ouaga),2013,21,-0.5767603440499166,-0.783339964776456,-0.6084535276469758,0,579,15,2013-05-27,5,Pluvieuse
Centre (Ouaga),2013,22,1.6658887085623584,-0.09169369964954377,-0.10501760996070328,0,498,19,2013-06-03,6,Pluvieuse
Centre (Ouaga),2013,23,2.4444687570164314,0.010772413702590895,1.5441690169426,0,427,22,2013-06-10,6,Pluvieuse
Centre (Ouaga),2013,24,0.012816576699725555,-0.5784077380721857,0.6761760554145456,0,346,28,2013-06-17,6,Pluvieuse
Centre (Ouaga),2013,25,1.8210405298122643,-0.19415981300167934,1.3358507061758664,0,320,28,2013-06-24,6,Pluvieuse
Centre (Ouaga),2013,26,2.2554656293120003,-0.8858060781285906,1.683047890787088,0,2173,16,2013-07-01,7,Pluvieuse
Centre (Ouaga),2013,27,0.37953906329041204,-0.3990920397059496,0.25953943388107853,0,2724,24,2013-07-08,7,Pluvieuse
Centre (Ouaga),2013,28,1.2427473778807971,-0.014844114635443224,-0.747332401491464,0,2118,9,2013-07-15,7,Pluvieuse
Centre (Ouaga),2013,29,1.7730845123350205,-0.783339964776456,1.1622521138702555,0,2039,9,2013-07-22,7,Pluvieuse
Centre (Ouaga),2013,30,0.38236000549495586,-0.1685432846636452,0.48521760387837215,0,2783,21,2013-07-29,7,Pluvieuse
Centre (Ouaga),2013,31,2.17930018978932,-1.0651217764948266,0.762975351567351,0,2977,7,2013-08-05,8,Pluvieuse
Centre (Ouaga),2013,32,1.9959389464939763,0.13885505539275966,-1.3375676153305418,0,2409,28,2013-08-12,8,Pluvieuse
Centre (Ouaga),2013,33,0.3597924678586058,-1.1419713615089282,0.7803352107979111,0,2272,29,2013-08-19,8,Pluvieuse
Centre (Ouaga),2013,34,0.7716500297219921,0.3694038104350631,0.15538027849771302,0,1931,26,2013-08-26,8,Pluvieuse
Centre (Ouaga),2013,35,0.8224269894037795,0.010772413702590895,-0.7126126830303413,0,2971,8,2013-09-02,9,Pluvieuse
Centre (Ouaga),2013,36,2.340093895448313,0.3950203387730972,-1.2160486007166138,0,2614,29,2013-09-09,9,Pluvieuse
Centre (Ouaga),2013,37,0.3738971788813245,-0.8345730214525232,1.7004077500176482,0,1881,24,2013-09-16,9,Pluvieuse
Centre (Ouaga),2013,38,0.13693803369965019,-1.3981366448892656,0.5199373223394949,0,2059,99,2013-09-23,9,Pluvieuse
Centre (Ouaga),2013,39,2.261107513721088,-0.962655663142692,1.57888873540372,0,1888,31,2013-09-30,9,Pluvieuse
Centre (Ouaga),2013,40,1.2173588980399033,-1.270054003199097,-1.6500450814806409,0,1999,45,2013-10-07,10,Pluvieuse
Centre (Ouaga),2013,41,-0.6726723790044038,0.2925542254209626,-1.5979655037889582,0,1785,43,2013-10-14,10,Pluvieuse
Centre (Ouaga),2013,42,-0.5824022284590041,0.3181707537589958,1.2837711284841835,0,1988,85,2013-10-21,10,Pluvieuse
Centre (Ouaga),2013,43,-0.6247163615271603,-0.1685432846636452,-1.4243669114833473,0,2412,45,2013-10-28,10,Pluvieuse
Centre (Ouaga),2013,44,-0.6472838991635101,-0.5271746813961183,-0.7646922607220265,0,2303,35,2013-11-04,11,Sèche
Centre (Ouaga),2013,45,-0.6811352056180351,0.42063686711113135,-0.9035711345665147,0,2684,77,2013-11-11,11,Sèche
Centre (Ouaga),2013,46,-0.6867770900271225,-0.6552573230862871,0.1727401377282731,0,2665,69,2013-11-18,11,Sèche
Centre (Ouaga),2013,47,-0.6077907082998978,-1.270054003199097,-0.13973732842182593,0,356,20,2013-11-25,11,Sèche
Centre (Ouaga),2013,48,-0.6331791881407914,-1.3725201165512315,0.6067366184923002,0,446,17,2013-12-02,12,Sèche
Centre (Ouaga),2013,49,-0.6247163615271603,-0.9114226064666247,0.3289788708033239,0,540,19,2013-12-09,12,Sèche
Centre (Ouaga),2013,50,-0.661388610186229,-0.7064903797623544,1.6309683130954054,0,537,6,2013-12-16,12,Sèche
Centre (Ouaga),2013,51,-0.6698514367998601,-0.9882721914807252,1.196971832331378,0,506,23,2013-12-23,12,Sèche
Centre (Ouaga),2013,52,-0.6642095523907726,-0.5271746813961183,1.1101725361785728,0,543,14,2013-12-30,12,Sèche
Centre (Ouaga),2014,1,-0.6247163615271603,0.6511856221534348,-0.556373949955293,0,341,26,2014-01-06,1,Sèche
Centre (Ouaga),2014,2,-0.7037027432543851,-0.7064903797623544,-0.13973732842182593,0,448,15,2014-01-13,1,Sèche
Centre (Ouaga),2014,3,-0.5993278816862666,-0.09169369964954377,-1.2160486007166138,0,414,19,2014-01-20,1,Sèche
Centre (Ouaga),2014,4,-0.6360001303453352,-0.962655663142692,1.4400098615592318,0,565,5,2014-01-27,1,Sèche
Centre (Ouaga),2014,5,-0.6557467257771414,-0.9114226064666247,1.5962485946342826,0,469,15,2014-02-03,2,Sèche
Centre (Ouaga),2014,6,-0.6952399166407538,-0.629640794748253,-1.667404940711201,0,386,20,2014-02-10,2,Sèche
Centre (Ouaga),2014,7,-0.6867770900271225,-0.37347551136791546,-0.40013521688024223,0,548,25,2014-02-17,2,Sèche
Centre (Ouaga),2014,8,-0.5795812862544604,-0.783339964776456,-1.7368443776334463,0,478,23,2014-02-24,2,Sèche
Centre (Ouaga),2014,9,-0.6190744771180727,0.08762199871669235,-1.6153253630195181,0,553,24,2014-03-03,3,Sèche
Centre (Ouaga),2014,10,-0.5880441128680916,2.18817732243546,-0.6778929645692211,0,514,22,2014-03-10,3,Sèche
Centre (Ouaga),2014,11,-0.5908650550726353,1.9063955107170885,-1.4243669114833473,0,338,20,2014-03-17,3,Sèche
Centre (Ouaga),2014,12,-0.6867770900271225,2.034478152407257,0.4331380261866894,0,344,13,2014-03-24,3,Sèche
Centre (Ouaga),2014,13,-0.5908650550726353,1.5989971706606845,0.7456154923367885,0,327,6,2014-03-31,3,Sèche
Centre (Ouaga),2014,14,-0.6444629569589664,2.2906434357875947,-0.24389648380519394,0,484,22,2014-04-07,4,Sèche
Centre (Ouaga),2014,15,-0.6106116505044415,2.469959134153832,-0.03557817303846041,0,486,27,2014-04-14,4,Sèche
Centre (Ouaga),2014,16,-0.5965069394817228,0.9585839622098405,-1.4417267707139074,0,576,10,2014-04-21,4,Sèche
Centre (Ouaga),2014,17,-0.7093446276634725,2.0857112090833256,0.2942591523422012,0,499,28,2014-04-28,4,Sèche
Centre (Ouaga),2014,18,-0.6585676679816851,1.496531057308548,-0.5042943722636102,0,337,27,2014-05-05,5,Pluvieuse
Centre (Ouaga),2014,19,-0.7008818010498412,-1.0395052481567935,0.12066056003659034,0,423,15,2014-05-12,5,Pluvieuse
Centre (Ouaga),2014,20,-0.6303582459362477,-0.42470856804398277,1.1275323954091327,0,506,16,2014-05-19,5,Pluvieuse
Centre (Ouaga),2014,21,-0.6698514367998601,-0.4759416247200501,-0.1570971876523885,0,298,15,2014-05-26,5,Pluvieuse
Centre (Ouaga),2014,22,0.9493693886082478,-1.0907383048328607,1.370570424636989,0,417,13,2014-06-02,6,Pluvieuse
Centre (Ouaga),2014,23,2.1736583053802323,-0.19415981300167934,-1.5632457853278354,0,354,19,2014-06-09,6,Pluvieuse
Centre (Ouaga),2014,24,2.427543103789169,-0.8858060781285906,-0.8862112753359521,0,536,16,2014-06-16,6,Pluvieuse
Centre (Ouaga),2014,25,1.0481023657672788,0.6511856221534348,0.033861263883784916,0,528,25,2014-06-23,6,Pluvieuse
Centre (Ouaga),2014,26,0.5205861735175992,-0.7321069081003877,0.6935359146451057,0,2686,28,2014-06-30,6,Pluvieuse
Centre (Ouaga),2014,27,2.2441818604938257,-0.24539286967774668,0.346338730033884,0,1921,18,2014-07-07,7,Pluvieuse
Centre (Ouaga),2014,28,0.23285006865413738,-0.37347551136791546,1.4920894392509145,0,2095,27,2014-07-14,7,Pluvieuse
Centre (Ouaga),2014,29,2.5375598497663745,-0.142926756325612,0.48521760387837215,0,2680,28,2014-07-21,7,Pluvieuse
Centre (Ouaga),2014,30,-0.03796038298206183,-0.937039134804658,1.1101725361785728,0,2005,13,2014-07-28,7,Pluvieuse
Centre (Ouaga),2014,31,2.187763016402951,-0.142926756325612,0.3289788708033239,0,1732,24,2014-08-04,8,Pluvieuse
Centre (Ouaga),2014,32,1.5586929047896962,-1.295670531537131,-1.47644648917503,0,2847,29,2014-08-11,8,Pluvieuse
Centre (Ouaga),2014,33,0.577005017608474,-0.5784077380721857,-1.3896471930222245,0,2707,28,2014-08-18,8,Pluvieuse
Centre (Ouaga),2014,34,0.5798259598130178,-1.3725201165512315,-0.05293803226902051,0,2223,12,2014-08-25,8,Pluvieuse
Centre (Ouaga),2014,35,1.7984729921759144,-0.296625926353814,0.22481971541995588,0,1717,5,2014-09-01,9,Pluvieuse
Centre (Ouaga),2014,36,1.7871892233577393,-0.9114226064666247,-0.08765775073014317,0,2653,20,2014-09-08,9,Pluvieuse
Centre (Ouaga),2014,37,2.108776634675726,-0.21977634133971255,-0.9035711345665147,0,2869,19,2014-09-15,9,Pluvieuse
Centre (Ouaga),2014,38,0.04384694094970666,-1.2188209465230295,1.6483281723259653,0,2936,90,2014-09-22,9,Pluvieuse
Centre (Ouaga),2014,39,-0.07181168943658671,-0.040460642973476436,-0.261256343035754,0,2620,84,2014-09-29,9,Pluvieuse
Centre (Ouaga),2014,40,0.2131034732223313,-0.37347551136791546,0.9365739438729619,0,2505,96,2014-10-06,10,Pluvieuse
Centre (Ouaga),2014,41,-0.6416420147544227,0.3181707537589958,-0.573733809185853,0,2506,31,2014-10-13,10,Pluvieuse
Centre (Ouaga),2014,42,-0.6726723790044038,-0.5784077380721857,-0.573733809185853,0,2229,37,2014-10-20,10,Pluvieuse
Centre (Ouaga),2014,43,-0.6585676679816851,-0.8601895497905564,0.4157781669561293,0,2679,42,2014-10-27,10,Pluvieuse
Centre (Ouaga),2014,44,-0.5767603440499166,-0.296625926353814,-1.4417267707139074,0,2792,94,2014-11-03,11,Sèche
Centre (Ouaga),2014,45,-0.6895980322316664,-0.1685432846636452,-1.5285260668667129,0,2286,33,2014-11-10,11,Sèche
Centre (Ouaga),2014,46,-0.6811352056180351,0.06200547037865822,0.9018542254118392,0,2272,86,2014-11-17,11,Sèche
Centre (Ouaga),2014,47,-0.5739394018453728,-0.6808738514243203,-0.5216542314941703,0,413,23,2014-11-24,11,Sèche
Centre (Ouaga),2014,48,-0.6218954193226165,0.5487195088013002,1.683047890787088,0,310,13,2014-12-01,12,Sèche
Centre (Ouaga),2014,49,-0.5965069394817228,-0.014844114635443224,1.4400098615592318,0,502,23,2014-12-08,12,Sèche
Centre (Ouaga),2014,50,-0.7065236854589287,-0.5015581530580843,0.5372971815700549,0,357,20,2014-12-15,12,Sèche
Centre (Ouaga),2014,51,-0.5852231706635478,0.26693769708292847,-0.2959760614968767,0,349,11,2014-12-22,12,Sèche
Centre (Ouaga),2014,52,-0.5739394018453728,-1.2444374748610627,0.46785774464781205,0,411,27,2014-12-29,12,Sèche
Centre (Ouaga),2015,1,-0.5767603440499166,-0.34785898302988133,-1.6153253630195181,0,556,10,2015-01-05,1,Sèche
Centre (Ouaga),2015,2,-0.6021488238908103,-0.21977634133971255,0.4157781669561293,0,432,23,2015-01-12,1,Sèche
Centre (Ouaga),2015,3,-0.6501048413680539,-0.8089564931144891,-0.08765775073014317,0,312,15,2015-01-19,1,Sèche
Centre (Ouaga),2015,4,-0.661388610186229,-0.24539286967774668,0.5720169000311776,0,499,25,2015-01-26,1,Sèche
Centre (Ouaga),2015,5,-0.5908650550726353,-0.5015581530580843,-0.9730105714887576,0,557,19,2015-02-02,2,Sèche
Centre (Ouaga),2015,6,-0.5682975174362854,-0.296625926353814,0.7282556331062283,0,319,8,2015-02-09,2,Sèche
Centre (Ouaga),2015,7,-0.661388610186229,-0.6040242664102189,0.6935359146451057,0,498,27,2015-02-16,2,Sèche
Centre (Ouaga),2015,8,-0.5936859972771792,0.5999525654773665,0.641456336953423,0,354,18,2015-02-23,2,Sèche
Centre (Ouaga),2015,9,-0.7037027432543851,0.5743360371393342,-1.5458859260972753,0,476,26,2015-03-02,3,Sèche
Centre (Ouaga),2015,10,-0.616253534913529,1.9063955107170885,-1.3028478968694193,0,560,19,2015-03-09,3,Sèche
Centre (Ouaga),2015,11,-0.6303582459362477,1.1378996605760758,-0.48693451303304763,0,483,24,2015-03-16,3,Sèche
Centre (Ouaga),2015,12,-0.6557467257771414,1.7783128690269197,-0.018218313807897846,0,399,12,2015-03-23,3,Sèche
Centre (Ouaga),2015,13,-0.6670304945953164,1.6758467556747851,0.9018542254118392,0,512,13,2015-03-30,3,Sèche
Centre (Ouaga),2015,14,-0.6360001303453352,1.3940649439564134,0.6761760554145456,0,532,20,2015-04-06,4,Sèche
Centre (Ouaga),2015,15,-0.6444629569589664,1.3940649439564134,1.196971832331378,0,396,7,2015-04-13,4,Sèche
Centre (Ouaga),2015,16,-0.6247163615271603,1.16351618891411,1.3184908469453038,0,524,14,2015-04-20,4,Sèche
Centre (Ouaga),2015,17,-0.6585676679816851,2.5724252475059664,0.08594084157546768,0,355,5,2015-04-27,4,Sèche
Centre (Ouaga),2015,18,-0.5908650550726353,1.2915988306042787,-1.354927474561102,0,396,8,2015-05-04,5,Pluvieuse
Centre (Ouaga),2015,19,-0.6783142634134913,-1.3725201165512315,0.4157781669561293,0,301,20,2015-05-11,5,Pluvieuse
Centre (Ouaga),2015,20,-0.6021488238908103,-1.116354833170894,0.658816196183983,0,521,9,2015-05-18,5,Pluvieuse
Centre (Ouaga),2015,21,-0.5711184596408291,0.21570464040686113,0.5546570408006175,0,413,14,2015-05-25,5,Pluvieuse
Centre (Ouaga),2015,22,1.2822405687444094,0.3181707537589958,1.266411269253621,0,544,18,2015-06-01,6,Pluvieuse
Centre (Ouaga),2015,23,0.32029927699499344,-1.0651217764948266,-0.4174950761108048,0,292,15,2015-06-08,6,Pluvieuse
Centre (Ouaga),2015,24,1.5445881937669776,-0.6040242664102189,1.56152887617316,0,527,8,2015-06-15,6,Pluvieuse
Centre (Ouaga),2015,25,0.8506364114492169,-0.937039134804658,0.7976950700284712,0,523,16,2015-06-22,6,Pluvieuse
Centre (Ouaga),2015,26,0.9634740996309665,0.13885505539275966,-0.05293803226902051,0,2154,20,2015-06-29,6,Pluvieuse
Centre (Ouaga),2015,27,0.9352646775855291,0.4462533954491655,0.06858098234490759,0,2743,28,2015-07-06,7,Pluvieuse
Centre (Ouaga),2015,28,1.9141316225622078,-0.5527912097341515,-0.5390140907247304,0,1870,13,2015-07-13,7,Pluvieuse
Centre (Ouaga),2015,29,1.5474091359715212,0.3950203387730972,0.7282556331062283,0,2853,10,2015-07-20,7,Pluvieuse
Centre (Ouaga),2015,30,0.2949107971540998,-0.9882721914807252,-1.2334084599471737,0,2832,6,2015-07-27,7,Pluvieuse
Centre (Ouaga),2015,31,1.6715305929714461,-1.1932044181849955,0.05122112311434501,0,2735,20,2015-08-03,8,Pluvieuse
Centre (Ouaga),2015,32,1.0227138859263853,-0.11731022798757788,1.4400098615592318,0,2444,17,2015-08-10,8,Pluvieuse
Centre (Ouaga),2015,33,0.7349777810629237,-0.3990920397059496,-0.3654154984191196,0,2085,7,2015-08-17,8,Pluvieuse
Centre (Ouaga),2015,34,1.0311767125400164,-0.783339964776456,-0.08765775073014317,0,2169,10,2015-08-24,8,Pluvieuse
Centre (Ouaga),2015,35,0.12001238047238769,-0.06607717131151056,0.6067366184923002,0,2143,7,2015-08-31,8,Pluvieuse
Centre (Ouaga),2015,36,0.049488825358794127,-1.0138887198187594,-0.8167718384137093,0,1833,9,2015-09-07,9,Pluvieuse
Centre (Ouaga),2015,37,0.2131034732223313,0.190088112068827,-0.07029789149958307,0,1792,29,2015-09-14,9,Pluvieuse
Centre (Ouaga),2015,38,0.9014133711310044,0.3950203387730972,0.10330070080602778,0,2081,68,2015-09-21,9,Pluvieuse
Centre (Ouaga),2015,39,2.1539117099484257,-0.8601895497905564,-0.6258133868775358,0,2777,39,2015-09-28,9,Pluvieuse
Centre (Ouaga),2015,40,1.4684227542442965,-0.4759416247200501,0.13802041926715045,0,2229,33,2015-10-05,10,Pluvieuse
Centre (Ouaga),2015,41,-0.6529257835725977,0.24132116874489434,-0.10501760996070328,0,2417,82,2015-10-12,10,Pluvieuse
Centre (Ouaga),2015,42,-0.6360001303453352,-0.6808738514243203,0.762975351567351,0,2708,91,2015-10-19,10,Pluvieuse
Centre (Ouaga),2015,43,-0.6783142634134913,-0.7321069081003877,0.5893767592617402,0,2375,82,2015-10-26,10,Pluvieuse
Centre (Ouaga),2015,44,-0.6218954193226165,-0.34785898302988133,-1.4070070522527847,0,2368,74,2015-11-02,11,Sèche
Centre (Ouaga),2015,45,-0.6557467257771414,0.26693769708292847,-0.5042943722636102,0,2733,96,2015-11-09,11,Sèche
Centre (Ouaga),2015,46,-0.6472838991635101,-1.270054003199097,-1.1639690230249309,0,2755,93,2015-11-16,11,Sèche
Centre (Ouaga),2015,47,-0.6811352056180351,-1.270054003199097,-1.5632457853278354,0,395,29,2015-11-23,11,Sèche
Centre (Ouaga),2015,48,-0.5795812862544604,0.3950203387730972,0.24217957465051843,0,376,28,2015-11-30,11,Sèche
Centre (Ouaga),2015,49,-0.6360001303453352,-0.296625926353814,0.6240964777228604,0,507,27,2015-12-07,12,Sèche
Centre (Ouaga),2015,50,-0.7008818010498412,-0.296625926353814,-0.5216542314941703,0,318,19,2015-12-14,12,Sèche
Centre (Ouaga),2015,51,-0.6472838991635101,0.010772413702590895,1.0407330992563273,0,374,12,2015-12-21,12,Sèche
Centre (Ouaga),2015,52,-0.5993278816862666,-0.6040242664102189,1.0233732400257674,0,447,16,2015-12-28,12,Sèche
Centre (Ouaga),2016,1,-0.6218954193226165,-0.21977634133971255,1.249051410023061,0,527,11,2016-01-04,1,Sèche
Centre (Ouaga),2016,2,-0.7008818010498412,-0.937039134804658,-1.285488037638859,0,315,7,2016-01-11,1,Sèche
Centre (Ouaga),2016,3,-0.6444629569589664,0.1644715837307938,0.2942591523422012,0,482,24,2016-01-18,1,Sèche
Centre (Ouaga),2016,4,-0.6303582459362477,0.190088112068827,0.6761760554145456,0,474,19,2016-01-25,1,Sèche
Centre (Ouaga),2016,5,-0.616253534913529,-0.5784077380721857,0.05122112311434501,0,491,18,2016-02-01,2,Sèche
Centre (Ouaga),2016,6,-0.6444629569589664,-0.2710093980157808,0.5546570408006175,0,547,22,2016-02-08,2,Sèche
Centre (Ouaga),2016,7,-0.604969766095354,0.08762199871669235,0.8671345069507166,0,355,13,2016-02-15,2,Sèche
Centre (Ouaga),2016,8,-0.7037027432543851,-0.9114226064666247,-0.40013521688024223,0,544,19,2016-02-22,2,Sèche
Centre (Ouaga),2016,9,-0.6952399166407538,-0.8601895497905564,1.4573697207897944,0,367,29,2016-02-29,2,Sèche
Centre (Ouaga),2016,10,-0.6303582459362477,1.855162454041022,0.8150549292590338,0,321,15,2016-03-07,3,Sèche
Centre (Ouaga),2016,11,-0.6980608588452976,1.214749245590178,1.2837711284841835,0,434,19,2016-03-14,3,Sèche
Centre (Ouaga),2016,12,-0.6726723790044038,2.7005078891961354,-1.6326852222500807,0,435,14,2016-03-21,3,Sèche
Centre (Ouaga),2016,13,-0.6980608588452976,2.034478152407257,0.48521760387837215,0,516,15,2016-03-28,3,Sèche
Centre (Ouaga),2016,14,-0.638821072549879,1.5477641139846163,-0.2786162022663141,0,532,6,2016-04-04,4,Sèche
Centre (Ouaga),2016,15,-0.6416420147544227,2.6492748325200672,-0.6952528237997811,0,533,16,2016-04-11,4,Sèche
Centre (Ouaga),2016,16,-0.6952399166407538,1.2915988306042787,-1.5632457853278354,0,297,16,2016-04-18,4,Sèche
Centre (Ouaga),2016,17,-0.604969766095354,1.009817018885907,-0.5910936684164156,0,488,21,2016-04-25,4,Sèche
Centre (Ouaga),2016,18,-0.6134325927089853,1.7526963406888856,-0.018218313807897846,0,552,8,2016-05-02,5,Pluvieuse
Centre (Ouaga),2016,19,-0.6501048413680539,-0.142926756325612,-1.5111662076361527,0,534,11,2016-05-09,5,Pluvieuse
Centre (Ouaga),2016,20,-0.6303582459362477,0.010772413702590895,-1.5111662076361527,0,452,22,2016-05-16,5,Pluvieuse
Centre (Ouaga),2016,21,-0.6416420147544227,-0.8601895497905564,-0.5910936684164156,0,456,28,2016-05-23,5,Pluvieuse
Centre (Ouaga),2016,22,0.6080353818584552,-1.270054003199097,1.1101725361785728,0,354,26,2016-05-30,5,Pluvieuse
Centre (Ouaga),2016,23,0.21028253101778752,-0.5015581530580843,1.6136084538648428,0,490,23,2016-06-06,6,Pluvieuse
Centre (Ouaga),2016,24,1.5558719625851523,-0.24539286967774668,1.370570424636989,0,426,17,2016-06-13,6,Pluvieuse
Centre (Ouaga),2016,25,0.8421735848355858,-0.8601895497905564,1.0928126769480102,0,295,12,2016-06-20,6,Pluvieuse
Centre (Ouaga),2016,26,0.23849195306322493,0.3694038104350631,0.8497746477201564,0,2094,28,2016-06-27,6,Pluvieuse
Centre (Ouaga),2016,27,1.7956520499713704,-0.5271746813961183,1.0060133807952047,0,2515,6,2016-07-04,7,Pluvieuse
Centre (Ouaga),2016,28,2.591157751652706,-0.3990920397059496,-0.747332401491464,0,2315,25,2016-07-11,7,Pluvieuse
Centre (Ouaga),2016,29,1.8238614720168078,0.2925542254209626,0.9539338031035219,0,1966,21,2016-07-18,7,Pluvieuse
Centre (Ouaga),2016,30,0.390822832108587,0.3181707537589958,-0.07029789149958307,0,2623,10,2016-07-25,7,Pluvieuse
Centre (Ouaga),2016,31,2.032611195153045,-0.4759416247200501,1.196971832331378,0,2616,13,2016-08-01,8,Pluvieuse
Centre (Ouaga),2016,32,0.8365317004264982,-0.6040242664102189,0.20745985618939577,0,2474,13,2016-08-08,8,Pluvieuse
Centre (Ouaga),2016,33,0.1679683979496314,-1.0651217764948266,-0.03557817303846041,0,2574,29,2016-08-15,8,Pluvieuse
Centre (Ouaga),2016,34,0.22438724204050622,-0.3222424546918481,0.6240964777228604,0,2763,27,2016-08-22,8,Pluvieuse
Centre (Ouaga),2016,35,2.517813254334569,-0.21977634133971255,-1.0077302899498801,0,1646,27,2016-08-29,8,Pluvieuse
Centre (Ouaga),2016,36,-0.10848393809565539,-0.5527912097341515,-0.6258133868775358,0,2655,13,2016-09-05,9,Pluvieuse
Centre (Ouaga),2016,37,0.7688290875174484,-0.4759416247200501,-0.9903704307193201,0,2528,20,2016-09-12,9,Pluvieuse
Centre (Ouaga),2016,38,0.8167851049946921,-0.3990920397059496,0.36369858926444404,0,2498,94,2016-09-19,9,Pluvieuse
Centre (Ouaga),2016,39,0.8703830068810232,0.5999525654773665,-0.4174950761108048,0,1832,91,2016-09-26,9,Pluvieuse
Centre (Ouaga),2016,40,2.5262760809482,-1.0395052481567935,1.3879302838675491,0,2095,34,2016-10-03,10,Pluvieuse
Centre (Ouaga),2016,41,-0.6895980322316664,-0.19415981300167934,0.5893767592617402,0,1905,96,2016-10-10,10,Pluvieuse
Centre (Ouaga),2016,42,-0.6444629569589664,-1.3469035882131983,-0.13973732842182593,0,1778,74,2016-10-17,10,Pluvieuse
Centre (Ouaga),2016,43,-0.604969766095354,-0.09169369964954377,-0.7646922607220265,0,1696,32,2016-10-24,10,Pluvieuse
Centre (Ouaga),2016,44,-0.6303582459362477,-1.0138887198187594,-0.2959760614968767,0,2200,81,2016-10-31,10,Pluvieuse
Centre (Ouaga),2016,45,-0.6952399166407538,-0.4503250963820169,1.4747295800203546,0,2425,98,2016-11-07,11,Sèche
Centre (Ouaga),2016,46,-0.5993278816862666,0.190088112068827,-0.8514915568748319,0,2409,51,2016-11-14,11,Sèche
Centre (Ouaga),2016,47,-0.6218954193226165,-0.629640794748253,-1.45908662994447,0,417,20,2016-11-21,11,Sèche
Centre (Ouaga),2016,48,-0.6754933212089477,-1.1419713615089282,0.658816196183983,0,341,27,2016-11-28,11,Sèche
Centre (Ouaga),2016,49,-0.6529257835725977,0.3950203387730972,0.9712936623340821,0,340,21,2016-12-05,12,Sèche
Centre (Ouaga),2016,50,-0.6557467257771414,-0.7064903797623544,-1.285488037638859,0,382,14,2016-12-12,12,Sèche
Centre (Ouaga),2016,51,-0.6444629569589664,0.523102980463266,-0.46957465380248753,0,455,22,2016-12-19,12,Sèche
Centre (Ouaga),2016,52,-0.5682975174362854,0.21570464040686113,-0.05293803226902051,0,437,14,2016-12-26,12,Sèche
Centre (Ouaga),2017,1,-0.6416420147544227,0.5743360371393342,1.3532105654064264,0,544,25,2017-01-02,1,Sèche
Centre (Ouaga),2017,2,-0.5767603440499166,0.42063686711113135,0.3116190115727613,0,284,19,2017-01-09,1,Sèche
Centre (Ouaga),2017,3,-0.6980608588452976,-0.06607717131151056,-0.05293803226902051,0,422,22,2017-01-16,1,Sèche
Centre (Ouaga),2017,4,-0.6190744771180727,0.13885505539275966,-1.5632457853278354,0,365,22,2017-01-23,1,Sèche
Centre (Ouaga),2017,5,-0.638821072549879,0.08762199871669235,-0.5910936684164156,0,474,6,2017-01-30,1,Sèche
Centre (Ouaga),2017,6,-0.6980608588452976,0.4974864521252319,1.6656880315565255,0,481,23,2017-02-06,2,Sèche
Centre (Ouaga),2017,7,-0.5795812862544604,0.3181707537589958,-1.5632457853278354,0,373,17,2017-02-13,2,Sèche
Centre (Ouaga),2017,8,-0.6021488238908103,-0.3222424546918481,0.08594084157546768,0,414,29,2017-02-20,2,Sèche
Centre (Ouaga),2017,9,-0.5739394018453728,-1.1932044181849955,1.266411269253621,0,510,7,2017-02-27,2,Sèche
Centre (Ouaga),2017,10,-0.627537303731704,1.0610500755619752,0.8671345069507166,0,320,17,2017-03-06,3,Sèche
Centre (Ouaga),2017,11,-0.6472838991635101,2.469959134153832,1.6656880315565255,0,487,12,2017-03-13,3,Sèche
Centre (Ouaga),2017,12,-0.6303582459362477,1.855162454041022,-0.556373949955293,0,457,20,2017-03-20,3,Sèche
Centre (Ouaga),2017,13,-0.661388610186229,1.3428318872803469,-1.6153253630195181,0,365,25,2017-03-27,3,Sèche
Centre (Ouaga),2017,14,-0.6247163615271603,1.7014632840128192,0.7282556331062283,0,487,10,2017-04-03,4,Sèche
Centre (Ouaga),2017,15,-0.5908650550726353,2.6492748325200672,-1.7021246591723236,0,449,22,2017-04-10,4,Sèche
Centre (Ouaga),2017,16,-0.6839561478225789,1.829545925702988,0.13802041926715045,0,533,24,2017-04-17,4,Sèche
Centre (Ouaga),2017,17,-0.69241897443621,1.9320120390551225,-1.0945295861026856,0,303,18,2017-04-24,4,Sèche
Centre (Ouaga),2017,18,-0.5767603440499166,1.3172153589423128,0.48521760387837215,0,428,26,2017-05-01,5,Pluvieuse
Centre (Ouaga),2017,19,-0.6106116505044415,0.13885505539275966,1.1101725361785728,0,517,18,2017-05-08,5,Pluvieuse
Centre (Ouaga),2017,20,-0.6106116505044415,-0.8089564931144891,1.56152887617316,0,327,27,2017-05-15,5,Pluvieuse
Centre (Ouaga),2017,21,-0.6952399166407538,-1.1419713615089282,0.38105844849500664,0,288,22,2017-05-22,5,Pluvieuse
Centre (Ouaga),2017,22,0.5177652313130554,-0.040460642973476436,1.266411269253621,0,444,6,2017-05-29,5,Pluvieuse
Centre (Ouaga),2017,23,1.569976673607871,-0.5271746813961183,-0.7126126830303413,0,531,26,2017-06-05,6,Pluvieuse
Centre (Ouaga),2017,24,1.0283557703354729,-0.1685432846636452,-0.3480556391885595,0,520,15,2017-06-12,6,Pluvieuse
Centre (Ouaga),2017,25,0.6306029194948051,-0.5784077380721857,0.4157781669561293,0,353,5,2017-06-19,6,Pluvieuse
Centre (Ouaga),2017,26,1.2512102044944282,-0.4503250963820169,1.6309683130954054,0,2265,13,2017-06-26,6,Pluvieuse
Centre (Ouaga),2017,27,2.6362928269254056,0.5999525654773665,-0.6952528237997811,0,2097,14,2017-07-03,7,Pluvieuse
Centre (Ouaga),2017,28,0.8647411224719356,-0.8345730214525232,-0.40013521688024223,0,2368,24,2017-07-10,7,Pluvieuse
Centre (Ouaga),2017,29,1.4543180432215779,-1.295670531537131,-1.1639690230249309,0,1610,17,2017-07-17,7,Pluvieuse
Centre (Ouaga),2017,30,1.5643347891987835,-0.5271746813961183,1.5962485946342826,0,2283,12,2017-07-24,7,Pluvieuse
Centre (Ouaga),2017,31,0.1623265135405438,0.13885505539275966,0.8844943661812766,0,1678,6,2017-07-31,7,Pluvieuse
Centre (Ouaga),2017,32,2.2187933806529316,-1.270054003199097,-0.2959760614968767,0,2462,11,2017-08-07,8,Pluvieuse
Centre (Ouaga),2017,33,0.6700961103584174,0.08762199871669235,-1.285488037638859,0,2056,12,2017-08-14,8,Pluvieuse
Centre (Ouaga),2017,34,1.7194866104486894,-0.37347551136791546,-1.3896471930222245,0,2498,21,2017-08-21,8,Pluvieuse
Centre (Ouaga),2017,35,2.4726781790618686,0.08762199871669235,-0.261256343035754,0,1627,8,2017-08-28,8,Pluvieuse
Centre (Ouaga),2017,36,1.8153986454031767,0.6255690938154007,0.9539338031035219,0,2422,29,2017-09-04,9,Pluvieuse
Centre (Ouaga),2017,37,-0.08027451605021796,-0.8858060781285906,-1.0250901491804427,0,2327,29,2017-09-11,9,Pluvieuse
Centre (Ouaga),2017,38,1.8041148765850017,-0.4759416247200501,0.24217957465051843,0,2159,57,2017-09-18,9,Pluvieuse
Centre (Ouaga),2017,39,2.4557525258346065,0.3181707537589958,-1.5458859260972753,0,2593,86,2017-09-25,9,Pluvieuse
Centre (Ouaga),2017,40,1.4007201413352466,-0.42470856804398277,1.7351274684787708,0,2445,30,2017-10-02,10,Pluvieuse
Centre (Ouaga),2017,41,-0.638821072549879,-0.8089564931144891,0.5546570408006175,0,1859,89,2017-10-09,10,Pluvieuse
Centre (Ouaga),2017,42,-0.604969766095354,0.5999525654773665,0.20745985618939577,0,2403,48,2017-10-16,10,Pluvieuse
Centre (Ouaga),2017,43,-0.7008818010498412,0.3181707537589958,0.3289788708033239,0,2346,80,2017-10-23,10,Pluvieuse
Centre (Ouaga),2017,44,-0.5965069394817228,0.5999525654773665,-0.33069577995799937,0,1970,94,2017-10-30,10,Pluvieuse
Centre (Ouaga),2017,45,-0.6218954193226165,0.42063686711113135,0.5893767592617402,0,1726,67,2017-11-06,11,Sèche
Centre (Ouaga),2017,46,-0.6698514367998601,-1.0651217764948266,-0.1744570468829486,0,2460,46,2017-11-13,11,Sèche
Centre (Ouaga),2017,47,-0.7008818010498412,-0.5015581530580843,1.144892254639693,0,456,20,2017-11-20,11,Sèche
Centre (Ouaga),2017,48,-0.6472838991635101,-0.3990920397059496,-1.45908662994447,0,402,11,2017-11-27,11,Sèche
Centre (Ouaga),2017,49,-0.6529257835725977,0.08762199871669235,-0.1918169061135087,0,532,19,2017-12-04,12,Sèche
Centre (Ouaga),2017,50,-0.638821072549879,-1.3469035882131983,0.06858098234490759,0,549,14,2017-12-11,12,Sèche
Centre (Ouaga),2017,51,-0.6247163615271603,-0.42470856804398277,1.4920894392509145,0,550,10,2017-12-18,12,Sèche
Centre (Ouaga),2017,52,-0.7037027432543851,0.08762199871669235,-0.8514915568748319,0,332,10,2017-12-25,12,Sèche
Centre (Ouaga),2018,1,-0.5965069394817228,-0.1685432846636452,-0.0008584545773377481,0,338,6,2018-01-01,1,Sèche
Centre (Ouaga),2018,2,-0.6416420147544227,-0.19415981300167934,-0.12237746919126584,0,351,24,2018-01-08,1,Sèche
Centre (Ouaga),2018,3,-0.5908650550726353,-1.2444374748610627,0.06858098234490759,0,395,14,2018-01-15,1,Sèche
Centre (Ouaga),2018,4,-0.6218954193226165,-0.8345730214525232,-1.2507683191777363,0,343,28,2018-01-22,1,Sèche
Centre (Ouaga),2018,5,-0.6106116505044415,-0.296625926353814,-1.4417267707139074,0,471,10,2018-01-29,1,Sèche
Centre (Ouaga),2018,6,-0.69241897443621,-0.4759416247200501,0.346338730033884,0,531,12,2018-02-05,2,Sèche
Centre (Ouaga),2018,7,-0.69241897443621,-0.4503250963820169,0.762975351567351,0,409,17,2018-02-12,2,Sèche
Centre (Ouaga),2018,8,-0.6726723790044038,-0.962655663142692,0.346338730033884,0,381,28,2018-02-19,2,Sèche
Centre (Ouaga),2018,9,-0.5880441128680916,-0.8601895497905564,1.56152887617316,0,446,5,2018-02-26,2,Sèche
Centre (Ouaga),2018,10,-0.6501048413680539,2.623658304182035,0.016501404653222352,0,459,28,2018-03-05,3,Sèche
Centre (Ouaga),2018,11,-0.604969766095354,0.9073509055337724,-1.667404940711201,0,276,11,2018-03-12,3,Sèche
Centre (Ouaga),2018,12,-0.5711184596408291,1.8039293973649537,0.7976950700284712,0,410,9,2018-03-19,3,Sèche
Centre (Ouaga),2018,13,-0.6416420147544227,1.7526963406888856,-0.2959760614968767,0,346,26,2018-03-26,3,Sèche
Centre (Ouaga),2018,14,-0.6895980322316664,1.214749245590178,-0.8167718384137093,0,330,7,2018-04-02,4,Sèche
Centre (Ouaga),2018,15,-0.6501048413680539,1.496531057308548,-1.3722873337916646,0,275,23,2018-04-09,4,Sèche
Centre (Ouaga),2018,16,-0.6698514367998601,1.8039293973649537,-0.4174950761108048,0,413,25,2018-04-16,4,Sèche
Centre (Ouaga),2018,17,-0.7093446276634725,2.4187260774777637,0.5546570408006175,0,378,10,2018-04-23,4,Sèche
Centre (Ouaga),2018,18,-0.6190744771180727,2.495575662491866,-1.1466091637943685,0,392,18,2018-04-30,4,Sèche
Centre (Ouaga),2018,19,-0.7065236854589287,-0.142926756325612,1.07545281771745,0,489,29,2018-05-07,5,Pluvieuse
Centre (Ouaga),2018,20,-0.6501048413680539,0.06200547037865822,-0.747332401491464,0,411,9,2018-05-14,5,Pluvieuse
Centre (Ouaga),2018,21,-0.604969766095354,-1.1419713615089282,-1.1986887414860536,0,432,17,2018-05-21,5,Pluvieuse
Centre (Ouaga),2018,22,0.17078934015417507,-1.3212870598751643,-1.3722873337916646,0,357,28,2018-05-28,5,Pluvieuse
Centre (Ouaga),2018,23,1.569976673607871,-1.270054003199097,0.7456154923367885,0,467,24,2018-06-04,6,Pluvieuse
Centre (Ouaga),2018,24,-0.13951430234563658,-0.3222424546918481,1.1796119731008157,0,388,15,2018-06-11,6,Pluvieuse
Centre (Ouaga),2018,25,0.11154955385875653,-1.0907383048328607,1.4920894392509145,0,532,27,2018-06-18,6,Pluvieuse
Centre (Ouaga),2018,26,2.599620578266337,-0.8089564931144891,-1.6847647999417636,0,2052,9,2018-06-25,6,Pluvieuse
Centre (Ouaga),2018,27,1.2850615109489532,-1.0907383048328607,-0.018218313807897846,0,1831,10,2018-07-02,7,Pluvieuse
Centre (Ouaga),2018,28,0.3513296412449746,0.6511856221534348,1.6656880315565255,0,2061,24,2018-07-09,7,Pluvieuse
Centre (Ouaga),2018,29,0.21592441542687488,0.3694038104350631,-1.5806056445583956,0,2632,26,2018-07-16,7,Pluvieuse
Centre (Ouaga),2018,30,1.437392389994315,0.4974864521252319,1.1275323954091327,0,2566,23,2018-07-23,7,Pluvieuse
Centre (Ouaga),2018,31,0.5629003065857553,-0.34785898302988133,-1.6500450814806409,0,1601,16,2018-07-30,7,Pluvieuse
Centre (Ouaga),2018,32,1.6489630553350958,0.4974864521252319,-1.45908662994447,0,2191,21,2018-08-06,8,Pluvieuse
Centre (Ouaga),2018,33,1.9818342354712577,0.4718699237871978,0.8150549292590338,0,1965,10,2018-08-13,8,Pluvieuse
Centre (Ouaga),2018,34,1.767442627925933,-0.19415981300167934,1.6136084538648428,0,2248,16,2018-08-20,8,Pluvieuse
Centre (Ouaga),2018,35,1.7759054545395643,0.6255690938154007,-1.7021246591723236,0,1733,6,2018-08-27,8,Pluvieuse
Centre (Ouaga),2018,36,0.2441338374723123,0.3181707537589958,-1.3722873337916646,0,2275,12,2018-09-03,9,Pluvieuse
Centre (Ouaga),2018,37,2.5798739828345307,0.5743360371393342,1.6483281723259653,0,2505,11,2018-09-10,9,Pluvieuse
Centre (Ouaga),2018,38,1.56151384699424,0.3437872820970299,1.196971832331378,0,2672,95,2018-09-17,9,Pluvieuse
Centre (Ouaga),2018,39,1.1919704181990098,-0.7321069081003877,1.2316915507924984,0,1977,77,2018-09-24,9,Pluvieuse
Centre (Ouaga),2018,40,0.4528835606085494,0.03638894204062502,-0.13973732842182593,0,2438,57,2018-10-01,10,Pluvieuse
Centre (Ouaga),2018,41,-0.6416420147544227,-0.6808738514243203,0.9712936623340821,0,2615,41,2018-10-08,10,Pluvieuse
Centre (Ouaga),2018,42,-0.5795812862544604,-1.3212870598751643,-1.0771697268721256,0,1679,77,2018-10-15,10,Pluvieuse
Centre (Ouaga),2018,43,-0.6134325927089853,-0.014844114635443224,-1.7021246591723236,0,1707,74,2018-10-22,10,Pluvieuse
Centre (Ouaga),2018,44,-0.6021488238908103,0.5487195088013002,-0.3133359207274368,0,2132,90,2018-10-29,10,Pluvieuse
Centre (Ouaga),2018,45,-0.604969766095354,0.5999525654773665,-1.2681281784082965,0,2570,69,2018-11-05,11,Sèche
Centre (Ouaga),2018,46,-0.6585676679816851,-1.270054003199097,-1.354927474561102,0,2235,33,2018-11-12,11,Sèche
Centre (Ouaga),2018,47,-0.5711184596408291,0.3181707537589958,-0.20917676534407126,0,447,7,2018-11-19,11,Sèche
Centre (Ouaga),2018,48,-0.7037027432543851,-0.2710093980157808,-1.7194845184028862,0,389,23,2018-11-26,11,Sèche
Centre (Ouaga),2018,49,-0.6529257835725977,0.5743360371393342,-0.03557817303846041,0,527,18,2018-12-03,12,Sèche
Centre (Ouaga),2018,50,-0.6218954193226165,-0.142926756325612,-1.0945295861026856,0,464,19,2018-12-10,12,Sèche
Centre (Ouaga),2018,51,-0.5795812862544604,-0.1685432846636452,-0.7299725422609038,0,354,5,2018-12-17,12,Sèche
Centre (Ouaga),2018,52,-0.6134325927089853,-1.3212870598751643,0.4157781669561293,0,285,28,2018-12-24,12,Sèche
Centre (Ouaga),2019,1,-0.5824022284590041,-0.06607717131151056,-0.9382908530276374,0,522,17,2019-01-07,1,Sèche
Centre (Ouaga),2019,2,-0.6754933212089477,-0.629640794748253,1.196971832331378,0,313,15,2019-01-14,1,Sèche
Centre (Ouaga),2019,3,-0.6754933212089477,-0.3990920397059496,-0.9035711345665147,0,342,22,2019-01-21,1,Sèche
Centre (Ouaga),2019,4,-0.6952399166407538,0.03638894204062502,1.4226500023286717,0,275,25,2019-01-28,1,Sèche
Centre (Ouaga),2019,5,-0.638821072549879,-0.296625926353814,0.9192140846423993,0,363,18,2019-02-04,2,Sèche
Centre (Ouaga),2019,6,-0.6557467257771414,-1.1675878898469623,1.144892254639693,0,378,28,2019-02-11,2,Sèche
Centre (Ouaga),2019,7,-0.6980608588452976,-1.0138887198187594,-0.9556507122581974,0,442,29,2019-02-18,2,Sèche
Centre (Ouaga),2019,8,-0.5965069394817228,-0.3222424546918481,-1.6153253630195181,0,487,24,2019-02-25,2,Sèche
Centre (Ouaga),2019,9,-0.5908650550726353,-1.1675878898469623,-1.6500450814806409,0,511,7,2019-03-04,3,Sèche
Centre (Ouaga),2019,10,-0.6867770900271225,1.983245095731191,1.144892254639693,0,388,9,2019-03-11,3,Sèche
Centre (Ouaga),2019,11,-0.638821072549879,1.2659823022662446,-0.261256343035754,0,282,16,2019-03-18,3,Sèche
Centre (Ouaga),2019,12,-0.6726723790044038,2.2906434357875947,-0.3133359207274368,0,402,28,2019-03-25,3,Sèche
Centre (Ouaga),2019,13,-0.6472838991635101,1.855162454041022,-0.5390140907247304,0,351,12,2019-04-01,4,Sèche
Centre (Ouaga),2019,14,-0.616253534913529,1.9063955107170885,-1.1986887414860536,0,361,11,2019-04-08,4,Sèche
Centre (Ouaga),2019,15,-0.6726723790044038,1.4709145289705157,1.3011309877147437,0,517,9,2019-04-15,4,Sèche
Centre (Ouaga),2019,16,-0.6218954193226165,1.5477641139846163,-1.5806056445583956,0,525,22,2019-04-22,4,Sèche
Centre (Ouaga),2019,17,-0.6811352056180351,0.984200490547873,-0.48693451303304763,0,270,9,2019-04-29,4,Sèche
Centre (Ouaga),2019,18,-0.627537303731704,2.3931095491397296,-1.6326852222500807,0,417,24,2019-05-06,5,Pluvieuse
Centre (Ouaga),2019,19,-0.6106116505044415,-1.2444374748610627,0.1900999969588332,0,311,10,2019-05-13,5,Pluvieuse
Centre (Ouaga),2019,20,-0.6472838991635101,0.24132116874489434,-0.6431732461080985,0,356,18,2019-05-20,5,Pluvieuse
Centre (Ouaga),2019,21,-0.6754933212089477,-0.5015581530580843,1.4573697207897944,0,326,24,2019-05-27,5,Pluvieuse
Centre (Ouaga),2019,22,2.3457357798574003,-0.629640794748253,-1.354927474561102,0,298,11,2019-06-03,6,Pluvieuse
Centre (Ouaga),2019,23,0.15386368692691266,0.3694038104350631,0.5199373223394949,0,358,28,2019-06-10,6,Pluvieuse
Centre (Ouaga),2019,24,0.9126971399491792,-0.5784077380721857,-0.3133359207274368,0,443,17,2019-06-17,6,Pluvieuse
Centre (Ouaga),2019,25,1.4204667367670527,-1.295670531537131,0.7976950700284712,0,461,14,2019-06-24,6,Pluvieuse
Centre (Ouaga),2019,26,0.3513296412449746,0.11323852705472555,-0.4174950761108048,0,2197,6,2019-07-01,7,Pluvieuse
Centre (Ouaga),2019,27,2.122881345698445,0.4974864521252319,0.38105844849500664,0,2435,14,2019-07-08,7,Pluvieuse
Centre (Ouaga),2019,28,1.4966321762897339,-0.34785898302988133,1.5962485946342826,0,1563,20,2019-07-15,7,Pluvieuse
Centre (Ouaga),2019,29,0.1510427447223689,-1.3212870598751643,0.4157781669561293,0,1620,24,2019-07-22,7,Pluvieuse
Centre (Ouaga),2019,30,1.6433211709260087,-0.5015581530580843,-1.5458859260972753,0,2522,12,2019-07-29,7,Pluvieuse
Centre (Ouaga),2019,31,2.4077965083573627,0.42063686711113135,-0.8862112753359521,0,2321,18,2019-08-05,8,Pluvieuse
Centre (Ouaga),2019,32,1.866175605084964,-0.7064903797623544,1.7351274684787708,0,1656,9,2019-08-12,8,Pluvieuse
Centre (Ouaga),2019,33,-0.08309545825476174,0.5487195088013002,-1.667404940711201,0,2236,23,2019-08-19,8,Pluvieuse
Centre (Ouaga),2019,34,2.4360059304028,-0.6808738514243203,-1.059809867641563,0,2457,16,2019-08-26,8,Pluvieuse
Centre (Ouaga),2019,35,2.0354321373575885,-0.11731022798757788,-0.9903704307193201,0,2445,22,2019-09-02,9,Pluvieuse
Centre (Ouaga),2019,36,0.21874535763141867,-1.3212870598751643,1.2316915507924984,0,2222,25,2019-09-09,9,Pluvieuse
Centre (Ouaga),2019,37,0.04384694094970666,-0.9882721914807252,0.5720169000311776,0,1735,29,2019-09-16,9,Pluvieuse
Centre (Ouaga),2019,38,0.9239809087673543,0.08762199871669235,-1.7194845184028862,0,1858,79,2019-09-23,9,Pluvieuse
Centre (Ouaga),2019,39,1.5050950029033652,-1.270054003199097,1.3532105654064264,0,1872,64,2019-09-30,9,Pluvieuse
Centre (Ouaga),2019,40,0.28644797054046844,-1.0395052481567935,-0.1744570468829486,0,2187,66,2019-10-07,10,Pluvieuse
Centre (Ouaga),2019,41,-0.661388610186229,-0.5015581530580843,-1.285488037638859,0,2111,68,2019-10-14,10,Pluvieuse
Centre (Ouaga),2019,42,-0.6642095523907726,-0.6040242664102189,-1.059809867641563,0,2116,53,2019-10-21,10,Pluvieuse
Centre (Ouaga),2019,43,-0.5908650550726353,-0.21977634133971255,1.7177676092482108,0,2473,87,2019-10-28,10,Pluvieuse
Centre (Ouaga),2019,44,-0.6077907082998978,-0.7064903797623544,0.9018542254118392,0,1696,69,2019-11-04,11,Sèche
Centre (Ouaga),2019,45,-0.5936859972771792,-1.0138887198187594,0.5199373223394949,0,2266,35,2019-11-11,11,Sèche
Centre (Ouaga),2019,46,-0.6444629569589664,-0.42470856804398277,0.15538027849771302,0,1723,84,2019-11-18,11,Sèche
Centre (Ouaga),2019,47,-0.6557467257771414,-0.937039134804658,-0.05293803226902051,0,493,17,2019-11-25,11,Sèche
Centre (Ouaga),2019,48,-0.6303582459362477,-0.09169369964954377,0.1727401377282731,0,392,8,2019-12-02,12,Sèche
Centre (Ouaga),2019,49,-0.6247163615271603,0.523102980463266,-0.8167718384137093,0,459,10,2019-12-09,12,Sèche
Centre (Ouaga),2019,50,-0.5880441128680916,-0.6552573230862871,-1.5285260668667129,0,426,23,2019-12-16,12,Sèche
Centre (Ouaga),2019,51,-0.6529257835725977,0.06200547037865822,-1.47644648917503,0,516,8,2019-12-23,12,Sèche
Centre (Ouaga),2019,52,-0.5711184596408291,0.24132116874489434,1.3184908469453038,0,470,5,2019-12-30,12,Sèche
Centre (Ouaga),2020,1,-0.5739394018453728,-0.8345730214525232,-0.8688514161053921,0,441,24,2020-01-06,1,Sèche
Centre (Ouaga),2020,2,-0.5880441128680916,0.5487195088013002,0.8150549292590338,0,313,24,2020-01-13,1,Sèche
Centre (Ouaga),2020,3,-0.5682975174362854,-1.295670531537131,0.6761760554145456,0,351,21,2020-01-20,1,Sèche
Centre (Ouaga),2020,4,-0.69241897443621,0.3181707537589958,-0.8514915568748319,0,462,11,2020-01-27,1,Sèche
Centre (Ouaga),2020,5,-0.5739394018453728,-1.0907383048328607,-0.747332401491464,0,434,17,2020-02-03,2,Sèche
Centre (Ouaga),2020,6,-0.6529257835725977,0.6255690938154007,0.08594084157546768,0,365,15,2020-02-10,2,Sèche
Centre (Ouaga),2020,7,-0.6331791881407914,-0.5527912097341515,0.36369858926444404,0,433,12,2020-02-17,2,Sèche
Centre (Ouaga),2020,8,-0.7065236854589287,-0.3222424546918481,-0.48693451303304763,0,285,17,2020-02-24,2,Sèche
Centre (Ouaga),2020,9,-0.5795812862544604,0.010772413702590895,1.1101725361785728,0,481,28,2020-03-02,3,Sèche
Centre (Ouaga),2020,10,-0.6754933212089477,1.8807789823790544,-1.4417267707139074,0,437,19,2020-03-09,3,Sèche
Centre (Ouaga),2020,11,-0.6106116505044415,1.6502302273367508,-0.5910936684164156,0,270,17,2020-03-16,3,Sèche
Centre (Ouaga),2020,12,-0.6501048413680539,1.3428318872803469,0.48521760387837215,0,418,25,2020-03-23,3,Sèche
Centre (Ouaga),2020,13,-0.6839561478225789,0.9073509055337724,0.033861263883784916,0,276,22,2020-03-30,3,Sèche
Centre (Ouaga),2020,14,-0.5993278816862666,1.4452980006324816,0.6761760554145456,0,495,17,2020-04-06,4,Sèche
Centre (Ouaga),2020,15,-0.5965069394817228,2.1113277374213597,-0.1918169061135087,0,388,9,2020-04-13,4,Sèche
Centre (Ouaga),2020,16,-0.6303582459362477,2.4187260774777637,0.6935359146451057,0,341,26,2020-04-20,4,Sèche
Centre (Ouaga),2020,17,-0.5795812862544604,1.2403657739282106,1.5094492984814771,0,396,6,2020-04-27,4,Sèche
Centre (Ouaga),2020,18,-0.616253534913529,1.6502302273367508,-0.0008584545773377481,0,307,11,2020-05-04,5,Pluvieuse
Centre (Ouaga),2020,19,-0.661388610186229,-0.21977634133971255,-0.05293803226902051,0,466,18,2020-05-11,5,Pluvieuse
Centre (Ouaga),2020,20,-0.5824022284590041,-0.09169369964954377,-0.9209309937970748,0,293,8,2020-05-18,5,Pluvieuse
Centre (Ouaga),2020,21,-0.6895980322316664,-1.0138887198187594,-0.5216542314941703,0,306,13,2020-05-25,5,Pluvieuse
Centre (Ouaga),2020,22,2.5883368094481622,0.010772413702590895,0.5199373223394949,0,412,21,2020-06-01,6,Pluvieuse
Centre (Ouaga),2020,23,1.832324298630439,0.3950203387730972,-0.452214794571925,0,383,5,2020-06-08,6,Pluvieuse
Centre (Ouaga),2020,24,0.5346908845403179,-0.142926756325612,1.1275323954091327,0,438,26,2020-06-15,6,Pluvieuse
Centre (Ouaga),2020,25,-0.06616980502749925,-1.3212870598751643,0.22481971541995588,0,455,11,2020-06-22,6,Pluvieuse
Centre (Ouaga),2020,26,2.5065294855163938,-0.3990920397059496,0.8324147884895938,0,1642,19,2020-06-29,6,Pluvieuse
Centre (Ouaga),2020,27,2.0467159061757636,0.3181707537589958,-0.4174950761108048,0,1859,29,2020-07-06,7,Pluvieuse
Centre (Ouaga),2020,28,0.5854678442221052,0.2925542254209626,0.5372971815700549,0,2511,27,2020-07-13,7,Pluvieuse
Centre (Ouaga),2020,29,2.402154623948275,-0.5015581530580843,1.1622521138702555,0,2316,28,2020-07-20,7,Pluvieuse
Centre (Ouaga),2020,30,0.024100345517900485,-0.7064903797623544,0.12066056003659034,0,2385,13,2020-07-27,7,Pluvieuse
Centre (Ouaga),2020,31,1.1045212098581536,0.6255690938154007,-1.5806056445583956,0,1653,11,2020-08-03,8,Pluvieuse
Centre (Ouaga),2020,32,1.4966321762897339,-1.3725201165512315,-0.2786162022663141,0,1795,9,2020-08-10,8,Pluvieuse
Centre (Ouaga),2020,33,2.6278300003117745,0.523102980463266,0.39841830772556674,0,1757,19,2020-08-17,8,Pluvieuse
Centre (Ouaga),2020,34,1.0311767125400164,0.1644715837307938,-0.556373949955293,0,2149,8,2020-08-24,8,Pluvieuse
Centre (Ouaga),2020,35,1.7166656682441457,-0.296625926353814,-0.24389648380519394,0,1973,14,2020-08-31,8,Pluvieuse
Centre (Ouaga),2020,36,0.9606531574264229,0.42063686711113135,1.5094492984814771,0,1984,16,2020-09-07,9,Pluvieuse
Centre (Ouaga),2020,37,1.49381123408519,-1.3469035882131983,-1.285488037638859,0,2051,13,2020-09-14,9,Pluvieuse
Centre (Ouaga),2020,38,2.5403807919709185,-0.783339964776456,0.762975351567351,0,1752,353,2020-09-21,9,Pluvieuse
Centre (Ouaga),2020,39,0.6390657461084363,0.42063686711113135,-1.1466091637943685,0,2444,182,2020-09-28,9,Pluvieuse
Centre (Ouaga),2020,40,1.0904164988354348,-0.629640794748253,0.9365739438729619,0,2378,393,2020-10-05,10,Pluvieuse
Centre (Ouaga),2020,41,-0.6529257835725977,-0.5784077380721857,0.4504978854172495,0,2407,239,2020-10-12,10,Pluvieuse
Centre (Ouaga),2020,42,-0.5993278816862666,-0.3222424546918481,0.6067366184923002,0,1674,215,2020-10-19,10,Pluvieuse
Centre (Ouaga),2020,43,-0.6952399166407538,-0.8601895497905564,0.1727401377282731,0,2437,149,2020-10-26,10,Pluvieuse
Centre (Ouaga),2020,44,-0.627537303731704,-0.040460642973476436,1.3532105654064264,0,2105,336,2020-11-02,11,Sèche
Centre (Ouaga),2020,45,-0.6416420147544227,0.11323852705472555,0.9018542254118392,0,2196,214,2020-11-09,11,Sèche
Centre (Ouaga),2020,46,-0.6472838991635101,-0.2710093980157808,1.1101725361785728,0,1948,168,2020-11-16,11,Sèche
Centre (Ouaga),2020,47,-0.5824022284590041,-0.7321069081003877,1.56152887617316,0,509,14,2020-11-23,11,Sèche
Centre (Ouaga),2020,48,-0.6670304945953164,0.5999525654773665,1.1275323954091327,0,478,29,2020-11-30,11,Sèche
Centre (Ouaga),2020,49,-0.6670304945953164,-0.19415981300167934,-1.6153253630195181,0,496,11,2020-12-07,12,Sèche
Centre (Ouaga),2020,50,-0.6726723790044038,0.010772413702590895,-1.3375676153305418,0,370,13,2020-12-14,12,Sèche
Centre (Ouaga),2020,51,-0.5993278816862666,-0.8601895497905564,1.196971832331378,0,435,18,2020-12-21,12,Sèche
Centre (Ouaga),2020,52,-0.6895980322316664,-0.9114226064666247,-0.3827753576496821,0,336,29,2020-12-28,12,Sèche
Centre (Ouaga),2021,1,-0.6106116505044415,0.1644715837307938,-0.46957465380248753,0,488,23,2021-01-04,1,Sèche
Centre (Ouaga),2021,2,-0.7008818010498412,0.13885505539275966,-0.5216542314941703,0,358,21,2021-01-11,1,Sèche
Centre (Ouaga),2021,3,-0.6021488238908103,-1.0907383048328607,-0.1918169061135087,0,275,24,2021-01-18,1,Sèche
Centre (Ouaga),2021,4,-0.6557467257771414,-0.6552573230862871,0.5372971815700549,0,390,19,2021-01-25,1,Sèche
Centre (Ouaga),2021,5,-0.6021488238908103,-0.6552573230862871,0.27689929311163863,0,273,13,2021-02-01,2,Sèche
Centre (Ouaga),2021,6,-0.6218954193226165,0.3950203387730972,-1.5632457853278354,0,465,17,2021-02-08,2,Sèche
Centre (Ouaga),2021,7,-0.6360001303453352,0.3950203387730972,1.0060133807952047,0,280,16,2021-02-15,2,Sèche
Centre (Ouaga),2021,8,-0.638821072549879,0.523102980463266,0.6067366184923002,0,480,29,2021-02-22,2,Sèche
Centre (Ouaga),2021,9,-0.6839561478225789,-1.270054003199097,1.3184908469453038,0,252,18,2021-03-01,3,Sèche
Centre (Ouaga),2021,10,-0.5824022284590041,1.7783128690269197,1.3011309877147437,0,501,21,2021-03-08,3,Sèche
Centre (Ouaga),2021,11,-0.6726723790044038,1.7526963406888856,0.5893767592617402,0,367,22,2021-03-15,3,Sèche
Centre (Ouaga),2021,12,-0.5739394018453728,0.9073509055337724,-0.0008584545773377481,0,260,24,2021-03-22,3,Sèche
Centre (Ouaga),2021,13,-0.6331791881407914,1.4196814722944475,-0.8862112753359521,0,282,6,2021-03-29,3,Sèche
Centre (Ouaga),2021,14,-0.6952399166407538,1.9320120390551225,0.6067366184923002,0,292,9,2021-04-05,4,Sèche
Centre (Ouaga),2021,15,-0.5824022284590041,0.9585839622098405,0.06858098234490759,0,262,5,2021-04-12,4,Sèche
Centre (Ouaga),2021,16,-0.5795812862544604,0.9329674338718065,-0.03557817303846041,0,388,18,2021-04-19,4,Sèche
Centre (Ouaga),2021,17,-0.6472838991635101,2.0857112090833256,0.15538027849771302,0,487,6,2021-04-26,4,Sèche
Centre (Ouaga),2021,18,-0.6472838991635101,1.2403657739282106,-0.8514915568748319,0,416,7,2021-05-03,5,Pluvieuse
Centre (Ouaga),2021,19,-0.6529257835725977,0.6511856221534348,1.1796119731008157,0,494,11,2021-05-10,5,Pluvieuse
Centre (Ouaga),2021,20,-0.5795812862544604,0.03638894204062502,-1.0250901491804427,0,483,17,2021-05-17,5,Pluvieuse
Centre (Ouaga),2021,21,-0.627537303731704,-1.0138887198187594,-1.6847647999417636,0,261,15,2021-05-24,5,Pluvieuse
Centre (Ouaga),2021,22,1.2681358577216906,0.3694038104350631,1.7351274684787708,0,308,11,2021-05-31,5,Pluvieuse
Centre (Ouaga),2021,23,2.424722161584625,-0.06607717131151056,0.5546570408006175,0,386,24,2021-06-07,6,Pluvieuse
Centre (Ouaga),2021,24,0.4613463872221805,-0.21977634133971255,-1.1986887414860536,0,440,18,2021-06-14,6,Pluvieuse
Centre (Ouaga),2021,25,0.4698092138358117,-1.1675878898469623,-1.2507683191777363,0,291,26,2021-06-21,6,Pluvieuse
Centre (Ouaga),2021,26,1.1750447649717473,-0.7064903797623544,-0.6952528237997811,0,2262,5,2021-06-28,6,Pluvieuse
Centre (Ouaga),2021,27,0.39646471651767456,-1.270054003199097,1.4747295800203546,0,2055,27,2021-07-05,7,Pluvieuse
Centre (Ouaga),2021,28,0.25541760629048743,-0.8858060781285906,-1.5458859260972753,0,2180,15,2021-07-12,7,Pluvieuse
Centre (Ouaga),2021,29,0.7885756829492547,-1.2444374748610627,-0.05293803226902051,0,2423,25,2021-07-19,7,Pluvieuse
Centre (Ouaga),2021,30,0.1651474557450876,-1.1419713615089282,-1.3028478968694193,0,1654,23,2021-07-26,7,Pluvieuse
Centre (Ouaga),2021,31,0.3033736237677309,0.010772413702590895,-0.03557817303846041,0,1771,24,2021-08-02,8,Pluvieuse
Centre (Ouaga),2021,32,0.1510427447223689,0.21570464040686113,-0.6778929645692211,0,1936,13,2021-08-09,8,Pluvieuse
Centre (Ouaga),2021,33,0.4951976936767055,-1.1932044181849955,-0.8862112753359521,0,2329,13,2021-08-16,8,Pluvieuse
Centre (Ouaga),2021,34,0.45852544501763676,-1.3212870598751643,-1.6847647999417636,0,1764,22,2021-08-23,8,Pluvieuse
Centre (Ouaga),2021,35,1.6884562461987083,-0.629640794748253,-1.2334084599471737,0,1623,8,2021-08-30,8,Pluvieuse
Centre (Ouaga),2021,36,1.4458552166079466,0.010772413702590895,-1.285488037638859,0,2169,29,2021-09-06,9,Pluvieuse
Centre (Ouaga),2021,37,0.024100345517900485,-0.040460642973476436,1.0060133807952047,0,1812,11,2021-09-13,9,Pluvieuse
Centre (Ouaga),2021,38,-0.0012881343229931561,-1.1675878898469623,1.6656880315565255,0,2436,178,2021-09-20,9,Pluvieuse
Centre (Ouaga),2021,39,1.0565651923809103,-1.116354833170894,1.196971832331378,0,1515,216,2021-09-27,9,Pluvieuse
Centre (Ouaga),2021,40,1.3048081063807595,-0.5527912097341515,-1.7194845184028862,0,2011,331,2021-10-04,10,Pluvieuse
Centre (Ouaga),2021,41,-0.6021488238908103,-0.6552573230862871,1.3879302838675491,0,2268,205,2021-10-11,10,Pluvieuse
Centre (Ouaga),2021,42,-0.6134325927089853,-0.937039134804658,-1.4243669114833473,0,1671,368,2021-10-18,10,Pluvieuse
Centre (Ouaga),2021,43,-0.6360001303453352,-0.5015581530580843,0.762975351567351,0,1805,315,2021-10-25,10,Pluvieuse
Centre (Ouaga),2021,44,-0.6783142634134913,-0.3222424546918481,1.683047890787088,0,2015,142,2021-11-01,11,Sèche
Centre (Ouaga),2021,45,-0.6247163615271603,-0.5527912097341515,-1.47644648917503,0,2353,177,2021-11-08,11,Sèche
Centre (Ouaga),2021,46,-0.7037027432543851,-0.9882721914807252,-0.3480556391885595,0,1945,309,2021-11-15,11,Sèche
Centre (Ouaga),2021,47,-0.6670304945953164,-0.2710093980157808,0.8671345069507166,0,271,6,2021-11-22,11,Sèche
Centre (Ouaga),2021,48,-0.6247163615271603,0.11323852705472555,0.3289788708033239,0,371,6,2021-11-29,11,Sèche
Centre (Ouaga),2021,49,-0.6698514367998601,0.4718699237871978,1.144892254639693,0,403,6,2021-12-06,12,Sèche
Centre (Ouaga),2021,50,-0.638821072549879,-0.629640794748253,-0.9903704307193201,0,350,9,2021-12-13,12,Sèche
Centre (Ouaga),2021,51,-0.69241897443621,0.2925542254209626,-1.1292493045638083,0,261,11,2021-12-20,12,Sèche
Centre (Ouaga),2021,52,-0.6557467257771414,-1.295670531537131,1.4400098615592318,0,457,17,2021-12-27,12,Sèche
Centre (Ouaga),2022,1,-0.6247163615271603,-0.8345730214525232,1.0060133807952047,0,260,23,2022-01-03,1,Sèche
Centre (Ouaga),2022,2,-0.7008818010498412,-0.4503250963820169,1.4573697207897944,0,491,18,2022-01-10,1,Sèche
Centre (Ouaga),2022,3,-0.5880441128680916,0.06200547037865822,-0.20917676534407126,0,331,8,2022-01-17,1,Sèche
Centre (Ouaga),2022,4,-0.6247163615271603,-0.937039134804658,-0.556373949955293,0,380,5,2022-01-24,1,Sèche
Centre (Ouaga),2022,5,-0.6021488238908103,0.010772413702590895,-1.5806056445583956,0,367,26,2022-01-31,1,Sèche
Centre (Ouaga),2022,6,-0.6218954193226165,0.4462533954491655,1.3532105654064264,0,393,29,2022-02-07,2,Sèche
Centre (Ouaga),2022,7,-0.6218954193226165,-0.6808738514243203,-1.6847647999417636,0,262,15,2022-02-14,2,Sèche
Centre (Ouaga),2022,8,-0.6754933212089477,-1.2444374748610627,-1.6500450814806409,0,450,6,2022-02-21,2,Sèche
Centre (Ouaga),2022,9,-0.6303582459362477,0.4974864521252319,1.5268091577120373,0,446,19,2022-02-28,2,Sèche
Centre (Ouaga),2022,10,-0.5739394018453728,1.5989971706606845,-0.8688514161053921,0,331,21,2022-03-07,3,Sèche
Centre (Ouaga),2022,11,-0.5795812862544604,1.2915988306042787,-1.285488037638859,0,476,13,2022-03-14,3,Sèche
Centre (Ouaga),2022,12,-0.69241897443621,2.469959134153832,0.346338730033884,0,370,9,2022-03-21,3,Sèche
Centre (Ouaga),2022,13,-0.6190744771180727,1.4709145289705157,0.9886535215646446,0,256,5,2022-03-28,3,Sèche
Centre (Ouaga),2022,14,-0.6783142634134913,1.16351618891411,0.6067366184923002,0,317,27,2022-04-04,4,Sèche
Centre (Ouaga),2022,15,-0.6190744771180727,2.5980417758440004,0.1727401377282731,0,469,25,2022-04-11,4,Sèche
Centre (Ouaga),2022,16,-0.5795812862544604,2.034478152407257,-1.45908662994447,0,465,7,2022-04-18,4,Sèche
Centre (Ouaga),2022,17,-0.5965069394817228,1.9320120390551225,-0.6952528237997811,0,270,16,2022-04-25,4,Sèche
Centre (Ouaga),2022,18,-0.638821072549879,1.9576285673931568,-0.3654154984191196,0,418,23,2022-05-02,5,Pluvieuse
Centre (Ouaga),2022,19,-0.6416420147544227,-0.2710093980157808,0.1900999969588332,0,450,11,2022-05-09,5,Pluvieuse
Centre (Ouaga),2022,20,-0.6472838991635101,-0.7577234364384218,-1.5111662076361527,0,253,13,2022-05-16,5,Pluvieuse
Centre (Ouaga),2022,21,-0.5880441128680916,-1.0907383048328607,-0.07029789149958307,0,264,23,2022-05-23,5,Pluvieuse
Centre (Ouaga),2022,22,0.08051918960877533,-0.8601895497905564,0.033861263883784916,0,444,7,2022-05-30,5,Pluvieuse
Centre (Ouaga),2022,23,-0.06899074723204303,-0.6808738514243203,-1.3722873337916646,0,281,8,2022-06-06,6,Pluvieuse
Centre (Ouaga),2022,24,0.11437049606330021,-1.2188209465230295,1.266411269253621,0,352,7,2022-06-13,6,Pluvieuse
Centre (Ouaga),2022,25,1.3894363725170717,-0.8345730214525232,0.016501404653222352,0,333,6,2022-06-20,6,Pluvieuse
Centre (Ouaga),2022,26,0.8534573536537606,0.03638894204062502,1.5962485946342826,0,1799,29,2022-06-27,6,Pluvieuse
Centre (Ouaga),2022,27,1.888743142721314,-0.24539286967774668,-0.5216542314941703,0,1608,6,2022-07-04,7,Pluvieuse
Centre (Ouaga),2022,28,0.47827204044944305,0.3437872820970299,-1.285488037638859,0,2048,24,2022-07-11,7,Pluvieuse
Centre (Ouaga),2022,29,0.424674138563112,-0.8858060781285906,0.4504978854172495,0,2402,28,2022-07-18,7,Pluvieuse
Centre (Ouaga),2022,30,0.971936926244598,-0.8601895497905564,-0.9382908530276374,0,1706,10,2022-07-25,7,Pluvieuse
Centre (Ouaga),2022,31,0.47545109824489923,-0.24539286967774668,-1.5806056445583956,0,1787,14,2022-08-01,8,Pluvieuse
Centre (Ouaga),2022,32,0.9973254060854915,0.24132116874489434,-0.40013521688024223,0,1495,15,2022-08-08,8,Pluvieuse
Centre (Ouaga),2022,33,2.461394410243694,-0.5784077380721857,1.1275323954091327,0,2356,26,2022-08-15,8,Pluvieuse
Centre (Ouaga),2022,34,2.0467159061757636,-1.1675878898469623,-1.0771697268721256,0,2134,26,2022-08-22,8,Pluvieuse
Centre (Ouaga),2022,35,2.5826949250390747,0.010772413702590895,-0.2786162022663141,0,2033,7,2022-08-29,8,Pluvieuse
Centre (Ouaga),2022,36,1.7928311077668269,-0.7577234364384218,0.27689929311163863,0,2145,12,2022-09-05,9,Pluvieuse
Centre (Ouaga),2022,37,1.58408138463059,-0.8601895497905564,1.0407330992563273,0,2031,22,2022-09-12,9,Pluvieuse
Centre (Ouaga),2022,38,1.6405002287214647,-0.5784077380721857,1.0060133807952047,0,1442,131,2022-09-19,9,Pluvieuse
Centre (Ouaga),2022,39,1.3584060082670903,0.42063686711113135,1.07545281771745,0,2193,373,2022-09-26,9,Pluvieuse
Centre (Ouaga),2022,40,2.1454488833347947,-0.296625926353814,-1.3375676153305418,0,1527,363,2022-10-03,10,Pluvieuse
Centre (Ouaga),2022,41,-0.7065236854589287,0.3694038104350631,-0.9035711345665147,0,2391,184,2022-10-10,10,Pluvieuse
Centre (Ouaga),2022,42,-0.6585676679816851,-0.6040242664102189,-1.5458859260972753,0,2194,170,2022-10-17,10,Pluvieuse
Centre (Ouaga),2022,43,-0.6077907082998978,-1.3725201165512315,0.5199373223394949,0,2392,346,2022-10-24,10,Pluvieuse
Centre (Ouaga),2022,44,-0.5993278816862666,0.24132116874489434,-1.6153253630195181,0,2236,329,2022-10-31,10,Pluvieuse
Centre (Ouaga),2022,45,-0.5965069394817228,0.6511856221534348,0.7108957738756658,0,2067,240,2022-11-07,11,Sèche
Centre (Ouaga),2022,46,-0.5965069394817228,-0.962655663142692,-0.5216542314941703,0,2386,357,2022-11-14,11,Sèche
Centre (Ouaga),2022,47,-0.5993278816862666,-0.8601895497905564,-0.48693451303304763,0,287,18,2022-11-21,11,Sèche
Centre (Ouaga),2022,48,-0.5965069394817228,-1.2188209465230295,-0.747332401491464,0,347,15,2022-11-28,11,Sèche
Centre (Ouaga),2022,49,-0.5795812862544604,0.6255690938154007,-0.0008584545773377481,0,310,11,2022-12-05,12,Sèche
Centre (Ouaga),2022,50,-0.638821072549879,0.4718699237871978,1.3879302838675491,0,451,8,2022-12-12,12,Sèche
Centre (Ouaga),2022,51,-0.6980608588452976,0.11323852705472555,-0.8514915568748319,0,426,10,2022-12-19,12,Sèche
Centre (Ouaga),2022,52,-0.6670304945953164,0.010772413702590895,-0.3827753576496821,0,487,19,2022-12-26,12,Sèche
Centre (Ouaga),2023,1,-0.5908650550726353,-0.783339964776456,1.3879302838675491,0,290,19,2023-01-02,1,Sèche
Centre (Ouaga),2023,2,-0.5965069394817228,-0.5015581530580843,1.5441690169426,0,450,7,2023-01-09,1,Sèche
Centre (Ouaga),2023,3,-0.7037027432543851,-0.1685432846636452,0.8844943661812766,0,278,28,2023-01-16,1,Sèche
Centre (Ouaga),2023,4,-0.5795812862544604,0.3437872820970299,-0.07029789149958307,0,336,19,2023-01-23,1,Sèche
Centre (Ouaga),2023,5,-0.6783142634134913,-0.3222424546918481,-1.0424500084110029,0,406,9,2023-01-30,1,Sèche
Centre (Ouaga),2023,6,-0.5824022284590041,0.3437872820970299,-0.7126126830303413,0,328,7,2023-02-06,2,Sèche
Centre (Ouaga),2023,7,-0.6726723790044038,-0.1685432846636452,0.4504978854172495,0,349,5,2023-02-13,2,Sèche
Centre (Ouaga),2023,8,-0.6472838991635101,-1.0395052481567935,-0.9382908530276374,0,358,7,2023-02-20,2,Sèche
Centre (Ouaga),2023,9,-0.6021488238908103,-0.9882721914807252,-0.12237746919126584,0,448,8,2023-02-27,2,Sèche
Centre (Ouaga),2023,10,-0.5739394018453728,1.16351618891411,0.10330070080602778,0,466,20,2023-03-06,3,Sèche
Centre (Ouaga),2023,11,-0.69241897443621,2.3418764924636633,0.48521760387837215,0,467,20,2023-03-13,3,Sèche
Centre (Ouaga),2023,12,-0.7093446276634725,2.2650269074495606,0.38105844849500664,0,401,24,2023-03-20,3,Sèche
Centre (Ouaga),2023,13,-0.6106116505044415,1.983245095731191,-1.3896471930222245,0,349,13,2023-03-27,3,Sèche
Centre (Ouaga),2023,14,-0.627537303731704,2.2650269074495606,-1.1292493045638083,0,476,8,2023-04-03,4,Sèche
Centre (Ouaga),2023,15,-0.6529257835725977,2.136944265759392,0.6240964777228604,0,399,6,2023-04-10,4,Sèche
Centre (Ouaga),2023,16,-0.6726723790044038,2.4443426058157978,-1.3722873337916646,0,446,24,2023-04-17,4,Sèche
Centre (Ouaga),2023,17,-0.6416420147544227,1.4196814722944475,0.25953943388107853,0,430,12,2023-04-24,4,Sèche
Centre (Ouaga),2023,18,-0.6811352056180351,2.0857112090833256,0.4504978854172495,0,459,28,2023-05-01,5,Pluvieuse
Centre (Ouaga),2023,19,-0.6952399166407538,0.21570464040686113,-0.3827753576496821,0,288,11,2023-05-08,5,Pluvieuse
Centre (Ouaga),2023,20,-0.6106116505044415,-0.34785898302988133,0.6067366184923002,0,408,18,2023-05-15,5,Pluvieuse
Centre (Ouaga),2023,21,-0.7008818010498412,-1.270054003199097,0.346338730033884,0,455,18,2023-05-22,5,Pluvieuse
Centre (Ouaga),2023,22,1.5304834827442588,-0.09169369964954377,-0.2786162022663141,0,356,21,2023-05-29,5,Pluvieuse
Centre (Ouaga),2023,23,1.3217337596080219,0.5743360371393342,-1.47644648917503,0,430,11,2023-06-05,6,Pluvieuse
Centre (Ouaga),2023,24,2.2498237449029133,-0.19415981300167934,0.346338730033884,0,406,13,2023-06-12,6,Pluvieuse
Centre (Ouaga),2023,25,2.6588603645617557,-0.8345730214525232,0.38105844849500664,0,353,26,2023-06-19,6,Pluvieuse
Centre (Ouaga),2023,26,0.7349777810629237,0.6255690938154007,1.0580929584868874,0,2326,17,2023-06-26,6,Pluvieuse
Centre (Ouaga),2023,27,-0.04642320959569307,0.2925542254209626,-0.8688514161053921,0,1608,5,2023-07-03,7,Pluvieuse
Centre (Ouaga),2023,28,1.8266824142213518,-0.6552573230862871,-0.3480556391885595,0,1642,20,2023-07-10,7,Pluvieuse
Centre (Ouaga),2023,29,0.14257991810873763,-0.5271746813961183,-0.6084535276469758,0,1833,9,2023-07-17,7,Pluvieuse
Centre (Ouaga),2023,30,1.1129840364717847,0.190088112068827,0.48521760387837215,0,1734,23,2023-07-24,7,Pluvieuse
Centre (Ouaga),2023,31,1.5389463093578901,0.3181707537589958,1.7004077500176482,0,2060,10,2023-07-31,7,Pluvieuse
Centre (Ouaga),2023,32,1.3132709329943908,-0.296625926353814,1.6136084538648428,0,2015,11,2023-08-07,8,Pluvieuse
Centre (Ouaga),2023,33,1.1299096896990475,-0.06607717131151056,0.48521760387837215,0,1963,7,2023-08-14,8,Pluvieuse
Centre (Ouaga),2023,34,2.379587086311925,-0.014844114635443224,0.9365739438729619,0,1939,8,2023-08-21,8,Pluvieuse
Centre (Ouaga),2023,35,2.063641559403026,-0.3990920397059496,0.39841830772556674,0,1441,531,2023-08-28,8,Pluvieuse
Centre (Ouaga),2023,36,2.625009058107231,-0.11731022798757788,0.05122112311434501,0,1745,1112,2023-09-04,9,Pluvieuse
Centre (Ouaga),2023,37,1.6602468241532709,-0.24539286967774668,-0.2959760614968767,0,2144,1479,2023-09-11,9,Pluvieuse
Centre (Ouaga),2023,38,0.1820731089723501,0.11323852705472555,1.5268091577120373,0,1832,1012,2023-09-18,9,Pluvieuse
Centre (Ouaga),2023,39,2.2893169357665255,-0.4503250963820169,0.7456154923367885,0,1680,723,2023-09-25,9,Pluvieuse
Centre (Ouaga),2023,40,2.557306445198181,-1.0138887198187594,-0.018218313807897846,0,1664,649,2023-10-02,10,Pluvieuse
Centre (Ouaga),2023,41,-0.5936859972771792,0.5487195088013002,-0.1744570468829486,0,2199,799,2023-10-09,10,Pluvieuse
Centre (Ouaga),2023,42,-0.6247163615271603,0.21570464040686113,1.2837711284841835,0,2156,482,2023-10-16,10,Pluvieuse
Centre (Ouaga),2023,43,-0.6444629569589664,-1.2188209465230295,1.6309683130954054,0,1713,1393,2023-10-23,10,Pluvieuse
Centre (Ouaga),2023,44,-0.5993278816862666,0.4974864521252319,-1.0250901491804427,0,1854,1057,2023-10-30,10,Pluvieuse
Centre (Ouaga),2023,45,-0.6106116505044415,-0.6040242664102189,1.1275323954091327,0,2147,1181,2023-11-06,11,Sèche
Centre (Ouaga),2023,46,-0.6698514367998601,-0.629640794748253,-1.4417267707139074,0,1630,1208,2023-11-13,11,Sèche
Centre (Ouaga),2023,47,-0.6867770900271225,-0.9114226064666247,0.2942591523422012,0,386,1149,2023-11-20,11,Sèche
Centre (Ouaga),2023,48,-0.6303582459362477,-0.3990920397059496,0.3289788708033239,0,319,1034,2023-11-27,11,Sèche
Centre (Ouaga),2023,49,-0.6698514367998601,0.08762199871669235,-1.47644648917503,0,329,5,2023-12-04,12,Sèche
Centre (Ouaga),2023,50,-0.6839561478225789,-0.7321069081003877,0.10330070080602778,0,417,11,2023-12-11,12,Sèche
Centre (Ouaga),2023,51,-0.7065236854589287,-0.5784077380721857,0.20745985618939577,0,377,16,2023-12-18,12,Sèche
Centre (Ouaga),2023,52,-0.638821072549879,-0.5015581530580843,0.5199373223394949,0,431,9,2023-12-25,12,Sèche
Centre (Ouaga),2024,1,-0.5767603440499166,-0.6808738514243203,0.6935359146451057,0,439,21,2024-01-01,1,Sèche
Centre (Ouaga),2024,2,-0.627537303731704,0.13885505539275966,-0.7126126830303413,0,393,11,2024-01-08,1,Sèche
Centre (Ouaga),2024,3,-0.6529257835725977,0.5743360371393342,-1.1986887414860536,0,435,15,2024-01-15,1,Sèche
Centre (Ouaga),2024,4,-0.6670304945953164,0.4718699237871978,-0.46957465380248753,0,458,21,2024-01-22,1,Sèche
Centre (Ouaga),2024,5,-0.6895980322316664,-0.7321069081003877,1.7004077500176482,0,284,25,2024-01-29,1,Sèche
Centre (Ouaga),2024,6,-0.661388610186229,0.03638894204062502,-0.1744570468829486,0,429,5,2024-02-05,2,Sèche
Centre (Ouaga),2024,7,-0.5908650550726353,-0.296625926353814,1.266411269253621,0,235,29,2024-02-12,2,Sèche
Centre (Ouaga),2024,8,-0.6218954193226165,-0.5784077380721857,0.4331380261866894,0,404,12,2024-02-19,2,Sèche
Centre (Ouaga),2024,9,-0.604969766095354,-0.1685432846636452,-0.6258133868775358,0,236,5,2024-02-26,2,Sèche
Centre (Ouaga),2024,10,-0.604969766095354,2.136944265759392,1.144892254639693,0,451,23,2024-03-04,3,Sèche
Centre (Ouaga),2024,11,-0.5711184596408291,1.5989971706606845,-1.6500450814806409,0,396,20,2024-03-11,3,Sèche
Centre (Ouaga),2024,12,-0.6472838991635101,1.983245095731191,1.56152887617316,0,245,14,2024-03-18,3,Sèche
Centre (Ouaga),2024,13,-0.6077907082998978,1.9063955107170885,0.06858098234490759,0,419,26,2024-03-25,3,Sèche
Centre (Ouaga),2024,14,-0.6021488238908103,1.1378996605760758,1.7351274684787708,0,432,16,2024-04-01,4,Sèche
Centre (Ouaga),2024,15,-0.6867770900271225,2.3162599641256287,-0.10501760996070328,1,303,21,2024-04-08,4,Sèche
Centre (Ouaga),2024,16,-0.6952399166407538,1.829545925702988,0.24217957465051843,1,392,14,2024-04-15,4,Sèche
Centre (Ouaga),2024,17,-0.616253534913529,2.623658304182035,-0.48693451303304763,0,239,18,2024-04-22,4,Sèche
Centre (Ouaga),2024,18,-0.6839561478225789,1.7270798123508533,-0.6258133868775358,0,326,21,2024-04-29,4,Sèche
Centre (Ouaga),2024,19,-0.6218954193226165,-1.0138887198187594,-0.0008584545773377481,0,301,24,2024-05-06,5,Pluvieuse
Centre (Ouaga),2024,20,-0.6895980322316664,-0.2710093980157808,-1.1639690230249309,0,440,29,2024-05-13,5,Pluvieuse
Centre (Ouaga),2024,21,-0.7008818010498412,-1.3469035882131983,-0.6605331053386585,0,359,17,2024-05-20,5,Pluvieuse
Centre (Ouaga),2024,22,2.5375598497663745,0.03638894204062502,-1.5979655037889582,0,430,28,2024-05-27,5,Pluvieuse
Centre (Ouaga),2024,23,0.7857547407447109,-0.142926756325612,0.9192140846423993,0,450,16,2024-06-03,6,Pluvieuse
Centre (Ouaga),2024,24,0.577005017608474,0.5487195088013002,0.762975351567351,0,254,5,2024-06-10,6,Pluvieuse
Centre (Ouaga),2024,25,2.097492865857551,0.26693769708292847,-0.6605331053386585,1,304,13,2024-06-17,6,Pluvieuse
Centre (Ouaga),2024,26,0.5205861735175992,0.4974864521252319,1.1275323954091327,1,2247,9,2024-06-24,6,Pluvieuse
Centre (Ouaga),2024,27,0.9239809087673543,-0.42470856804398277,-1.181328882255491,0,1835,10,2024-07-01,7,Pluvieuse
Centre (Ouaga),2024,28,2.424722161584625,-0.3990920397059496,-0.0008584545773377481,0,1667,21,2024-07-08,7,Pluvieuse
Centre (Ouaga),2024,29,1.8859222005167704,-0.5527912097341515,-1.059809867641563,0,1842,25,2024-07-15,7,Pluvieuse
Centre (Ouaga),2024,30,0.4190322541540244,-0.8089564931144891,0.016501404653222352,0,1591,25,2024-07-22,7,Pluvieuse
Centre (Ouaga),2024,31,1.2568520889035157,-0.9114226064666247,-1.0945295861026856,0,1566,23,2024-07-29,7,Pluvieuse
Centre (Ouaga),2024,32,0.9747578684491416,-1.116354833170894,1.7177676092482108,0,1780,16,2024-08-05,8,Pluvieuse
Centre (Ouaga),2024,33,0.21028253101778752,-0.6040242664102189,-1.3722873337916646,0,1536,13,2024-08-12,8,Pluvieuse
Centre (Ouaga),2024,34,2.4134383927664502,-0.962655663142692,0.9539338031035219,0,2099,23,2024-08-19,8,Pluvieuse
Centre (Ouaga),2024,35,0.653170457131155,-1.0651217764948266,1.1275323954091327,0,2074,6,2024-08-26,8,Pluvieuse
Centre (Ouaga),2024,36,0.7349777810629237,-0.5527912097341515,0.033861263883784916,0,1889,28,2024-09-02,9,Pluvieuse
Centre (Ouaga),2024,37,1.9846551776758012,0.1644715837307938,-0.13973732842182593,0,1916,21,2024-09-09,9,Pluvieuse
Centre (Ouaga),2024,38,0.938085619790073,-0.3990920397059496,0.5546570408006175,0,1811,239,2024-09-16,9,Pluvieuse
Centre (Ouaga),2024,39,1.3414803550398282,-1.3725201165512315,0.658816196183983,0,1845,280,2024-09-23,9,Pluvieuse
Centre (Ouaga),2024,40,2.263928455925632,-1.3725201165512315,-0.6258133868775358,0,2336,160,2024-09-30,9,Pluvieuse
Centre (Ouaga),2024,41,-0.6698514367998601,-1.1932044181849955,-0.3654154984191196,0,1792,200,2024-10-07,10,Pluvieuse
Centre (Ouaga),2024,42,-0.6783142634134913,-1.0907383048328607,-1.1466091637943685,0,2322,266,2024-10-14,10,Pluvieuse
Centre (Ouaga),2024,43,-0.6134325927089853,-0.5271746813961183,-0.8341316976442694,0,1425,357,2024-10-21,10,Pluvieuse
Centre (Ouaga),2024,44,-0.6811352056180351,0.03638894204062502,1.4226500023286717,0,1920,329,2024-10-28,10,Pluvieuse
Centre (Ouaga),2024,45,-0.7093446276634725,-0.7321069081003877,1.1622521138702555,0,1911,389,2024-11-04,11,Sèche
Centre (Ouaga),2024,46,-0.6670304945953164,-0.6040242664102189,-0.20917676534407126,0,1505,232,2024-11-11,11,Sèche
Centre (Ouaga),2024,47,-0.6501048413680539,0.4974864521252319,-1.1466091637943685,0,448,13,2024-11-18,11,Sèche
Centre (Ouaga),2024,48,-0.6670304945953164,-0.42470856804398277,-0.24389648380519394,0,465,18,2024-11-25,11,Sèche
Centre (Ouaga),2024,49,-0.638821072549879,-0.142926756325612,-1.059809867641563,0,269,26,2024-12-02,12,Sèche
Centre (Ouaga),2024,50,-0.6811352056180351,-0.1685432846636452,-1.2681281784082965,0,234,29,2024-12-09,12,Sèche
Centre (Ouaga),2024,51,-0.5795812862544604,-0.5527912097341515,0.15538027849771302,0,278,21,2024-12-16,12,Sèche
Centre (Ouaga),2024,52,-0.6416420147544227,0.4718699237871978,-0.6084535276469758,0,234,22,2024-12-23,12,Sèche
Centre (Ouaga),2025,1,-0.6134325927089853,-0.937039134804658,0.4504978854172495,0,451,25,2025-01-06,1,Sèche
Centre (Ouaga),2025,2,-0.6106116505044415,-0.42470856804398277,1.3011309877147437,0,377,5,2025-01-13,1,Sèche
Centre (Ouaga),2025,3,-0.6218954193226165,-0.11731022798757788,-1.6326852222500807,0,377,14,2025-01-20,1,Sèche
Centre (Ouaga),2025,4,-0.6077907082998978,-1.3212870598751643,-1.6153253630195181,0,331,10,2025-01-27,1,Sèche
Centre (Ouaga),2025,5,-0.5795812862544604,-0.3990920397059496,-1.3375676153305418,0,403,21,2025-02-03,2,Sèche
Centre (Ouaga),2025,6,-0.5880441128680916,-0.7321069081003877,0.7803352107979111,0,312,22,2025-02-10,2,Sèche
Centre (Ouaga),2025,7,-0.6867770900271225,-0.11731022798757788,-1.2160486007166138,0,331,22,2025-02-17,2,Sèche
Centre (Ouaga),2025,8,-0.5767603440499166,-0.014844114635443224,1.6483281723259653,0,267,5,2025-02-24,2,Sèche
Centre (Ouaga),2025,9,-0.6529257835725977,-0.34785898302988133,0.8497746477201564,0,290,26,2025-03-03,3,Sèche
Centre (Ouaga),2025,10,-0.6077907082998978,2.4443426058157978,1.1622521138702555,0,374,14,2025-03-10,3,Sèche
Centre (Ouaga),2025,11,-0.6952399166407538,1.9576285673931568,1.1101725361785728,0,252,12,2025-03-17,3,Sèche
Centre (Ouaga),2025,12,-0.6642095523907726,1.6502302273367508,0.39841830772556674,0,379,5,2025-03-24,3,Sèche
Centre (Ouaga),2025,13,-0.6839561478225789,1.3684484156183792,-1.5806056445583956,0,408,23,2025-03-31,3,Sèche
Centre (Ouaga),2025,14,-0.5880441128680916,1.6246136989987168,-0.261256343035754,0,332,11,2025-04-07,4,Sèche
Centre (Ouaga),2025,15,-0.6783142634134913,1.0610500755619752,-1.5979655037889582,1,406,22,2025-04-14,4,Sèche
Centre (Ouaga),2025,16,-0.6698514367998601,2.521192190829898,-0.7994119791831467,1,424,20,2025-04-21,4,Sèche
Centre (Ouaga),2025,17,-0.6077907082998978,2.3418764924636633,0.20745985618939577,0,310,11,2025-04-28,4,Sèche
Centre (Ouaga),2025,18,-0.5739394018453728,1.855162454041022,1.2143316915619382,0,302,21,2025-05-05,5,Pluvieuse
Centre (Ouaga),2025,19,-0.69241897443621,0.3694038104350631,-0.3654154984191196,0,285,27,2025-05-12,5,Pluvieuse
Centre (Ouaga),2025,20,-0.5852231706635478,0.08762199871669235,0.5720169000311776,0,326,17,2025-05-19,5,Pluvieuse
Centre (Ouaga),2025,21,-0.7008818010498412,-0.629640794748253,-1.667404940711201,0,407,16,2025-05-26,5,Pluvieuse
Centre (Ouaga),2025,22,0.292089854949556,-1.0395052481567935,-0.13973732842182593,0,363,18,2025-06-02,6,Pluvieuse
Centre (Ouaga),2025,23,0.09180295842695026,-1.116354833170894,-0.6258133868775358,0,246,9,2025-06-09,6,Pluvieuse
Centre (Ouaga),2025,24,1.0650280189945414,-0.6552573230862871,-1.45908662994447,0,431,25,2025-06-16,6,Pluvieuse
Centre (Ouaga),2025,25,1.835145240834983,0.42063686711113135,-0.9556507122581974,1,297,12,2025-06-23,6,Pluvieuse
Centre (Ouaga),2025,26,1.3555850660625468,0.4718699237871978,1.5094492984814771,1,1861,15,2025-06-30,6,Pluvieuse
Centre (Ouaga),2025,27,0.4810929826539868,0.523102980463266,1.2316915507924984,0,1767,13,2025-07-07,7,Pluvieuse
Centre (Ouaga),2025,28,1.5897232690396774,-0.2710093980157808,0.5372971815700549,0,1574,23,2025-07-14,7,Pluvieuse
Centre (Ouaga),2025,29,-0.07181168943658671,-0.09169369964954377,1.1275323954091327,0,2169,28,2025-07-21,7,Pluvieuse
Centre (Ouaga),2025,30,1.8210405298122643,-0.5527912097341515,1.370570424636989,0,1742,14,2025-07-28,7,Pluvieuse
Centre (Ouaga),2025,31,2.1031347502666384,0.3437872820970299,-1.4417267707139074,0,2050,17,2025-08-04,8,Pluvieuse
Centre (Ouaga),2025,32,1.9761923510621702,-0.6808738514243203,0.8150549292590338,0,1803,7,2025-08-11,8,Pluvieuse
Centre (Ouaga),2025,33,1.8548918362667892,0.5487195088013002,0.10330070080602778,0,1960,12,2025-08-18,8,Pluvieuse
Centre (Ouaga),2025,34,1.3386594128352842,-1.2444374748610627,0.8671345069507166,0,1714,15,2025-08-25,8,Pluvieuse
Centre (Ouaga),2025,35,0.37953906329041204,-0.11731022798757788,0.39841830772556674,0,2260,5,2025-09-01,9,Pluvieuse
Centre (Ouaga),2025,36,1.5530510203806087,0.190088112068827,1.1622521138702555,0,1360,10,2025-09-08,9,Pluvieuse
Centre (Ouaga),2025,37,0.47263015604035546,-0.1685432846636452,-1.181328882255491,0,2137,26,2025-09-15,9,Pluvieuse
Centre (Ouaga),2025,38,2.342914837652857,-0.21977634133971255,1.249051410023061,0,1632,252,2025-09-22,9,Pluvieuse
Centre (Ouaga),2025,39,1.2681358577216906,-1.0907383048328607,-1.181328882255491,0,1974,252,2025-09-29,9,Pluvieuse
Centre (Ouaga),2025,40,0.5516165377675804,0.2925542254209626,1.4920894392509145,0,1390,239,2025-10-06,10,Pluvieuse
Centre (Ouaga),2025,41,-0.6698514367998601,-0.9114226064666247,0.4157781669561293,0,2114,313,2025-10-13,10,Pluvieuse
Centre (Ouaga),2025,42,-0.5824022284590041,0.4462533954491655,-1.45908662994447,0,1448,166,2025-10-20,10,Pluvieuse
Centre (Ouaga),2025,43,-0.6077907082998978,0.6255690938154007,-0.22653662457463136,0,1589,276,2025-10-27,10,Pluvieuse
Centre (Ouaga),2025,44,-0.627537303731704,0.010772413702590895,-0.7646922607220265,0,1869,185,2025-11-03,11,Sèche
Centre (Ouaga),2025,45,-0.5908650550726353,0.523102980463266,0.8324147884895938,0,1785,185,2025-11-10,11,Sèche
Centre (Ouaga),2025,46,-0.6360001303453352,-0.629640794748253,0.4157781669561293,0,1993,343,2025-11-17,11,Sèche
Centre (Ouaga),2025,47,-0.6360001303453352,-0.09169369964954377,-0.9903704307193201,0,397,6,2025-11-24,11,Sèche
Centre (Ouaga),2025,48,-0.5936859972771792,0.42063686711113135,-0.7646922607220265,0,428,21,2025-12-01,12,Sèche
Centre (Ouaga),2025,49,-0.5795812862544604,-0.142926756325612,0.8671345069507166,0,265,18,2025-12-08,12,Sèche
Centre (Ouaga),2025,50,-0.6472838991635101,-0.34785898302988133,-0.7646922607220265,0,310,24,2025-12-15,12,Sèche
Centre (Ouaga),2025,51,-0.5739394018453728,0.4974864521252319,-1.285488037638859,0,243,8,2025-12-22,12,Sèche
Centre (Ouaga),2025,52,-0.5880441128680916,0.24132116874489434,-1.6153253630195181,0,275,20,2025-12-29,12,Sèche
Centre (Ouaga),2026,1,-0.6670304945953164,0.5999525654773665,1.0407330992563273,0,295,11,2026-01-05,1,Sèche
Centre (Ouaga),2026,2,-0.6472838991635101,-0.8345730214525232,-0.7994119791831467,0,317,28,2026-01-12,1,Sèche
Centre (Ouaga),2026,3,-0.604969766095354,-0.06607717131151056,-0.8341316976442694,0,360,5,2026-01-19,1,Sèche
Centre (Ouaga),2026,4,-0.6303582459362477,-0.6552573230862871,0.4157781669561293,0,231,29,2026-01-26,1,Sèche
Centre (Ouaga),2026,5,-0.5852231706635478,-1.0651217764948266,1.7004077500176482,0,429,5,2026-02-02,2,Sèche
Centre (Ouaga),2026,6,-0.661388610186229,0.6511856221534348,0.8844943661812766,0,378,19,2026-02-09,2,Sèche
Centre (Ouaga),2026,7,-0.6331791881407914,0.1644715837307938,0.5372971815700549,0,348,24,2026-02-16,2,Sèche
Centre (Ouaga),2026,8,-0.6952399166407538,0.4974864521252319,1.3184908469453038,0,377,28,2026-02-23,2,Sèche
Centre (Ouaga),2026,9,-0.6360001303453352,-0.296625926353814,-0.13973732842182593,0,227,24,2026-03-02,3,Sèche
Centre (Ouaga),2026,10,-0.6077907082998978,2.213793850773494,-0.1918169061135087,0,230,18,2026-03-09,3,Sèche
Centre (Ouaga),2026,11,-0.5739394018453728,1.035433547223941,-0.9730105714887576,0,240,7,2026-03-16,3,Sèche
Centre (Ouaga),2026,12,-0.6980608588452976,1.6246136989987168,1.3358507061758664,0,339,17,2026-03-23,3,Sèche
Centre (Ouaga),2026,13,-0.5993278816862666,0.984200490547873,1.07545281771745,0,396,28,2026-03-30,3,Sèche
Centre (Ouaga),2026,14,-0.661388610186229,1.983245095731191,1.3358507061758664,0,294,18,2026-04-06,4,Sèche
Centre (Ouaga),2026,15,-0.7065236854589287,1.5733806423226504,-0.22653662457463136,1,404,9,2026-04-13,4,Sèche
Centre (Ouaga),2026,16,-0.5795812862544604,1.7270798123508533,0.15538027849771302,1,389,6,2026-04-20,4,Sèche
Centre (Ouaga),2026,17,-0.6670304945953164,2.2906434357875947,0.8150549292590338,0,354,5,2026-04-27,4,Sèche
Centre (Ouaga),2026,18,-0.638821072549879,2.3674930208016973,0.10330070080602778,0,273,26,2026-05-04,5,Pluvieuse
Centre (Ouaga),2026,19,-0.6642095523907726,-0.6040242664102189,-0.07029789149958307,0,255,28,2026-05-11,5,Pluvieuse
Centre (Ouaga),2026,20,-0.6444629569589664,-0.014844114635443224,1.4226500023286717,0,359,15,2026-05-18,5,Pluvieuse
Centre (Ouaga),2026,21,-0.5908650550726353,-0.8345730214525232,-1.0771697268721256,0,383,8,2026-05-25,5,Pluvieuse
Centre (Ouaga),2026,22,1.406362025744334,-0.42470856804398277,-1.5285260668667129,0,391,17,2026-06-01,6,Pluvieuse
Centre (Ouaga),2026,23,-0.03231849857297436,-0.962655663142692,-1.4243669114833473,0,233,27,2026-06-08,6,Pluvieuse
Centre (Ouaga),2026,24,0.8421735848355858,-0.142926756325612,-1.354927474561102,0,256,6,2026-06-15,6,Pluvieuse
Centre (Ouaga),2026,25,0.3372249302222559,0.06200547037865822,-0.48693451303304763,1,265,27,2026-06-22,6,Pluvieuse
Centre (Ouaga),2026,26,2.2893169357665255,0.42063686711113135,-1.1118894453332482,1,1532,19,2026-06-29,6,Pluvieuse
Centre (Ouaga),2026,27,2.2103305540393006,0.4718699237871978,0.346338730033884,0,2082,20,2026-07-06,7,Pluvieuse
Centre (Ouaga),2026,28,1.4768855808579278,-0.8089564931144891,-0.8688514161053921,0,1922,19,2026-07-13,7,Pluvieuse
Centre (Ouaga),2026,29,0.7180521278356611,-1.1932044181849955,0.10330070080602778,0,1890,24,2026-07-20,7,Pluvieuse
Centre (Ouaga),2026,30,1.9254153913803829,-0.7064903797623544,1.2837711284841835,0,1818,24,2026-07-27,7,Pluvieuse
Centre (Ouaga),2026,31,2.1567326521529693,0.5999525654773665,-0.6952528237997811,0,1384,12,2026-08-03,8,Pluvieuse
Centre (Ouaga),2026,32,1.3809735459034402,0.010772413702590895,-0.9035711345665147,0,1683,26,2026-08-10,8,Pluvieuse
Centre (Ouaga),2026,33,0.8083222783810607,-0.37347551136791546,-0.08765775073014317,0,2210,21,2026-08-17,8,Pluvieuse
Centre (Ouaga),2026,34,2.280854109152894,0.190088112068827,-1.667404940711201,0,1972,17,2026-08-24,8,Pluvieuse
Centre (Ouaga),2026,35,2.1454488833347947,-0.34785898302988133,-0.6084535276469758,0,1827,21,2026-08-31,8,Pluvieuse
Centre (Ouaga),2026,36,0.3851809476994994,-1.2444374748610627,1.07545281771745,0,1316,29,2026-09-07,9,Pluvieuse
Centre (Ouaga),2026,37,0.7575453186992734,0.190088112068827,1.0060133807952047,0,1552,27,2026-09-14,9,Pluvieuse
Centre (Ouaga),2026,38,0.8055013361765172,0.5743360371393342,-0.7299725422609038,0,1972,306,2026-09-21,9,Pluvieuse
Centre (Ouaga),2026,39,1.1778657071762912,-1.0395052481567935,-0.6258133868775358,0,2058,192,2026-09-28,9,Pluvieuse
Centre (Ouaga),2026,40,1.4909902918806464,0.42063686711113135,-0.6431732461080985,0,1506,160,2026-10-05,10,Pluvieuse
Centre (Ouaga),2026,41,-0.5880441128680916,0.1644715837307938,-1.47644648917503,0,1448,339,2026-10-12,10,Pluvieuse
Centre (Ouaga),2026,42,-0.6642095523907726,0.3437872820970299,0.1727401377282731,0,1833,246,2026-10-19,10,Pluvieuse
Centre (Ouaga),2026,43,-0.6360001303453352,-1.0138887198187594,-1.3375676153305418,0,1365,149,2026-10-26,10,Pluvieuse
Centre (Ouaga),2026,44,-0.5767603440499166,0.3694038104350631,1.683047890787088,0,1481,151,2026-11-02,11,Sèche
Centre (Ouaga),2026,45,-0.5767603440499166,-0.11731022798757788,-0.9556507122581974,0,1459,256,2026-11-09,11,Sèche
Centre (Ouaga),2026,46,-0.6585676679816851,0.4718699237871978,1.4226500023286717,0,1520,207,2026-11-16,11,Sèche
Centre (Ouaga),2026,47,-0.6557467257771414,-0.3222424546918481,0.658816196183983,0,233,14,2026-11-23,11,Sèche
Centre (Ouaga),2026,48,-0.5993278816862666,0.26693769708292847,0.15538027849771302,0,273,13,2026-11-30,11,Sèche
Centre (Ouaga),2026,49,-0.5965069394817228,0.6511856221534348,-0.9730105714887576,0,391,14,2026-12-07,12,Sèche
Centre (Ouaga),2026,50,-0.661388610186229,-1.2188209465230295,-1.6326852222500807,0,335,26,2026-12-14,12,Sèche
Centre (Ouaga),2026,51,-0.6247163615271603,0.4718699237871978,-1.4070070522527847,0,240,17,2026-12-21,12,Sèche
Centre (Ouaga),2026,52,-0.6106116505044415,-0.34785898302988133,0.39841830772556674,0,406,17,2026-12-28,12,Sèche
Hauts-Bassins (Bobo),2013,1,-0.69241897443621,-0.1685432846636452,1.2837711284841835,0,322,21,2013-01-07,1,Sèche
Hauts-Bassins (Bobo),2013,2,-0.6726723790044038,0.24132116874489434,1.3879302838675491,0,485,14,2013-01-14,1,Sèche
Hauts-Bassins (Bobo),2013,3,-0.7008818010498412,0.3950203387730972,1.4747295800203546,0,367,23,2013-01-21,1,Sèche
Hauts-Bassins (Bobo),2013,4,-0.6247163615271603,-0.11731022798757788,1.4920894392509145,0,301,27,2013-01-28,1,Sèche
Hauts-Bassins (Bobo),2013,5,-0.6726723790044038,-0.5015581530580843,-0.33069577995799937,0,359,15,2013-02-04,2,Sèche
Hauts-Bassins (Bobo),2013,6,-0.6670304945953164,0.5999525654773665,1.3532105654064264,0,398,24,2013-02-11,2,Sèche
Hauts-Bassins (Bobo),2013,7,-0.6754933212089477,0.4462533954491655,1.7004077500176482,0,406,22,2013-02-18,2,Sèche
Hauts-Bassins (Bobo),2013,8,-0.6077907082998978,-0.3990920397059496,-0.9903704307193201,0,339,15,2013-02-25,2,Sèche
Hauts-Bassins (Bobo),2013,9,-0.6501048413680539,0.6255690938154007,-0.9035711345665147,0,423,24,2013-03-04,3,Sèche
Hauts-Bassins (Bobo),2013,10,-0.5682975174362854,1.3684484156183792,-0.10501760996070328,0,497,27,2013-03-11,3,Sèche
Hauts-Bassins (Bobo),2013,11,-0.6360001303453352,2.3931095491397296,0.4331380261866894,0,365,14,2013-03-18,3,Sèche
Hauts-Bassins (Bobo),2013,12,-0.6021488238908103,2.034478152407257,-0.3654154984191196,0,421,11,2013-03-25,3,Sèche
Hauts-Bassins (Bobo),2013,13,-0.638821072549879,2.6492748325200672,-0.6084535276469758,0,408,26,2013-04-01,4,Sèche
Hauts-Bassins (Bobo),2013,14,-0.6557467257771414,1.189132717252144,1.4226500023286717,0,434,22,2013-04-08,4,Sèche
Hauts-Bassins (Bobo),2013,15,-0.6783142634134913,2.162560794097426,1.0407330992563273,0,400,25,2013-04-15,4,Sèche
Hauts-Bassins (Bobo),2013,16,-0.6642095523907726,2.469959134153832,-0.1570971876523885,0,447,12,2013-04-22,4,Sèche
Hauts-Bassins (Bobo),2013,17,-0.661388610186229,1.7014632840128192,-0.573733809185853,0,539,17,2013-04-29,4,Sèche
Hauts-Bassins (Bobo),2013,18,-0.6247163615271603,2.4443426058157978,1.4400098615592318,0,533,11,2013-05-06,5,Pluvieuse
Hauts-Bassins (Bobo),2013,19,-0.6190744771180727,-0.2710093980157808,1.2837711284841835,0,504,21,2013-05-13,5,Pluvieuse
Hauts-Bassins (Bobo),2013,20,-0.6726723790044038,-0.9114226064666247,-0.9382908530276374,0,590,12,2013-05-20,5,Pluvieuse
Hauts-Bassins (Bobo),2013,21,-0.5739394018453728,-0.42470856804398277,0.08594084157546768,0,583,5,2013-05-27,5,Pluvieuse
Hauts-Bassins (Bobo),2013,22,0.38236000549495586,-0.5784077380721857,1.7351274684787708,0,484,20,2013-06-03,6,Pluvieuse
Hauts-Bassins (Bobo),2013,23,1.9254153913803829,-0.5015581530580843,-1.5458859260972753,0,438,29,2013-06-10,6,Pluvieuse
Hauts-Bassins (Bobo),2013,24,1.4881693496761028,-0.6808738514243203,1.4226500023286717,0,545,29,2013-06-17,6,Pluvieuse
Hauts-Bassins (Bobo),2013,25,0.09462390063149403,-0.6808738514243203,-0.7820521199525866,0,370,25,2013-06-24,6,Pluvieuse
Hauts-Bassins (Bobo),2013,26,0.1312961492905627,-0.962655663142692,-1.47644648917503,0,2491,22,2013-07-01,7,Pluvieuse
Hauts-Bassins (Bobo),2013,27,2.427543103789169,0.523102980463266,1.7351274684787708,0,1941,21,2013-07-08,7,Pluvieuse
Hauts-Bassins (Bobo),2013,28,1.891564084925858,0.2925542254209626,-1.2681281784082965,0,2775,29,2013-07-15,7,Pluvieuse
Hauts-Bassins (Bobo),2013,29,1.9874761198803448,-0.8089564931144891,-0.6431732461080985,0,2883,7,2013-07-22,7,Pluvieuse
Hauts-Bassins (Bobo),2013,30,0.6983055324038548,0.5487195088013002,0.24217957465051843,0,2280,24,2013-07-29,7,Pluvieuse
Hauts-Bassins (Bobo),2013,31,-0.049244151800236856,0.6255690938154007,1.249051410023061,0,2435,20,2013-08-05,8,Pluvieuse
Hauts-Bassins (Bobo),2013,32,1.6997400150168835,-0.783339964776456,-0.5390140907247304,0,2591,18,2013-08-12,8,Pluvieuse
Hauts-Bassins (Bobo),2013,33,2.5939786938572493,0.3181707537589958,-1.5458859260972753,0,2850,10,2013-08-19,8,Pluvieuse
Hauts-Bassins (Bobo),2013,34,0.3090155081768185,-0.2710093980157808,-0.20917676534407126,0,2549,7,2013-08-26,8,Pluvieuse
Hauts-Bassins (Bobo),2013,35,2.4077965083573627,-1.1419713615089282,-0.48693451303304763,0,1777,12,2013-09-02,9,Pluvieuse
Hauts-Bassins (Bobo),2013,36,1.5812604424260461,-1.1932044181849955,1.4573697207897944,0,2155,9,2013-09-09,9,Pluvieuse
Hauts-Bassins (Bobo),2013,37,-0.052065094004780536,-1.1419713615089282,-0.8341316976442694,0,2350,28,2013-09-16,9,Pluvieuse
Hauts-Bassins (Bobo),2013,38,0.4472416761994618,0.03638894204062502,-0.8341316976442694,0,2484,53,2013-09-23,9,Pluvieuse
Hauts-Bassins (Bobo),2013,39,2.187763016402951,0.3181707537589958,0.20745985618939577,0,2156,83,2013-09-30,9,Pluvieuse
Hauts-Bassins (Bobo),2013,40,2.3739452019028375,0.4974864521252319,-1.667404940711201,0,2406,57,2013-10-07,10,Pluvieuse
Hauts-Bassins (Bobo),2013,41,-0.6557467257771414,-0.9114226064666247,0.5025774631089347,0,1941,84,2013-10-14,10,Pluvieuse
Hauts-Bassins (Bobo),2013,42,-0.5824022284590041,-0.5527912097341515,-1.3028478968694193,0,2090,40,2013-10-21,10,Pluvieuse
Hauts-Bassins (Bobo),2013,43,-0.6077907082998978,-0.8345730214525232,0.8324147884895938,0,2424,72,2013-10-28,10,Pluvieuse
Hauts-Bassins (Bobo),2013,44,-0.616253534913529,0.3694038104350631,-0.1570971876523885,0,2083,54,2013-11-04,11,Sèche
Hauts-Bassins (Bobo),2013,45,-0.6444629569589664,-1.0651217764948266,-1.5806056445583956,0,2510,32,2013-11-11,11,Sèche
Hauts-Bassins (Bobo),2013,46,-0.5767603440499166,-0.6552573230862871,1.249051410023061,0,2103,85,2013-11-18,11,Sèche
Hauts-Bassins (Bobo),2013,47,-0.6585676679816851,0.3437872820970299,0.12066056003659034,0,309,8,2013-11-25,11,Sèche
Hauts-Bassins (Bobo),2013,48,-0.6980608588452976,-0.19415981300167934,-0.6952528237997811,0,569,22,2013-12-02,12,Sèche
Hauts-Bassins (Bobo),2013,49,-0.6670304945953164,-0.3990920397059496,0.15538027849771302,0,438,7,2013-12-09,12,Sèche
Hauts-Bassins (Bobo),2013,50,-0.5711184596408291,-0.9114226064666247,1.5962485946342826,0,377,16,2013-12-16,12,Sèche
Hauts-Bassins (Bobo),2013,51,-0.6360001303453352,-0.8858060781285906,-0.3480556391885595,0,390,15,2013-12-23,12,Sèche
Hauts-Bassins (Bobo),2013,52,-0.6472838991635101,-0.34785898302988133,0.5199373223394949,0,526,13,2013-12-30,12,Sèche
Hauts-Bassins (Bobo),2014,1,-0.6670304945953164,-0.3222424546918481,-0.5042943722636102,0,570,12,2014-01-06,1,Sèche
Hauts-Bassins (Bobo),2014,2,-0.7037027432543851,-1.2188209465230295,-0.07029789149958307,0,559,10,2014-01-13,1,Sèche
Hauts-Bassins (Bobo),2014,3,-0.6134325927089853,0.03638894204062502,1.3532105654064264,0,303,8,2014-01-20,1,Sèche
Hauts-Bassins (Bobo),2014,4,-0.6754933212089477,0.3694038104350631,1.2316915507924984,0,579,19,2014-01-27,1,Sèche
Hauts-Bassins (Bobo),2014,5,-0.6895980322316664,-1.270054003199097,-0.07029789149958307,0,367,9,2014-02-03,2,Sèche
Hauts-Bassins (Bobo),2014,6,-0.6811352056180351,-0.6552573230862871,1.6309683130954054,0,489,12,2014-02-10,2,Sèche
Hauts-Bassins (Bobo),2014,7,-0.6331791881407914,-1.2188209465230295,0.24217957465051843,0,555,9,2014-02-17,2,Sèche
Hauts-Bassins (Bobo),2014,8,-0.5682975174362854,-0.8601895497905564,1.0580929584868874,0,391,15,2014-02-24,2,Sèche
Hauts-Bassins (Bobo),2014,9,-0.5993278816862666,-1.116354833170894,0.25953943388107853,0,546,29,2014-03-03,3,Sèche
Hauts-Bassins (Bobo),2014,10,-0.5965069394817228,2.3931095491397296,1.1275323954091327,0,351,22,2014-03-10,3,Sèche
Hauts-Bassins (Bobo),2014,11,-0.6134325927089853,1.1122831322380418,-0.1744570468829486,0,548,20,2014-03-17,3,Sèche
Hauts-Bassins (Bobo),2014,12,-0.6980608588452976,2.136944265759392,0.5720169000311776,0,571,9,2014-03-24,3,Sèche
Hauts-Bassins (Bobo),2014,13,-0.6021488238908103,1.009817018885907,1.0580929584868874,0,470,19,2014-03-31,3,Sèche
Hauts-Bassins (Bobo),2014,14,-0.616253534913529,2.2906434357875947,1.6656880315565255,0,404,6,2014-04-07,4,Sèche
Hauts-Bassins (Bobo),2014,15,-0.5852231706635478,1.3428318872803469,1.1275323954091327,0,406,7,2014-04-14,4,Sèche
Hauts-Bassins (Bobo),2014,16,-0.5908650550726353,2.6492748325200672,0.5546570408006175,0,457,20,2014-04-21,4,Sèche
Hauts-Bassins (Bobo),2014,17,-0.5965069394817228,2.18817732243546,-1.7021246591723236,0,515,26,2014-04-28,4,Sèche
Hauts-Bassins (Bobo),2014,18,-0.6416420147544227,2.008861624069223,-1.7194845184028862,0,562,10,2014-05-05,5,Pluvieuse
Hauts-Bassins (Bobo),2014,19,-0.638821072549879,0.21570464040686113,-0.9730105714887576,0,479,17,2014-05-12,5,Pluvieuse
Hauts-Bassins (Bobo),2014,20,-0.6726723790044038,0.26693769708292847,-0.7126126830303413,0,555,19,2014-05-19,5,Pluvieuse
Hauts-Bassins (Bobo),2014,21,-0.6642095523907726,-0.8345730214525232,1.56152887617316,0,515,7,2014-05-26,5,Pluvieuse
Hauts-Bassins (Bobo),2014,22,2.3485567220619443,0.1644715837307938,0.9018542254118392,0,396,29,2014-06-02,6,Pluvieuse
Hauts-Bassins (Bobo),2014,23,1.1524772273353974,0.03638894204062502,-0.5216542314941703,0,472,13,2014-06-09,6,Pluvieuse
Hauts-Bassins (Bobo),2014,24,2.207509611834757,0.6255690938154007,0.9539338031035219,0,543,14,2014-06-16,6,Pluvieuse
Hauts-Bassins (Bobo),2014,25,1.3414803550398282,-0.296625926353814,1.6483281723259653,0,472,13,2014-06-23,6,Pluvieuse
Hauts-Bassins (Bobo),2014,26,0.21028253101778752,-0.37347551136791546,1.4400098615592318,0,2315,18,2014-06-30,6,Pluvieuse
Hauts-Bassins (Bobo),2014,27,1.3837944881079842,0.5999525654773665,1.0928126769480102,0,2004,13,2014-07-07,7,Pluvieuse
Hauts-Bassins (Bobo),2014,28,2.3259891844255938,0.3181707537589958,-0.9730105714887576,0,1811,6,2014-07-14,7,Pluvieuse
Hauts-Bassins (Bobo),2014,29,1.002967290494579,0.3950203387730972,-0.22653662457463136,0,1828,17,2014-07-21,7,Pluvieuse
Hauts-Bassins (Bobo),2014,30,0.7152311856311173,-0.8601895497905564,0.7976950700284712,0,2839,27,2014-07-28,7,Pluvieuse
Hauts-Bassins (Bobo),2014,31,2.4303640459937124,-0.296625926353814,1.07545281771745,0,2804,12,2014-08-04,8,Pluvieuse
Hauts-Bassins (Bobo),2014,32,1.47124369644884,0.11323852705472555,-1.6153253630195181,0,2914,27,2014-08-11,8,Pluvieuse
Hauts-Bassins (Bobo),2014,33,0.3738971788813245,-0.3222424546918481,-0.1918169061135087,0,2793,16,2014-08-18,8,Pluvieuse
Hauts-Bassins (Bobo),2014,34,1.758979801312302,-0.11731022798757788,-1.667404940711201,0,2430,11,2014-08-25,8,Pluvieuse
Hauts-Bassins (Bobo),2014,35,1.5671557314033275,0.190088112068827,-0.3654154984191196,0,1946,25,2014-09-01,9,Pluvieuse
Hauts-Bassins (Bobo),2014,36,0.3541505834495184,-1.0907383048328607,1.6136084538648428,0,1744,23,2014-09-08,9,Pluvieuse
Hauts-Bassins (Bobo),2014,37,1.166581938358116,-1.0651217764948266,1.1622521138702555,0,2644,21,2014-09-15,9,Pluvieuse
Hauts-Bassins (Bobo),2014,38,-0.14233524455018026,-0.7321069081003877,1.0060133807952047,0,2155,59,2014-09-22,9,Pluvieuse
Hauts-Bassins (Bobo),2014,39,1.9564457556303638,-0.42470856804398277,-1.2334084599471737,0,1747,99,2014-09-29,9,Pluvieuse
Hauts-Bassins (Bobo),2014,40,0.17643122456326252,-1.3469035882131983,0.6761760554145456,0,1967,44,2014-10-06,10,Pluvieuse
Hauts-Bassins (Bobo),2014,41,-0.6331791881407914,-0.014844114635443224,1.56152887617316,0,2681,54,2014-10-13,10,Pluvieuse
Hauts-Bassins (Bobo),2014,42,-0.661388610186229,0.3950203387730972,0.46785774464781205,0,1856,88,2014-10-20,10,Pluvieuse
Hauts-Bassins (Bobo),2014,43,-0.6839561478225789,0.08762199871669235,-1.6326852222500807,0,2275,84,2014-10-27,10,Pluvieuse
Hauts-Bassins (Bobo),2014,44,-0.6303582459362477,-0.629640794748253,-1.0945295861026856,0,2877,83,2014-11-03,11,Sèche
Hauts-Bassins (Bobo),2014,45,-0.7008818010498412,-1.295670531537131,-0.261256343035754,0,2295,44,2014-11-10,11,Sèche
Hauts-Bassins (Bobo),2014,46,-0.6444629569589664,-0.014844114635443224,0.7456154923367885,0,2278,67,2014-11-17,11,Sèche
Hauts-Bassins (Bobo),2014,47,-0.6501048413680539,-0.5527912097341515,0.9018542254118392,0,308,24,2014-11-24,11,Sèche
Hauts-Bassins (Bobo),2014,48,-0.5908650550726353,-0.296625926353814,0.7976950700284712,0,402,16,2014-12-01,12,Sèche
Hauts-Bassins (Bobo),2014,49,-0.6642095523907726,-0.6552573230862871,0.6935359146451057,0,309,17,2014-12-08,12,Sèche
Hauts-Bassins (Bobo),2014,50,-0.6501048413680539,0.3437872820970299,-1.4243669114833473,0,409,23,2014-12-15,12,Sèche
Hauts-Bassins (Bobo),2014,51,-0.638821072549879,-0.19415981300167934,-0.3480556391885595,0,327,8,2014-12-22,12,Sèche
Hauts-Bassins (Bobo),2014,52,-0.7008818010498412,-1.1419713615089282,0.5025774631089347,0,586,6,2014-12-29,12,Sèche
Hauts-Bassins (Bobo),2015,1,-0.6501048413680539,0.11323852705472555,1.0928126769480102,0,564,27,2015-01-05,1,Sèche
Hauts-Bassins (Bobo),2015,2,-0.6529257835725977,-0.7577234364384218,0.4504978854172495,0,435,28,2015-01-12,1,Sèche
Hauts-Bassins (Bobo),2015,3,-0.6952399166407538,-0.37347551136791546,-1.5632457853278354,0,290,24,2015-01-19,1,Sèche
Hauts-Bassins (Bobo),2015,4,-0.5711184596408291,0.5487195088013002,1.3879302838675491,0,441,25,2015-01-26,1,Sèche
Hauts-Bassins (Bobo),2015,5,-0.5880441128680916,-0.24539286967774668,-0.3480556391885595,0,510,8,2015-02-02,2,Sèche
Hauts-Bassins (Bobo),2015,6,-0.5682975174362854,-0.34785898302988133,-0.6605331053386585,0,375,21,2015-02-09,2,Sèche
Hauts-Bassins (Bobo),2015,7,-0.6698514367998601,-0.3222424546918481,0.20745985618939577,0,432,6,2015-02-16,2,Sèche
Hauts-Bassins (Bobo),2015,8,-0.69241897443621,-0.7321069081003877,-1.6847647999417636,0,409,9,2015-02-23,2,Sèche
Hauts-Bassins (Bobo),2015,9,-0.6247163615271603,-1.1419713615089282,-1.1466091637943685,0,344,22,2015-03-02,3,Sèche
Hauts-Bassins (Bobo),2015,10,-0.6190744771180727,1.0610500755619752,1.0928126769480102,0,403,16,2015-03-09,3,Sèche
Hauts-Bassins (Bobo),2015,11,-0.6952399166407538,2.521192190829898,-0.5216542314941703,0,544,12,2015-03-16,3,Sèche
Hauts-Bassins (Bobo),2015,12,-0.5711184596408291,2.1113277374213597,-0.3133359207274368,0,527,16,2015-03-23,3,Sèche
Hauts-Bassins (Bobo),2015,13,-0.6529257835725977,2.0600946807452916,0.48521760387837215,0,430,24,2015-03-30,3,Sèche
Hauts-Bassins (Bobo),2015,14,-0.5908650550726353,1.855162454041022,0.9886535215646446,0,320,22,2015-04-06,4,Sèche
Hauts-Bassins (Bobo),2015,15,-0.616253534913529,1.9320120390551225,0.4157781669561293,0,417,26,2015-04-13,4,Sèche
Hauts-Bassins (Bobo),2015,16,-0.6783142634134913,1.0866666039000095,-0.6431732461080985,0,349,13,2015-04-20,4,Sèche
Hauts-Bassins (Bobo),2015,17,-0.6980608588452976,1.035433547223941,-0.1744570468829486,0,451,15,2015-04-27,4,Sèche
Hauts-Bassins (Bobo),2015,18,-0.5852231706635478,1.5477641139846163,1.0580929584868874,0,326,6,2015-05-04,5,Pluvieuse
Hauts-Bassins (Bobo),2015,19,-0.6754933212089477,-0.014844114635443224,-0.4174950761108048,0,314,27,2015-05-11,5,Pluvieuse
Hauts-Bassins (Bobo),2015,20,-0.6585676679816851,-0.7321069081003877,0.6240964777228604,0,567,15,2015-05-18,5,Pluvieuse
Hauts-Bassins (Bobo),2015,21,-0.69241897443621,0.4462533954491655,1.0407330992563273,0,346,22,2015-05-25,5,Pluvieuse
Hauts-Bassins (Bobo),2015,22,1.2427473778807971,0.21570464040686113,-0.573733809185853,0,550,20,2015-06-01,6,Pluvieuse
Hauts-Bassins (Bobo),2015,23,1.6122908066760273,-0.937039134804658,-0.6084535276469758,0,509,13,2015-06-08,6,Pluvieuse
Hauts-Bassins (Bobo),2015,24,1.2371054934717096,0.3694038104350631,-1.2334084599471737,0,374,21,2015-06-15,6,Pluvieuse
Hauts-Bassins (Bobo),2015,25,1.1609400539490284,0.4974864521252319,0.2942591523422012,0,374,10,2015-06-22,6,Pluvieuse
Hauts-Bassins (Bobo),2015,26,1.2201798402444473,-0.9882721914807252,-1.4243669114833473,0,2534,7,2015-06-29,6,Pluvieuse
Hauts-Bassins (Bobo),2015,27,0.23849195306322493,-0.4503250963820169,1.1101725361785728,0,2300,19,2015-07-06,7,Pluvieuse
Hauts-Bassins (Bobo),2015,28,0.5290490001312304,-0.37347551136791546,-1.2334084599471737,0,2316,8,2015-07-13,7,Pluvieuse
Hauts-Bassins (Bobo),2015,29,0.729335896653836,-1.1419713615089282,-1.5632457853278354,0,1930,28,2015-07-20,7,Pluvieuse
Hauts-Bassins (Bobo),2015,30,2.4726781790618686,0.6255690938154007,1.683047890787088,0,2223,16,2015-07-27,7,Pluvieuse
Hauts-Bassins (Bobo),2015,31,1.2935243375625844,-0.8089564931144891,1.5962485946342826,0,1808,18,2015-08-03,8,Pluvieuse
Hauts-Bassins (Bobo),2015,32,2.2921378779710695,0.190088112068827,-0.6778929645692211,0,2191,26,2015-08-10,8,Pluvieuse
Hauts-Bassins (Bobo),2015,33,0.01563751890426924,-1.2188209465230295,1.6656880315565255,0,2815,15,2015-08-17,8,Pluvieuse
Hauts-Bassins (Bobo),2015,34,2.0269693107439575,0.13885505539275966,-1.6326852222500807,0,2625,5,2015-08-24,8,Pluvieuse
Hauts-Bassins (Bobo),2015,35,2.2187933806529316,-1.1932044181849955,0.12066056003659034,0,1814,13,2015-08-31,8,Pluvieuse
Hauts-Bassins (Bobo),2015,36,0.27234325951774974,-0.09169369964954377,-0.5910936684164156,0,2051,8,2015-09-07,9,Pluvieuse
Hauts-Bassins (Bobo),2015,37,1.2512102044944282,-0.3990920397059496,-0.1918169061135087,0,2382,8,2015-09-14,9,Pluvieuse
Hauts-Bassins (Bobo),2015,38,0.42185319635856816,-0.7577234364384218,1.4052901430981093,0,1706,86,2015-09-21,9,Pluvieuse
Hauts-Bassins (Bobo),2015,39,0.22720818424505002,-0.6552573230862871,0.4504978854172495,0,2794,49,2015-09-28,9,Pluvieuse
Hauts-Bassins (Bobo),2015,40,0.7011264746083986,-0.6040242664102189,0.1727401377282731,0,2556,33,2015-10-05,10,Pluvieuse
Hauts-Bassins (Bobo),2015,41,-0.6642095523907726,0.3181707537589958,-0.3827753576496821,0,2191,57,2015-10-12,10,Pluvieuse
Hauts-Bassins (Bobo),2015,42,-0.69241897443621,-0.2710093980157808,1.4920894392509145,0,2478,64,2015-10-19,10,Pluvieuse
Hauts-Bassins (Bobo),2015,43,-0.6134325927089853,-0.5527912097341515,0.9886535215646446,0,1740,85,2015-10-26,10,Pluvieuse
Hauts-Bassins (Bobo),2015,44,-0.5767603440499166,-0.937039134804658,-0.6952528237997811,0,2055,36,2015-11-02,11,Sèche
Hauts-Bassins (Bobo),2015,45,-0.6077907082998978,-0.37347551136791546,-1.6847647999417636,0,2539,46,2015-11-09,11,Sèche
Hauts-Bassins (Bobo),2015,46,-0.5711184596408291,-1.270054003199097,0.5372971815700549,0,2772,41,2015-11-16,11,Sèche
Hauts-Bassins (Bobo),2015,47,-0.5908650550726353,-0.37347551136791546,-0.573733809185853,0,492,29,2015-11-23,11,Sèche
Hauts-Bassins (Bobo),2015,48,-0.5824022284590041,0.4974864521252319,-0.6431732461080985,0,335,13,2015-11-30,11,Sèche
Hauts-Bassins (Bobo),2015,49,-0.5824022284590041,-0.142926756325612,-1.3896471930222245,0,307,9,2015-12-07,12,Sèche
Hauts-Bassins (Bobo),2015,50,-0.604969766095354,-0.014844114635443224,0.033861263883784916,0,312,5,2015-12-14,12,Sèche
Hauts-Bassins (Bobo),2015,51,-0.5852231706635478,-0.7321069081003877,0.27689929311163863,0,481,14,2015-12-21,12,Sèche
Hauts-Bassins (Bobo),2015,52,-0.6472838991635101,-1.1932044181849955,-0.9382908530276374,0,318,18,2015-12-28,12,Sèche
Hauts-Bassins (Bobo),2016,1,-0.6077907082998978,-0.1685432846636452,1.5962485946342826,0,483,21,2016-01-04,1,Sèche
Hauts-Bassins (Bobo),2016,2,-0.6980608588452976,-0.5784077380721857,-1.285488037638859,0,356,22,2016-01-11,1,Sèche
Hauts-Bassins (Bobo),2016,3,-0.5711184596408291,-1.2188209465230295,0.9539338031035219,0,560,27,2016-01-18,1,Sèche
Hauts-Bassins (Bobo),2016,4,-0.6895980322316664,-0.5271746813961183,1.6483281723259653,0,426,13,2016-01-25,1,Sèche
Hauts-Bassins (Bobo),2016,5,-0.6952399166407538,-0.8858060781285906,-0.7820521199525866,0,539,15,2016-02-01,2,Sèche
Hauts-Bassins (Bobo),2016,6,-0.6698514367998601,-1.1932044181849955,0.9365739438729619,0,544,7,2016-02-08,2,Sèche
Hauts-Bassins (Bobo),2016,7,-0.6839561478225789,-1.3725201165512315,-1.5285260668667129,0,457,15,2016-02-15,2,Sèche
Hauts-Bassins (Bobo),2016,8,-0.6501048413680539,0.3437872820970299,0.3116190115727613,0,282,13,2016-02-22,2,Sèche
Hauts-Bassins (Bobo),2016,9,-0.6360001303453352,0.3694038104350631,0.9365739438729619,0,310,13,2016-02-29,2,Sèche
Hauts-Bassins (Bobo),2016,10,-0.6106116505044415,2.18817732243546,1.0928126769480102,0,338,13,2016-03-07,3,Sèche
Hauts-Bassins (Bobo),2016,11,-0.6726723790044038,0.9585839622098405,1.6656880315565255,0,283,11,2016-03-14,3,Sèche
Hauts-Bassins (Bobo),2016,12,-0.5767603440499166,1.4196814722944475,1.4573697207897944,0,381,19,2016-03-21,3,Sèche
Hauts-Bassins (Bobo),2016,13,-0.6585676679816851,1.3684484156183792,-1.1292493045638083,0,499,8,2016-03-28,3,Sèche
Hauts-Bassins (Bobo),2016,14,-0.6134325927089853,2.4443426058157978,-0.8341316976442694,0,413,9,2016-04-04,4,Sèche
Hauts-Bassins (Bobo),2016,15,-0.616253534913529,2.6492748325200672,-0.556373949955293,0,376,22,2016-04-11,4,Sèche
Hauts-Bassins (Bobo),2016,16,-0.6895980322316664,2.4443426058157978,0.033861263883784916,0,377,29,2016-04-18,4,Sèche
Hauts-Bassins (Bobo),2016,17,-0.5795812862544604,2.5724252475059664,1.1796119731008157,0,437,15,2016-04-25,4,Sèche
Hauts-Bassins (Bobo),2016,18,-0.5824022284590041,1.5733806423226504,-1.667404940711201,0,336,26,2016-05-02,5,Pluvieuse
Hauts-Bassins (Bobo),2016,19,-0.6811352056180351,0.42063686711113135,-1.6153253630195181,0,410,11,2016-05-09,5,Pluvieuse
Hauts-Bassins (Bobo),2016,20,-0.5993278816862666,0.190088112068827,-1.1466091637943685,0,334,6,2016-05-16,5,Pluvieuse
Hauts-Bassins (Bobo),2016,21,-0.6077907082998978,0.13885505539275966,0.7456154923367885,0,475,5,2016-05-23,5,Pluvieuse
Hauts-Bassins (Bobo),2016,22,1.290703395358041,-1.0651217764948266,0.4331380261866894,0,401,20,2016-05-30,5,Pluvieuse
Hauts-Bassins (Bobo),2016,23,0.6616332837447862,0.08762199871669235,-1.1466091637943685,0,408,26,2016-06-06,6,Pluvieuse
Hauts-Bassins (Bobo),2016,24,1.7505169746986708,-0.7321069081003877,-0.2786162022663141,0,545,24,2016-06-13,6,Pluvieuse
Hauts-Bassins (Bobo),2016,25,1.0086091749036665,-0.5015581530580843,0.016501404653222352,0,515,23,2016-06-20,6,Pluvieuse
Hauts-Bassins (Bobo),2016,26,2.667323191175387,-0.040460642973476436,1.3532105654064264,0,2238,14,2016-06-27,6,Pluvieuse
Hauts-Bassins (Bobo),2016,27,2.139806998925707,-0.937039134804658,1.144892254639693,0,2104,5,2016-07-04,7,Pluvieuse
Hauts-Bassins (Bobo),2016,28,1.1778657071762912,-0.9882721914807252,0.6935359146451057,0,2256,14,2016-07-11,7,Pluvieuse
Hauts-Bassins (Bobo),2016,29,2.6052624626754244,-1.1932044181849955,-1.667404940711201,0,2626,20,2016-07-18,7,Pluvieuse
Hauts-Bassins (Bobo),2016,30,0.32594116140408097,0.21570464040686113,1.6309683130954054,0,1667,28,2016-07-25,7,Pluvieuse
Hauts-Bassins (Bobo),2016,31,2.2977797623801566,-1.0395052481567935,0.8150549292590338,0,2133,20,2016-08-01,8,Pluvieuse
Hauts-Bassins (Bobo),2016,32,1.3273756440171094,-0.06607717131151056,-0.8167718384137093,0,2754,9,2016-08-08,8,Pluvieuse
Hauts-Bassins (Bobo),2016,33,2.342914837652857,-0.8089564931144891,0.05122112311434501,0,2814,11,2016-08-15,8,Pluvieuse
Hauts-Bassins (Bobo),2016,34,2.633471884720862,0.3950203387730972,0.7976950700284712,0,1787,5,2016-08-22,8,Pluvieuse
Hauts-Bassins (Bobo),2016,35,0.4472416761994618,-1.3981366448892656,1.5962485946342826,0,1973,5,2016-08-29,8,Pluvieuse
Hauts-Bassins (Bobo),2016,36,1.702560957221427,0.3950203387730972,0.6935359146451057,0,2066,5,2016-09-05,9,Pluvieuse
Hauts-Bassins (Bobo),2016,37,0.4669882716312681,0.190088112068827,-1.5458859260972753,0,2787,5,2016-09-12,9,Pluvieuse
Hauts-Bassins (Bobo),2016,38,1.2822405687444094,0.190088112068827,-1.3722873337916646,0,2239,60,2016-09-19,9,Pluvieuse
Hauts-Bassins (Bobo),2016,39,0.8590992380628483,-0.9114226064666247,-0.573733809185853,0,2126,94,2016-09-26,9,Pluvieuse
Hauts-Bassins (Bobo),2016,40,2.230077149471107,0.26693769708292847,-0.3480556391885595,0,1962,31,2016-10-03,10,Pluvieuse
Hauts-Bassins (Bobo),2016,41,-0.6698514367998601,-1.116354833170894,1.144892254639693,0,2621,55,2016-10-10,10,Pluvieuse
Hauts-Bassins (Bobo),2016,42,-0.6980608588452976,-1.295670531537131,1.3011309877147437,0,1837,58,2016-10-17,10,Pluvieuse
Hauts-Bassins (Bobo),2016,43,-0.6472838991635101,-0.3222424546918481,1.4573697207897944,0,2312,77,2016-10-24,10,Pluvieuse
Hauts-Bassins (Bobo),2016,44,-0.6895980322316664,0.4974864521252319,-0.7299725422609038,0,2586,91,2016-10-31,10,Pluvieuse
Hauts-Bassins (Bobo),2016,45,-0.69241897443621,-0.7321069081003877,-1.45908662994447,0,2684,48,2016-11-07,11,Sèche
Hauts-Bassins (Bobo),2016,46,-0.6839561478225789,0.5487195088013002,1.6483281723259653,0,2101,65,2016-11-14,11,Sèche
Hauts-Bassins (Bobo),2016,47,-0.5965069394817228,-0.09169369964954377,-0.48693451303304763,0,289,11,2016-11-21,11,Sèche
Hauts-Bassins (Bobo),2016,48,-0.6021488238908103,-1.3725201165512315,0.06858098234490759,0,411,20,2016-11-28,11,Sèche
Hauts-Bassins (Bobo),2016,49,-0.6077907082998978,-1.1932044181849955,1.7004077500176482,0,469,20,2016-12-05,12,Sèche
Hauts-Bassins (Bobo),2016,50,-0.6811352056180351,-1.0651217764948266,-1.5979655037889582,0,487,21,2016-12-12,12,Sèche
Hauts-Bassins (Bobo),2016,51,-0.6218954193226165,-0.37347551136791546,1.07545281771745,0,335,7,2016-12-19,12,Sèche
Hauts-Bassins (Bobo),2016,52,-0.6247163615271603,-0.11731022798757788,0.3289788708033239,0,371,10,2016-12-26,12,Sèche
Hauts-Bassins (Bobo),2017,1,-0.5908650550726353,-1.0138887198187594,-0.05293803226902051,0,499,19,2017-01-02,1,Sèche
Hauts-Bassins (Bobo),2017,2,-0.6698514367998601,0.5487195088013002,-0.8341316976442694,0,505,18,2017-01-09,1,Sèche
Hauts-Bassins (Bobo),2017,3,-0.5965069394817228,-0.8601895497905564,-1.2681281784082965,0,329,6,2017-01-16,1,Sèche
Hauts-Bassins (Bobo),2017,4,-0.6754933212089477,-0.09169369964954377,-0.7820521199525866,0,443,13,2017-01-23,1,Sèche
Hauts-Bassins (Bobo),2017,5,-0.5739394018453728,-0.37347551136791546,0.08594084157546768,0,464,24,2017-01-30,1,Sèche
Hauts-Bassins (Bobo),2017,6,-0.6077907082998978,-0.21977634133971255,1.4747295800203546,0,428,18,2017-02-06,2,Sèche
Hauts-Bassins (Bobo),2017,7,-0.6134325927089853,-1.1419713615089282,-0.1744570468829486,0,500,18,2017-02-13,2,Sèche
Hauts-Bassins (Bobo),2017,8,-0.5739394018453728,-0.8345730214525232,0.3289788708033239,0,470,17,2017-02-20,2,Sèche
Hauts-Bassins (Bobo),2017,9,-0.6557467257771414,-0.19415981300167934,-0.9556507122581974,0,278,21,2017-02-27,2,Sèche
Hauts-Bassins (Bobo),2017,10,-0.5965069394817228,2.5980417758440004,-1.4243669114833473,0,516,19,2017-03-06,3,Sèche
Hauts-Bassins (Bobo),2017,11,-0.5739394018453728,1.3172153589423128,0.36369858926444404,0,378,23,2017-03-13,3,Sèche
Hauts-Bassins (Bobo),2017,12,-0.6218954193226165,0.9585839622098405,1.249051410023061,0,328,6,2017-03-20,3,Sèche
Hauts-Bassins (Bobo),2017,13,-0.7037027432543851,1.6502302273367508,0.39841830772556674,0,357,15,2017-03-27,3,Sèche
Hauts-Bassins (Bobo),2017,14,-0.604969766095354,2.521192190829898,-0.4348549353413649,0,307,13,2017-04-03,4,Sèche
Hauts-Bassins (Bobo),2017,15,-0.5739394018453728,1.2403657739282106,0.7456154923367885,0,502,19,2017-04-10,4,Sèche
Hauts-Bassins (Bobo),2017,16,-0.5936859972771792,1.496531057308548,-1.6326852222500807,0,428,15,2017-04-17,4,Sèche
Hauts-Bassins (Bobo),2017,17,-0.7037027432543851,1.3172153589423128,1.4920894392509145,0,340,17,2017-04-24,4,Sèche
Hauts-Bassins (Bobo),2017,18,-0.6557467257771414,1.7526963406888856,1.370570424636989,0,382,18,2017-05-01,5,Pluvieuse
Hauts-Bassins (Bobo),2017,19,-0.6642095523907726,0.3694038104350631,1.5094492984814771,0,347,16,2017-05-08,5,Pluvieuse
Hauts-Bassins (Bobo),2017,20,-0.7037027432543851,-0.040460642973476436,0.3116190115727613,0,494,9,2017-05-15,5,Pluvieuse
Hauts-Bassins (Bobo),2017,21,-0.6247163615271603,0.06200547037865822,-0.20917676534407126,0,460,19,2017-05-22,5,Pluvieuse
Hauts-Bassins (Bobo),2017,22,1.7110237838350582,-1.1419713615089282,-1.3028478968694193,0,353,6,2017-05-29,5,Pluvieuse
Hauts-Bassins (Bobo),2017,23,1.1383725163126786,-0.8089564931144891,0.5720169000311776,0,512,27,2017-06-05,6,Pluvieuse
Hauts-Bassins (Bobo),2017,24,0.7970385095628858,0.4974864521252319,1.4400098615592318,0,288,18,2017-06-12,6,Pluvieuse
Hauts-Bassins (Bobo),2017,25,1.1891494759944659,-0.8601895497905564,1.6483281723259653,0,368,22,2017-06-19,6,Pluvieuse
Hauts-Bassins (Bobo),2017,26,0.5036605202903367,-1.1419713615089282,-1.2507683191777363,0,2650,16,2017-06-26,6,Pluvieuse
Hauts-Bassins (Bobo),2017,27,2.2216143228574756,-0.6040242664102189,1.249051410023061,0,2659,26,2017-07-03,7,Pluvieuse
Hauts-Bassins (Bobo),2017,28,-0.023855671959343114,-1.2444374748610627,1.0928126769480102,0,2195,9,2017-07-10,7,Pluvieuse
Hauts-Bassins (Bobo),2017,29,2.450110641425519,-0.9114226064666247,0.4504978854172495,0,1884,5,2017-07-17,7,Pluvieuse
Hauts-Bassins (Bobo),2017,30,2.02132742633487,-0.014844114635443224,0.8671345069507166,0,1799,23,2017-07-24,7,Pluvieuse
Hauts-Bassins (Bobo),2017,31,1.702560957221427,-1.2188209465230295,0.36369858926444404,0,2619,19,2017-07-31,7,Pluvieuse
Hauts-Bassins (Bobo),2017,32,0.3992856587222181,-0.962655663142692,-1.7021246591723236,0,2497,27,2017-08-07,8,Pluvieuse
Hauts-Bassins (Bobo),2017,33,0.23849195306322493,-0.142926756325612,0.46785774464781205,0,1833,15,2017-08-14,8,Pluvieuse
Hauts-Bassins (Bobo),2017,34,0.729335896653836,-0.6552573230862871,0.3116190115727613,0,2623,29,2017-08-21,8,Pluvieuse
Hauts-Bassins (Bobo),2017,35,1.8436080674486142,0.13885505539275966,1.1101725361785728,0,1937,19,2017-08-28,8,Pluvieuse
Hauts-Bassins (Bobo),2017,36,1.1129840364717847,0.06200547037865822,0.38105844849500664,0,2534,9,2017-09-04,9,Pluvieuse
Hauts-Bassins (Bobo),2017,37,2.207509611834757,-0.962655663142692,0.5025774631089347,0,2318,22,2017-09-11,9,Pluvieuse
Hauts-Bassins (Bobo),2017,38,2.1736583053802323,0.08762199871669235,-0.6778929645692211,0,1664,38,2017-09-18,9,Pluvieuse
Hauts-Bassins (Bobo),2017,39,0.7631872031083611,-0.5527912097341515,-1.0077302899498801,0,1947,47,2017-09-25,9,Pluvieuse
Hauts-Bassins (Bobo),2017,40,1.3555850660625468,-0.4503250963820169,1.266411269253621,0,1736,50,2017-10-02,10,Pluvieuse
Hauts-Bassins (Bobo),2017,41,-0.5852231706635478,0.190088112068827,-0.10501760996070328,0,2391,54,2017-10-09,10,Pluvieuse
Hauts-Bassins (Bobo),2017,42,-0.6444629569589664,-1.0395052481567935,-1.4417267707139074,0,2214,80,2017-10-16,10,Pluvieuse
Hauts-Bassins (Bobo),2017,43,-0.6416420147544227,0.3437872820970299,0.1900999969588332,0,2732,39,2017-10-23,10,Pluvieuse
Hauts-Bassins (Bobo),2017,44,-0.6867770900271225,-0.11731022798757788,0.3289788708033239,0,2533,62,2017-10-30,10,Pluvieuse
Hauts-Bassins (Bobo),2017,45,-0.5936859972771792,-0.8345730214525232,-0.6084535276469758,0,2244,97,2017-11-06,11,Sèche
Hauts-Bassins (Bobo),2017,46,-0.6726723790044038,-0.19415981300167934,0.06858098234490759,0,2685,35,2017-11-13,11,Sèche
Hauts-Bassins (Bobo),2017,47,-0.6360001303453352,-0.4503250963820169,-1.2507683191777363,0,340,5,2017-11-20,11,Sèche
Hauts-Bassins (Bobo),2017,48,-0.6218954193226165,0.5999525654773665,-1.5806056445583956,0,327,18,2017-11-27,11,Sèche
Hauts-Bassins (Bobo),2017,49,-0.5908650550726353,-0.937039134804658,0.033861263883784916,0,517,28,2017-12-04,12,Sèche
Hauts-Bassins (Bobo),2017,50,-0.6867770900271225,0.4974864521252319,1.3532105654064264,0,495,23,2017-12-11,12,Sèche
Hauts-Bassins (Bobo),2017,51,-0.5993278816862666,0.4462533954491655,-0.7126126830303413,0,502,8,2017-12-18,12,Sèche
Hauts-Bassins (Bobo),2017,52,-0.6783142634134913,-0.8858060781285906,1.07545281771745,0,532,5,2017-12-25,12,Sèche
Hauts-Bassins (Bobo),2018,1,-0.6642095523907726,-0.296625926353814,-1.4070070522527847,0,370,26,2018-01-01,1,Sèche
Hauts-Bassins (Bobo),2018,2,-0.6303582459362477,-0.6040242664102189,-1.45908662994447,0,336,17,2018-01-08,1,Sèche
Hauts-Bassins (Bobo),2018,3,-0.627537303731704,-0.37347551136791546,0.016501404653222352,0,276,13,2018-01-15,1,Sèche
Hauts-Bassins (Bobo),2018,4,-0.6416420147544227,-0.11731022798757788,0.4504978854172495,0,382,10,2018-01-22,1,Sèche
Hauts-Bassins (Bobo),2018,5,-0.6642095523907726,0.6255690938154007,1.3358507061758664,0,452,5,2018-01-29,1,Sèche
Hauts-Bassins (Bobo),2018,6,-0.6952399166407538,-1.0395052481567935,-1.0424500084110029,0,533,20,2018-02-05,2,Sèche
Hauts-Bassins (Bobo),2018,7,-0.5908650550726353,-0.014844114635443224,-0.10501760996070328,0,347,15,2018-02-12,2,Sèche
Hauts-Bassins (Bobo),2018,8,-0.6867770900271225,-0.9114226064666247,0.7803352107979111,0,316,18,2018-02-19,2,Sèche
Hauts-Bassins (Bobo),2018,9,-0.6529257835725977,-0.19415981300167934,-0.6952528237997811,0,274,22,2018-02-26,2,Sèche
Hauts-Bassins (Bobo),2018,10,-0.69241897443621,1.7526963406888856,-0.1744570468829486,0,506,7,2018-03-05,3,Sèche
Hauts-Bassins (Bobo),2018,11,-0.638821072549879,1.2915988306042787,0.3116190115727613,0,396,18,2018-03-12,3,Sèche
Hauts-Bassins (Bobo),2018,12,-0.627537303731704,1.4452980006324816,1.4573697207897944,0,446,17,2018-03-19,3,Sèche
Hauts-Bassins (Bobo),2018,13,-0.661388610186229,1.4452980006324816,1.0580929584868874,0,392,16,2018-03-26,3,Sèche
Hauts-Bassins (Bobo),2018,14,-0.5739394018453728,2.3931095491397296,-0.6605331053386585,0,308,10,2018-04-02,4,Sèche
Hauts-Bassins (Bobo),2018,15,-0.6895980322316664,1.3684484156183792,0.6761760554145456,0,466,19,2018-04-09,4,Sèche
Hauts-Bassins (Bobo),2018,16,-0.6754933212089477,2.7005078891961354,1.3358507061758664,0,347,5,2018-04-16,4,Sèche
Hauts-Bassins (Bobo),2018,17,-0.6218954193226165,1.0866666039000095,-0.40013521688024223,0,494,9,2018-04-23,4,Sèche
Hauts-Bassins (Bobo),2018,18,-0.6670304945953164,2.495575662491866,0.9539338031035219,0,508,17,2018-04-30,4,Sèche
Hauts-Bassins (Bobo),2018,19,-0.6585676679816851,-0.014844114635443224,-1.2160486007166138,0,434,22,2018-05-07,5,Pluvieuse
Hauts-Bassins (Bobo),2018,20,-0.6557467257771414,0.42063686711113135,0.8324147884895938,0,520,16,2018-05-14,5,Pluvieuse
Hauts-Bassins (Bobo),2018,21,-0.5965069394817228,-0.5527912097341515,-1.5632457853278354,0,420,21,2018-05-21,5,Pluvieuse
Hauts-Bassins (Bobo),2018,22,1.200433244812641,0.42063686711113135,0.762975351567351,0,299,5,2018-05-28,5,Pluvieuse
Hauts-Bassins (Bobo),2018,23,0.8308898160174109,-1.2444374748610627,1.6309683130954054,0,493,24,2018-06-04,6,Pluvieuse
Hauts-Bassins (Bobo),2018,24,0.7519034342901859,-0.937039134804658,0.13802041926715045,0,361,13,2018-06-11,6,Pluvieuse
Hauts-Bassins (Bobo),2018,25,1.8633546628804205,-0.5527912097341515,-0.22653662457463136,0,387,12,2018-06-18,6,Pluvieuse
Hauts-Bassins (Bobo),2018,26,1.9169525647667514,-0.11731022798757788,-0.13973732842182593,0,2237,5,2018-06-25,6,Pluvieuse
Hauts-Bassins (Bobo),2018,27,-0.08309545825476174,-0.296625926353814,-1.7194845184028862,0,2498,29,2018-07-02,7,Pluvieuse
Hauts-Bassins (Bobo),2018,28,0.9098761977446356,-1.3981366448892656,0.8150549292590338,0,2145,22,2018-07-09,7,Pluvieuse
Hauts-Bassins (Bobo),2018,29,-0.04642320959569307,-1.0907383048328607,-0.9382908530276374,0,2449,16,2018-07-16,7,Pluvieuse
Hauts-Bassins (Bobo),2018,30,1.801293934380458,0.1644715837307938,0.8671345069507166,0,2361,13,2018-07-23,7,Pluvieuse
Hauts-Bassins (Bobo),2018,31,1.5643347891987835,-0.3222424546918481,0.4504978854172495,0,2404,25,2018-07-30,7,Pluvieuse
Hauts-Bassins (Bobo),2018,32,0.8647411224719356,-0.2710093980157808,0.38105844849500664,0,1644,7,2018-08-06,8,Pluvieuse
Hauts-Bassins (Bobo),2018,33,0.6870217635856799,-0.3990920397059496,-0.556373949955293,0,2634,21,2018-08-13,8,Pluvieuse
Hauts-Bassins (Bobo),2018,34,1.2794196265398656,-0.5784077380721857,0.4331380261866894,0,1936,22,2018-08-20,8,Pluvieuse
Hauts-Bassins (Bobo),2018,35,1.8464290096531577,-0.4759416247200501,-0.9382908530276374,0,2569,9,2018-08-27,8,Pluvieuse
Hauts-Bassins (Bobo),2018,36,2.3767661441073815,-1.0395052481567935,-1.5285260668667129,0,2534,6,2018-09-03,9,Pluvieuse
Hauts-Bassins (Bobo),2018,37,1.0537442501763663,0.11323852705472555,0.27689929311163863,0,1673,28,2018-09-10,9,Pluvieuse
Hauts-Bassins (Bobo),2018,38,2.36830331749375,-0.5527912097341515,1.1622521138702555,0,2027,59,2018-09-17,9,Pluvieuse
Hauts-Bassins (Bobo),2018,39,1.4176457945625092,-0.2710093980157808,-1.3202077560999792,0,2200,60,2018-09-24,9,Pluvieuse
Hauts-Bassins (Bobo),2018,40,1.8718174894940516,-1.1932044181849955,1.6309683130954054,0,1777,81,2018-10-01,10,Pluvieuse
Hauts-Bassins (Bobo),2018,41,-0.5908650550726353,-0.7321069081003877,-1.3028478968694193,0,1822,96,2018-10-08,10,Pluvieuse
Hauts-Bassins (Bobo),2018,42,-0.6952399166407538,0.3694038104350631,-0.5042943722636102,0,1670,60,2018-10-15,10,Pluvieuse
Hauts-Bassins (Bobo),2018,43,-0.6472838991635101,-0.6040242664102189,0.033861263883784916,0,2408,64,2018-10-22,10,Pluvieuse
Hauts-Bassins (Bobo),2018,44,-0.6783142634134913,0.1644715837307938,-1.0077302899498801,0,1783,91,2018-10-29,10,Pluvieuse
Hauts-Bassins (Bobo),2018,45,-0.5739394018453728,-0.8089564931144891,0.46785774464781205,0,2522,63,2018-11-05,11,Sèche
Hauts-Bassins (Bobo),2018,46,-0.627537303731704,0.1644715837307938,-0.556373949955293,0,2028,32,2018-11-12,11,Sèche
Hauts-Bassins (Bobo),2018,47,-0.6247163615271603,-0.040460642973476436,-1.3028478968694193,0,494,22,2018-11-19,11,Sèche
Hauts-Bassins (Bobo),2018,48,-0.6303582459362477,0.08762199871669235,-0.46957465380248753,0,367,6,2018-11-26,11,Sèche
Hauts-Bassins (Bobo),2018,49,-0.5852231706635478,-0.3990920397059496,1.6656880315565255,0,405,26,2018-12-03,12,Sèche
Hauts-Bassins (Bobo),2018,50,-0.6134325927089853,-0.9882721914807252,-0.1918169061135087,0,410,27,2018-12-10,12,Sèche
Hauts-Bassins (Bobo),2018,51,-0.6867770900271225,-0.6808738514243203,-1.47644648917503,0,333,18,2018-12-17,12,Sèche
Hauts-Bassins (Bobo),2018,52,-0.604969766095354,-1.2444374748610627,1.266411269253621,0,382,13,2018-12-24,12,Sèche
Hauts-Bassins (Bobo),2019,1,-0.5852231706635478,-0.1685432846636452,0.36369858926444404,0,287,25,2019-01-07,1,Sèche
Hauts-Bassins (Bobo),2019,2,-0.5908650550726353,0.08762199871669235,-0.573733809185853,0,427,19,2019-01-14,1,Sèche
Hauts-Bassins (Bobo),2019,3,-0.5965069394817228,-0.8601895497905564,0.346338730033884,0,362,14,2019-01-21,1,Sèche
Hauts-Bassins (Bobo),2019,4,-0.6867770900271225,-0.7064903797623544,0.016501404653222352,0,460,21,2019-01-28,1,Sèche
Hauts-Bassins (Bobo),2019,5,-0.6895980322316664,0.3694038104350631,-0.10501760996070328,0,425,9,2019-02-04,2,Sèche
Hauts-Bassins (Bobo),2019,6,-0.6077907082998978,-1.0138887198187594,0.06858098234490759,0,328,18,2019-02-11,2,Sèche
Hauts-Bassins (Bobo),2019,7,-0.6670304945953164,0.21570464040686113,1.6309683130954054,0,472,6,2019-02-18,2,Sèche
Hauts-Bassins (Bobo),2019,8,-0.7008818010498412,0.26693769708292847,1.144892254639693,0,271,7,2019-02-25,2,Sèche
Hauts-Bassins (Bobo),2019,9,-0.6783142634134913,-0.1685432846636452,-0.8862112753359521,0,481,11,2019-03-04,3,Sèche
Hauts-Bassins (Bobo),2019,10,-0.5852231706635478,2.5724252475059664,0.10330070080602778,0,392,9,2019-03-11,3,Sèche
Hauts-Bassins (Bobo),2019,11,-0.5795812862544604,2.495575662491866,-1.7021246591723236,0,305,19,2019-03-18,3,Sèche
Hauts-Bassins (Bobo),2019,12,-0.7093446276634725,2.3674930208016973,0.15538027849771302,0,432,26,2019-03-25,3,Sèche
Hauts-Bassins (Bobo),2019,13,-0.638821072549879,1.9576285673931568,1.1101725361785728,0,409,24,2019-04-01,4,Sèche
Hauts-Bassins (Bobo),2019,14,-0.6839561478225789,1.983245095731191,-0.6431732461080985,0,315,7,2019-04-08,4,Sèche
Hauts-Bassins (Bobo),2019,15,-0.6106116505044415,1.8039293973649537,-1.2334084599471737,0,287,10,2019-04-15,4,Sèche
Hauts-Bassins (Bobo),2019,16,-0.6218954193226165,1.4452980006324816,1.196971832331378,0,409,10,2019-04-22,4,Sèche
Hauts-Bassins (Bobo),2019,17,-0.6895980322316664,2.6492748325200672,-1.5458859260972753,0,291,24,2019-04-29,4,Sèche
Hauts-Bassins (Bobo),2019,18,-0.6416420147544227,1.1378996605760758,-1.181328882255491,0,387,27,2019-05-06,5,Pluvieuse
Hauts-Bassins (Bobo),2019,19,-0.6331791881407914,0.1644715837307938,-0.9035711345665147,0,472,22,2019-05-13,5,Pluvieuse
Hauts-Bassins (Bobo),2019,20,-0.5852231706635478,-1.3725201165512315,0.5199373223394949,0,514,5,2019-05-20,5,Pluvieuse
Hauts-Bassins (Bobo),2019,21,-0.638821072549879,0.5743360371393342,0.5199373223394949,0,290,28,2019-05-27,5,Pluvieuse
Hauts-Bassins (Bobo),2019,22,2.661681306766299,-0.3222424546918481,1.0407330992563273,0,443,19,2019-06-03,6,Pluvieuse
Hauts-Bassins (Bobo),2019,23,1.90848973815312,0.4718699237871978,1.4052901430981093,0,366,13,2019-06-10,6,Pluvieuse
Hauts-Bassins (Bobo),2019,24,2.4077965083573627,0.21570464040686113,0.8324147884895938,0,282,18,2019-06-17,6,Pluvieuse
Hauts-Bassins (Bobo),2019,25,1.276598684335322,-0.42470856804398277,-0.6778929645692211,0,424,20,2019-06-24,6,Pluvieuse
Hauts-Bassins (Bobo),2019,26,0.12565426488147524,0.5487195088013002,-0.05293803226902051,0,2398,27,2019-07-01,7,Pluvieuse
Hauts-Bassins (Bobo),2019,27,1.2850615109489532,0.190088112068827,-0.9903704307193201,0,2224,14,2019-07-08,7,Pluvieuse
Hauts-Bassins (Bobo),2019,28,0.8760248912901107,0.24132116874489434,-0.13973732842182593,0,2459,19,2019-07-15,7,Pluvieuse
Hauts-Bassins (Bobo),2019,29,1.2371054934717096,-0.1685432846636452,-0.08765775073014317,0,2483,20,2019-07-22,7,Pluvieuse
Hauts-Bassins (Bobo),2019,30,1.7194866104486894,-1.1675878898469623,-0.8167718384137093,0,1624,15,2019-07-29,7,Pluvieuse
Hauts-Bassins (Bobo),2019,31,0.8055013361765172,0.6255690938154007,0.7456154923367885,0,2626,7,2019-08-05,8,Pluvieuse
Hauts-Bassins (Bobo),2019,32,0.12283332267693146,0.3694038104350631,0.4504978854172495,0,1818,9,2019-08-12,8,Pluvieuse
Hauts-Bassins (Bobo),2019,33,0.6164982084720864,-1.0138887198187594,-1.1639690230249309,0,1703,14,2019-08-19,8,Pluvieuse
Hauts-Bassins (Bobo),2019,34,0.7490824920856424,0.13885505539275966,-0.747332401491464,0,2446,5,2019-08-26,8,Pluvieuse
Hauts-Bassins (Bobo),2019,35,1.2230007824489908,0.08762199871669235,0.9886535215646446,0,2088,26,2019-09-02,9,Pluvieuse
Hauts-Bassins (Bobo),2019,36,2.215972438448388,0.24132116874489434,-1.2334084599471737,0,1963,13,2019-09-09,9,Pluvieuse
Hauts-Bassins (Bobo),2019,37,1.0481023657672788,-0.6808738514243203,-0.07029789149958307,0,1637,6,2019-09-16,9,Pluvieuse
Hauts-Bassins (Bobo),2019,38,1.733591321471408,-0.5784077380721857,0.39841830772556674,0,2228,95,2019-09-23,9,Pluvieuse
Hauts-Bassins (Bobo),2019,39,0.5121233469039678,-0.962655663142692,-0.1570971876523885,0,1874,77,2019-09-30,9,Pluvieuse
Hauts-Bassins (Bobo),2019,40,2.489603832289131,-0.09169369964954377,-1.0077302899498801,0,2127,72,2019-10-07,10,Pluvieuse
Hauts-Bassins (Bobo),2019,41,-0.5852231706635478,-0.34785898302988133,0.8324147884895938,0,2570,46,2019-10-14,10,Pluvieuse
Hauts-Bassins (Bobo),2019,42,-0.7037027432543851,-1.2444374748610627,-0.8341316976442694,0,2261,87,2019-10-21,10,Pluvieuse
Hauts-Bassins (Bobo),2019,43,-0.6106116505044415,0.3181707537589958,0.36369858926444404,0,2375,86,2019-10-28,10,Pluvieuse
Hauts-Bassins (Bobo),2019,44,-0.6670304945953164,-1.0395052481567935,0.033861263883784916,0,2117,65,2019-11-04,11,Sèche
Hauts-Bassins (Bobo),2019,45,-0.6077907082998978,-0.6808738514243203,0.8844943661812766,0,2440,34,2019-11-11,11,Sèche
Hauts-Bassins (Bobo),2019,46,-0.7065236854589287,0.190088112068827,-1.1639690230249309,0,2145,46,2019-11-18,11,Sèche
Hauts-Bassins (Bobo),2019,47,-0.6134325927089853,-0.5015581530580843,-1.6847647999417636,0,274,5,2019-11-25,11,Sèche
Hauts-Bassins (Bobo),2019,48,-0.6529257835725977,-0.6808738514243203,1.683047890787088,0,311,27,2019-12-02,12,Sèche
Hauts-Bassins (Bobo),2019,49,-0.6472838991635101,-1.3725201165512315,1.144892254639693,0,323,5,2019-12-09,12,Sèche
Hauts-Bassins (Bobo),2019,50,-0.69241897443621,-1.1419713615089282,1.0233732400257674,0,498,7,2019-12-16,12,Sèche
Hauts-Bassins (Bobo),2019,51,-0.5739394018453728,-0.6808738514243203,1.0407330992563273,0,413,14,2019-12-23,12,Sèche
Hauts-Bassins (Bobo),2019,52,-0.6754933212089477,-0.8345730214525232,-1.181328882255491,0,445,14,2019-12-30,12,Sèche
Hauts-Bassins (Bobo),2020,1,-0.604969766095354,-1.1419713615089282,-0.24389648380519394,0,472,8,2020-01-06,1,Sèche
Hauts-Bassins (Bobo),2020,2,-0.6106116505044415,0.4718699237871978,0.46785774464781205,0,471,6,2020-01-13,1,Sèche
Hauts-Bassins (Bobo),2020,3,-0.604969766095354,-0.24539286967774668,0.033861263883784916,0,417,6,2020-01-20,1,Sèche
Hauts-Bassins (Bobo),2020,4,-0.638821072549879,-0.4503250963820169,1.1796119731008157,0,385,13,2020-01-27,1,Sèche
Hauts-Bassins (Bobo),2020,5,-0.6670304945953164,-0.34785898302988133,1.4052901430981093,0,477,11,2020-02-03,2,Sèche
Hauts-Bassins (Bobo),2020,6,-0.6754933212089477,-0.09169369964954377,1.5268091577120373,0,370,7,2020-02-10,2,Sèche
Hauts-Bassins (Bobo),2020,7,-0.604969766095354,-0.24539286967774668,-0.261256343035754,0,504,6,2020-02-17,2,Sèche
Hauts-Bassins (Bobo),2020,8,-0.6867770900271225,0.1644715837307938,1.370570424636989,0,514,8,2020-02-24,2,Sèche
Hauts-Bassins (Bobo),2020,9,-0.638821072549879,0.3950203387730972,-0.1744570468829486,0,337,15,2020-03-02,3,Sèche
Hauts-Bassins (Bobo),2020,10,-0.6021488238908103,1.035433547223941,0.3116190115727613,0,398,25,2020-03-09,3,Sèche
Hauts-Bassins (Bobo),2020,11,-0.5936859972771792,2.4187260774777637,-1.181328882255491,0,464,6,2020-03-16,3,Sèche
Hauts-Bassins (Bobo),2020,12,-0.604969766095354,1.522147585646582,-0.018218313807897846,0,385,25,2020-03-23,3,Sèche
Hauts-Bassins (Bobo),2020,13,-0.6726723790044038,1.7783128690269197,-0.7126126830303413,0,361,8,2020-03-30,3,Sèche
Hauts-Bassins (Bobo),2020,14,-0.6021488238908103,0.9329674338718065,0.7803352107979111,0,403,7,2020-04-06,4,Sèche
Hauts-Bassins (Bobo),2020,15,-0.5767603440499166,1.9320120390551225,0.5893767592617402,0,433,13,2020-04-13,4,Sèche
Hauts-Bassins (Bobo),2020,16,-0.6811352056180351,1.2659823022662446,0.20745985618939577,0,346,15,2020-04-20,4,Sèche
Hauts-Bassins (Bobo),2020,17,-0.6642095523907726,1.6246136989987168,0.22481971541995588,0,320,27,2020-04-27,4,Sèche
Hauts-Bassins (Bobo),2020,18,-0.6501048413680539,1.522147585646582,1.7004077500176482,0,451,27,2020-05-04,5,Pluvieuse
Hauts-Bassins (Bobo),2020,19,-0.6698514367998601,-0.06607717131151056,-1.667404940711201,0,462,6,2020-05-11,5,Pluvieuse
Hauts-Bassins (Bobo),2020,20,-0.6557467257771414,0.06200547037865822,-0.5390140907247304,0,312,20,2020-05-18,5,Pluvieuse
Hauts-Bassins (Bobo),2020,21,-0.6218954193226165,-0.2710093980157808,-1.4938063484055901,0,324,28,2020-05-25,5,Pluvieuse
Hauts-Bassins (Bobo),2020,22,-0.10848393809565539,-1.0907383048328607,-0.3133359207274368,0,500,13,2020-06-01,6,Pluvieuse
Hauts-Bassins (Bobo),2020,23,0.19899876219961257,-0.34785898302988133,1.0060133807952047,0,428,12,2020-06-08,6,Pluvieuse
Hauts-Bassins (Bobo),2020,24,0.24131289526776872,-0.4759416247200501,0.12066056003659034,0,507,14,2020-06-15,6,Pluvieuse
Hauts-Bassins (Bobo),2020,25,1.4458552166079466,0.190088112068827,-0.018218313807897846,0,396,11,2020-06-22,6,Pluvieuse
Hauts-Bassins (Bobo),2020,26,1.9761923510621702,-0.2710093980157808,-0.22653662457463136,0,1586,20,2020-06-29,6,Pluvieuse
Hauts-Bassins (Bobo),2020,27,-0.0266766141638869,0.6255690938154007,-1.6847647999417636,0,2571,18,2020-07-06,7,Pluvieuse
Hauts-Bassins (Bobo),2020,28,-0.04642320959569307,-0.142926756325612,1.2837711284841835,0,2213,8,2020-07-13,7,Pluvieuse
Hauts-Bassins (Bobo),2020,29,0.9634740996309665,0.2925542254209626,-0.8167718384137093,0,2373,18,2020-07-20,7,Pluvieuse
Hauts-Bassins (Bobo),2020,30,-0.0012881343229931561,0.190088112068827,0.7976950700284712,0,2050,20,2020-07-27,7,Pluvieuse
Hauts-Bassins (Bobo),2020,31,2.139806998925707,-1.3725201165512315,1.2837711284841835,0,1753,20,2020-08-03,8,Pluvieuse
Hauts-Bassins (Bobo),2020,32,0.1002657850405815,0.523102980463266,0.5546570408006175,0,1841,7,2020-08-10,8,Pluvieuse
Hauts-Bassins (Bobo),2020,33,0.44442073399491805,0.6255690938154007,-0.9903704307193201,0,2370,17,2020-08-17,8,Pluvieuse
Hauts-Bassins (Bobo),2020,34,0.4951976936767055,0.4974864521252319,0.5720169000311776,0,1960,19,2020-08-24,8,Pluvieuse
Hauts-Bassins (Bobo),2020,35,2.2018677274256695,-1.1675878898469623,1.4747295800203546,0,2051,20,2020-08-31,8,Pluvieuse
Hauts-Bassins (Bobo),2020,36,0.07769824740423155,-1.1675878898469623,-1.1639690230249309,0,2030,20,2020-09-07,9,Pluvieuse
Hauts-Bassins (Bobo),2020,37,1.8125777031986332,-0.962655663142692,1.6656880315565255,0,2072,8,2020-09-14,9,Pluvieuse
Hauts-Bassins (Bobo),2020,38,-0.02949755636843058,-1.116354833170894,-0.3827753576496821,0,2033,207,2020-09-21,9,Pluvieuse
Hauts-Bassins (Bobo),2020,39,1.832324298630439,-1.3725201165512315,0.3289788708033239,0,1932,329,2020-09-28,9,Pluvieuse
Hauts-Bassins (Bobo),2020,40,0.8055013361765172,-0.296625926353814,0.346338730033884,0,1643,318,2020-10-05,10,Pluvieuse
Hauts-Bassins (Bobo),2020,41,-0.6416420147544227,0.13885505539275966,0.2942591523422012,0,2286,291,2020-10-12,10,Pluvieuse
Hauts-Bassins (Bobo),2020,42,-0.661388610186229,-0.2710093980157808,-1.059809867641563,0,2314,384,2020-10-19,10,Pluvieuse
Hauts-Bassins (Bobo),2020,43,-0.6867770900271225,-0.8345730214525232,-1.5979655037889582,0,1723,381,2020-10-26,10,Pluvieuse
Hauts-Bassins (Bobo),2020,44,-0.5767603440499166,-0.5271746813961183,0.12066056003659034,0,2276,340,2020-11-02,11,Sèche
Hauts-Bassins (Bobo),2020,45,-0.6331791881407914,-1.1419713615089282,-1.6326852222500807,0,1919,365,2020-11-09,11,Sèche
Hauts-Bassins (Bobo),2020,46,-0.69241897443621,-1.2444374748610627,0.1727401377282731,0,2305,304,2020-11-16,11,Sèche
Hauts-Bassins (Bobo),2020,47,-0.6501048413680539,-1.116354833170894,0.762975351567351,0,341,29,2020-11-23,11,Sèche
Hauts-Bassins (Bobo),2020,48,-0.6331791881407914,-1.2188209465230295,-0.9209309937970748,0,466,25,2020-11-30,11,Sèche
Hauts-Bassins (Bobo),2020,49,-0.6106116505044415,0.21570464040686113,-0.07029789149958307,0,408,9,2020-12-07,12,Sèche
Hauts-Bassins (Bobo),2020,50,-0.6783142634134913,-1.270054003199097,-0.24389648380519394,0,370,21,2020-12-14,12,Sèche
Hauts-Bassins (Bobo),2020,51,-0.6529257835725977,-1.3725201165512315,-1.0077302899498801,0,412,22,2020-12-21,12,Sèche
Hauts-Bassins (Bobo),2020,52,-0.6726723790044038,-0.296625926353814,-0.556373949955293,0,498,18,2020-12-28,12,Sèche
Hauts-Bassins (Bobo),2021,1,-0.6077907082998978,-0.3222424546918481,-0.8862112753359521,0,417,8,2021-01-04,1,Sèche
Hauts-Bassins (Bobo),2021,2,-0.638821072549879,-0.8345730214525232,1.4052901430981093,0,290,25,2021-01-11,1,Sèche
Hauts-Bassins (Bobo),2021,3,-0.627537303731704,-0.5784077380721857,-0.22653662457463136,0,388,7,2021-01-18,1,Sèche
Hauts-Bassins (Bobo),2021,4,-0.5993278816862666,-0.9114226064666247,-0.7646922607220265,0,463,13,2021-01-25,1,Sèche
Hauts-Bassins (Bobo),2021,5,-0.6895980322316664,0.2925542254209626,1.57888873540372,0,268,27,2021-02-01,2,Sèche
Hauts-Bassins (Bobo),2021,6,-0.5880441128680916,-0.6808738514243203,1.56152887617316,0,410,20,2021-02-08,2,Sèche
Hauts-Bassins (Bobo),2021,7,-0.5795812862544604,0.06200547037865822,1.266411269253621,0,333,9,2021-02-15,2,Sèche
Hauts-Bassins (Bobo),2021,8,-0.7008818010498412,0.21570464040686113,1.6483281723259653,0,465,26,2021-02-22,2,Sèche
Hauts-Bassins (Bobo),2021,9,-0.6585676679816851,-0.142926756325612,-1.45908662994447,0,391,19,2021-03-01,3,Sèche
Hauts-Bassins (Bobo),2021,10,-0.7065236854589287,1.4452980006324816,-1.5285260668667129,0,472,26,2021-03-08,3,Sèche
Hauts-Bassins (Bobo),2021,11,-0.604969766095354,1.7270798123508533,-1.4417267707139074,0,391,19,2021-03-15,3,Sèche
Hauts-Bassins (Bobo),2021,12,-0.661388610186229,1.522147585646582,0.6067366184923002,0,460,6,2021-03-22,3,Sèche
Hauts-Bassins (Bobo),2021,13,-0.6077907082998978,2.1113277374213597,-1.3722873337916646,0,474,6,2021-03-29,3,Sèche
Hauts-Bassins (Bobo),2021,14,-0.6303582459362477,2.3162599641256287,-1.5458859260972753,0,453,6,2021-04-05,4,Sèche
Hauts-Bassins (Bobo),2021,15,-0.6726723790044038,2.18817732243546,-1.1292493045638083,0,332,29,2021-04-12,4,Sèche
Hauts-Bassins (Bobo),2021,16,-0.5852231706635478,1.5989971706606845,-0.2786162022663141,0,327,25,2021-04-19,4,Sèche
Hauts-Bassins (Bobo),2021,17,-0.6754933212089477,1.189132717252144,1.5441690169426,0,285,14,2021-04-26,4,Sèche
Hauts-Bassins (Bobo),2021,18,-0.6980608588452976,2.7005078891961354,-0.40013521688024223,0,363,27,2021-05-03,5,Pluvieuse
Hauts-Bassins (Bobo),2021,19,-0.5880441128680916,-1.3725201165512315,-0.7126126830303413,0,409,11,2021-05-10,5,Pluvieuse
Hauts-Bassins (Bobo),2021,20,-0.6444629569589664,0.6255690938154007,0.762975351567351,0,315,11,2021-05-17,5,Pluvieuse
Hauts-Bassins (Bobo),2021,21,-0.6670304945953164,-0.24539286967774668,-0.6084535276469758,0,284,23,2021-05-24,5,Pluvieuse
Hauts-Bassins (Bobo),2021,22,1.1750447649717473,-0.11731022798757788,0.6935359146451057,0,273,5,2021-05-31,5,Pluvieuse
Hauts-Bassins (Bobo),2021,23,2.599620578266337,-0.6552573230862871,0.5372971815700549,0,431,24,2021-06-07,6,Pluvieuse
Hauts-Bassins (Bobo),2021,24,0.66445422594933,0.3694038104350631,0.016501404653222352,0,286,26,2021-06-14,6,Pluvieuse
Hauts-Bassins (Bobo),2021,25,0.31183645038136226,-0.6552573230862871,-0.1744570468829486,0,390,17,2021-06-21,6,Pluvieuse
Hauts-Bassins (Bobo),2021,26,2.546022676380006,0.03638894204062502,-0.6605331053386585,0,1781,8,2021-06-28,6,Pluvieuse
Hauts-Bassins (Bobo),2021,27,1.832324298630439,0.6511856221534348,-1.3375676153305418,0,2051,17,2021-07-05,7,Pluvieuse
Hauts-Bassins (Bobo),2021,28,0.5431537111539491,-0.8345730214525232,0.20745985618939577,0,2245,25,2021-07-12,7,Pluvieuse
Hauts-Bassins (Bobo),2021,29,1.3584060082670903,0.010772413702590895,1.3879302838675491,0,1742,21,2021-07-19,7,Pluvieuse
Hauts-Bassins (Bobo),2021,30,1.758979801312302,-0.7577234364384218,0.48521760387837215,0,1615,9,2021-07-26,7,Pluvieuse
Hauts-Bassins (Bobo),2021,31,0.881666775699198,0.5487195088013002,-1.6153253630195181,0,2241,26,2021-08-02,8,Pluvieuse
Hauts-Bassins (Bobo),2021,32,2.1003138080620944,-0.8089564931144891,0.3116190115727613,0,2087,22,2021-08-09,8,Pluvieuse
Hauts-Bassins (Bobo),2021,33,0.1341170914951064,-0.2710093980157808,-1.667404940711201,0,1872,22,2021-08-16,8,Pluvieuse
Hauts-Bassins (Bobo),2021,34,1.3217337596080219,-0.3990920397059496,-1.5111662076361527,0,1689,5,2021-08-23,8,Pluvieuse
Hauts-Bassins (Bobo),2021,35,2.06646250160757,-0.7577234364384218,-1.667404940711201,0,2047,26,2021-08-30,8,Pluvieuse
Hauts-Bassins (Bobo),2021,36,1.5050950029033652,-1.116354833170894,-0.07029789149958307,0,2307,17,2021-09-06,9,Pluvieuse
Hauts-Bassins (Bobo),2021,37,1.5333044249488026,0.190088112068827,-0.08765775073014317,0,2058,23,2021-09-13,9,Pluvieuse
Hauts-Bassins (Bobo),2021,38,1.5304834827442588,-1.270054003199097,-0.7994119791831467,0,2472,367,2021-09-20,9,Pluvieuse
Hauts-Bassins (Bobo),2021,39,1.7053818994259706,-1.270054003199097,1.370570424636989,0,2383,189,2021-09-27,9,Pluvieuse
Hauts-Bassins (Bobo),2021,40,0.6729170525629612,-0.783339964776456,1.0060133807952047,0,1570,291,2021-10-04,10,Pluvieuse
Hauts-Bassins (Bobo),2021,41,-0.7065236854589287,0.5999525654773665,1.0928126769480102,0,1878,126,2021-10-11,10,Pluvieuse
Hauts-Bassins (Bobo),2021,42,-0.6726723790044038,0.3181707537589958,0.5720169000311776,0,2207,280,2021-10-18,10,Pluvieuse
Hauts-Bassins (Bobo),2021,43,-0.6980608588452976,0.523102980463266,1.4226500023286717,0,2282,131,2021-10-25,10,Pluvieuse
Hauts-Bassins (Bobo),2021,44,-0.6529257835725977,0.3694038104350631,-1.3896471930222245,0,2130,290,2021-11-01,11,Sèche
Hauts-Bassins (Bobo),2021,45,-0.5767603440499166,-0.19415981300167934,-0.2959760614968767,0,2031,148,2021-11-08,11,Sèche
Hauts-Bassins (Bobo),2021,46,-0.6077907082998978,-0.9882721914807252,1.5268091577120373,0,2019,190,2021-11-15,11,Sèche
Hauts-Bassins (Bobo),2021,47,-0.6980608588452976,0.24132116874489434,-0.7646922607220265,0,395,15,2021-11-22,11,Sèche
Hauts-Bassins (Bobo),2021,48,-0.6642095523907726,-0.5271746813961183,0.5025774631089347,0,392,24,2021-11-29,11,Sèche
Hauts-Bassins (Bobo),2021,49,-0.6952399166407538,-0.014844114635443224,-0.5910936684164156,0,264,15,2021-12-06,12,Sèche
Hauts-Bassins (Bobo),2021,50,-0.6077907082998978,0.4462533954491655,-1.2681281784082965,0,341,26,2021-12-13,12,Sèche
Hauts-Bassins (Bobo),2021,51,-0.6444629569589664,-0.4503250963820169,0.39841830772556674,0,400,15,2021-12-20,12,Sèche
Hauts-Bassins (Bobo),2021,52,-0.6218954193226165,0.3694038104350631,-0.6952528237997811,0,295,28,2021-12-27,12,Sèche
Hauts-Bassins (Bobo),2022,1,-0.6557467257771414,-1.0651217764948266,1.1796119731008157,0,457,15,2022-01-03,1,Sèche
Hauts-Bassins (Bobo),2022,2,-0.6501048413680539,-0.3222424546918481,0.12066056003659034,0,355,8,2022-01-10,1,Sèche
Hauts-Bassins (Bobo),2022,3,-0.6670304945953164,-1.3469035882131983,0.033861263883784916,0,322,5,2022-01-17,1,Sèche
Hauts-Bassins (Bobo),2022,4,-0.6331791881407914,-1.0651217764948266,-0.018218313807897846,0,356,6,2022-01-24,1,Sèche
Hauts-Bassins (Bobo),2022,5,-0.5880441128680916,-1.1419713615089282,0.033861263883784916,0,459,6,2022-01-31,1,Sèche
Hauts-Bassins (Bobo),2022,6,-0.5824022284590041,-1.116354833170894,-0.9382908530276374,0,464,27,2022-02-07,2,Sèche
Hauts-Bassins (Bobo),2022,7,-0.6726723790044038,-0.8089564931144891,-0.22653662457463136,0,375,18,2022-02-14,2,Sèche
Hauts-Bassins (Bobo),2022,8,-0.69241897443621,-0.3990920397059496,-0.1744570468829486,0,425,7,2022-02-21,2,Sèche
Hauts-Bassins (Bobo),2022,9,-0.7008818010498412,-1.0651217764948266,-1.181328882255491,0,261,29,2022-02-28,2,Sèche
Hauts-Bassins (Bobo),2022,10,-0.5880441128680916,1.2659823022662446,-0.6258133868775358,0,477,13,2022-03-07,3,Sèche
Hauts-Bassins (Bobo),2022,11,-0.5739394018453728,1.5989971706606845,1.07545281771745,0,446,11,2022-03-14,3,Sèche
Hauts-Bassins (Bobo),2022,12,-0.5711184596408291,1.5477641139846163,-0.3480556391885595,0,478,26,2022-03-21,3,Sèche
Hauts-Bassins (Bobo),2022,13,-0.5682975174362854,2.5468087191679323,-0.3133359207274368,0,377,28,2022-03-28,3,Sèche
Hauts-Bassins (Bobo),2022,14,-0.5908650550726353,2.162560794097426,-0.3133359207274368,0,340,7,2022-04-04,4,Sèche
Hauts-Bassins (Bobo),2022,15,-0.616253534913529,1.214749245590178,0.6067366184923002,0,437,27,2022-04-11,4,Sèche
Hauts-Bassins (Bobo),2022,16,-0.6726723790044038,1.522147585646582,-0.5042943722636102,0,276,19,2022-04-18,4,Sèche
Hauts-Bassins (Bobo),2022,17,-0.7008818010498412,2.5468087191679323,-0.3480556391885595,0,404,29,2022-04-25,4,Sèche
Hauts-Bassins (Bobo),2022,18,-0.5936859972771792,1.1122831322380418,0.3116190115727613,0,443,6,2022-05-02,5,Pluvieuse
Hauts-Bassins (Bobo),2022,19,-0.6501048413680539,-0.11731022798757788,-0.8688514161053921,0,464,22,2022-05-09,5,Pluvieuse
Hauts-Bassins (Bobo),2022,20,-0.5880441128680916,-0.11731022798757788,0.8150549292590338,0,394,28,2022-05-16,5,Pluvieuse
Hauts-Bassins (Bobo),2022,21,-0.6303582459362477,-1.295670531537131,-1.6326852222500807,0,399,21,2022-05-23,5,Pluvieuse
Hauts-Bassins (Bobo),2022,22,0.7857547407447109,-0.1685432846636452,1.196971832331378,0,442,6,2022-05-30,5,Pluvieuse
Hauts-Bassins (Bobo),2022,23,0.30619456597227473,-1.270054003199097,0.6761760554145456,0,302,29,2022-06-06,6,Pluvieuse
Hauts-Bassins (Bobo),2022,24,1.428929563380684,-0.3222424546918481,-0.20917676534407126,0,448,9,2022-06-13,6,Pluvieuse
Hauts-Bassins (Bobo),2022,25,0.21874535763141867,-0.19415981300167934,-0.3133359207274368,0,383,29,2022-06-20,6,Pluvieuse
Hauts-Bassins (Bobo),2022,26,0.05513070976788169,-0.5015581530580843,-0.03557817303846041,0,2021,16,2022-06-27,6,Pluvieuse
Hauts-Bassins (Bobo),2022,27,1.770263570130477,0.26693769708292847,1.56152887617316,0,2454,7,2022-07-04,7,Pluvieuse
Hauts-Bassins (Bobo),2022,28,2.6588603645617557,0.1644715837307938,-0.05293803226902051,0,1882,6,2022-07-11,7,Pluvieuse
Hauts-Bassins (Bobo),2022,29,2.2554656293120003,-1.3725201165512315,-1.354927474561102,0,1575,5,2022-07-18,7,Pluvieuse
Hauts-Bassins (Bobo),2022,30,0.22156629983596243,-0.19415981300167934,0.5893767592617402,0,1568,6,2022-07-25,7,Pluvieuse
Hauts-Bassins (Bobo),2022,31,1.0763117878127162,0.03638894204062502,0.1900999969588332,0,2338,29,2022-08-01,8,Pluvieuse
Hauts-Bassins (Bobo),2022,32,1.4599599276306654,-0.9114226064666247,-1.0250901491804427,0,2117,11,2022-08-08,8,Pluvieuse
Hauts-Bassins (Bobo),2022,33,1.8718174894940516,-1.0907383048328607,-1.0424500084110029,0,2018,13,2022-08-15,8,Pluvieuse
Hauts-Bassins (Bobo),2022,34,0.6729170525629612,-1.3212870598751643,0.8324147884895938,0,1680,9,2022-08-22,8,Pluvieuse
Hauts-Bassins (Bobo),2022,35,-0.10002111148202414,-0.040460642973476436,1.56152887617316,0,2302,25,2022-08-29,8,Pluvieuse
Hauts-Bassins (Bobo),2022,36,1.5812604424260461,0.21570464040686113,-1.6326852222500807,0,1889,13,2022-09-05,9,Pluvieuse
Hauts-Bassins (Bobo),2022,37,2.077746270425745,-0.4503250963820169,1.7351274684787708,0,2348,9,2022-09-12,9,Pluvieuse
Hauts-Bassins (Bobo),2022,38,1.0565651923809103,0.523102980463266,1.1796119731008157,0,2128,352,2022-09-19,9,Pluvieuse
Hauts-Bassins (Bobo),2022,39,2.5206341965391124,0.08762199871669235,-1.1466091637943685,0,1456,389,2022-09-26,9,Pluvieuse
Hauts-Bassins (Bobo),2022,40,2.2018677274256695,0.3437872820970299,-1.2681281784082965,0,1832,382,2022-10-03,10,Pluvieuse
Hauts-Bassins (Bobo),2022,41,-0.5908650550726353,-0.37347551136791546,-1.354927474561102,0,1441,131,2022-10-10,10,Pluvieuse
Hauts-Bassins (Bobo),2022,42,-0.6077907082998978,-0.3990920397059496,-0.3480556391885595,0,2110,327,2022-10-17,10,Pluvieuse
Hauts-Bassins (Bobo),2022,43,-0.5682975174362854,-1.0138887198187594,0.6067366184923002,0,1780,156,2022-10-24,10,Pluvieuse
Hauts-Bassins (Bobo),2022,44,-0.7008818010498412,-0.3990920397059496,-1.5285260668667129,0,2154,275,2022-10-31,10,Pluvieuse
Hauts-Bassins (Bobo),2022,45,-0.6021488238908103,0.1644715837307938,0.5199373223394949,0,2211,257,2022-11-07,11,Sèche
Hauts-Bassins (Bobo),2022,46,-0.6077907082998978,-1.3725201165512315,0.8324147884895938,0,1612,340,2022-11-14,11,Sèche
Hauts-Bassins (Bobo),2022,47,-0.5993278816862666,-1.270054003199097,-1.3375676153305418,0,351,9,2022-11-21,11,Sèche
Hauts-Bassins (Bobo),2022,48,-0.6444629569589664,-0.5784077380721857,1.0580929584868874,0,388,26,2022-11-28,11,Sèche
Hauts-Bassins (Bobo),2022,49,-0.6952399166407538,0.523102980463266,-0.10501760996070328,0,414,29,2022-12-05,12,Sèche
Hauts-Bassins (Bobo),2022,50,-0.6839561478225789,0.42063686711113135,-1.3375676153305418,0,246,28,2022-12-12,12,Sèche
Hauts-Bassins (Bobo),2022,51,-0.6077907082998978,-1.295670531537131,-0.03557817303846041,0,340,7,2022-12-19,12,Sèche
Hauts-Bassins (Bobo),2022,52,-0.69241897443621,-0.6552573230862871,-0.8167718384137093,0,408,29,2022-12-26,12,Sèche
Hauts-Bassins (Bobo),2023,1,-0.6952399166407538,-0.9882721914807252,-1.0945295861026856,0,332,8,2023-01-02,1,Sèche
Hauts-Bassins (Bobo),2023,2,-0.6726723790044038,-0.5015581530580843,-1.5979655037889582,0,263,9,2023-01-09,1,Sèche
Hauts-Bassins (Bobo),2023,3,-0.5767603440499166,0.2925542254209626,-0.3133359207274368,0,455,18,2023-01-16,1,Sèche
Hauts-Bassins (Bobo),2023,4,-0.6501048413680539,-0.7064903797623544,1.07545281771745,0,284,9,2023-01-23,1,Sèche
Hauts-Bassins (Bobo),2023,5,-0.6444629569589664,-0.42470856804398277,0.5199373223394949,0,343,17,2023-01-30,1,Sèche
Hauts-Bassins (Bobo),2023,6,-0.5908650550726353,0.3694038104350631,1.266411269253621,0,421,6,2023-02-06,2,Sèche
Hauts-Bassins (Bobo),2023,7,-0.6698514367998601,-0.06607717131151056,0.7976950700284712,0,266,6,2023-02-13,2,Sèche
Hauts-Bassins (Bobo),2023,8,-0.5767603440499166,-0.040460642973476436,0.7803352107979111,0,268,7,2023-02-20,2,Sèche
Hauts-Bassins (Bobo),2023,9,-0.6106116505044415,0.6255690938154007,-0.8167718384137093,0,379,24,2023-02-27,2,Sèche
Hauts-Bassins (Bobo),2023,10,-0.6811352056180351,1.829545925702988,1.7004077500176482,0,376,11,2023-03-06,3,Sèche
Hauts-Bassins (Bobo),2023,11,-0.6783142634134913,1.7783128690269197,0.12066056003659034,0,367,7,2023-03-13,3,Sèche
Hauts-Bassins (Bobo),2023,12,-0.6698514367998601,1.189132717252144,-1.1986887414860536,0,479,18,2023-03-20,3,Sèche
Hauts-Bassins (Bobo),2023,13,-0.6416420147544227,2.5724252475059664,1.6309683130954054,0,324,9,2023-03-27,3,Sèche
Hauts-Bassins (Bobo),2023,14,-0.6585676679816851,1.0866666039000095,-0.40013521688024223,0,372,21,2023-04-03,4,Sèche
Hauts-Bassins (Bobo),2023,15,-0.6811352056180351,1.7526963406888856,-1.5979655037889582,0,309,12,2023-04-10,4,Sèche
Hauts-Bassins (Bobo),2023,16,-0.6218954193226165,2.3162599641256287,-1.2681281784082965,0,395,14,2023-04-17,4,Sèche
Hauts-Bassins (Bobo),2023,17,-0.6360001303453352,1.2915988306042787,-1.2334084599471737,0,431,18,2023-04-24,4,Sèche
Hauts-Bassins (Bobo),2023,18,-0.6952399166407538,1.9320120390551225,-0.9556507122581974,0,304,24,2023-05-01,5,Pluvieuse
Hauts-Bassins (Bobo),2023,19,-0.6472838991635101,0.5743360371393342,1.0580929584868874,0,479,21,2023-05-08,5,Pluvieuse
Hauts-Bassins (Bobo),2023,20,-0.6839561478225789,0.4462533954491655,0.24217957465051843,0,413,7,2023-05-15,5,Pluvieuse
Hauts-Bassins (Bobo),2023,21,-0.6529257835725977,0.06200547037865822,1.249051410023061,0,478,24,2023-05-22,5,Pluvieuse
Hauts-Bassins (Bobo),2023,22,1.964908582243995,-1.0651217764948266,0.6761760554145456,0,392,23,2023-05-29,5,Pluvieuse
Hauts-Bassins (Bobo),2023,23,2.5008876011073062,0.21570464040686113,-0.8514915568748319,0,364,17,2023-06-05,6,Pluvieuse
Hauts-Bassins (Bobo),2023,24,2.02132742633487,-0.37347551136791546,-1.3028478968694193,0,279,25,2023-06-12,6,Pluvieuse
Hauts-Bassins (Bobo),2023,25,2.5629483296072686,0.3950203387730972,1.5441690169426,0,261,24,2023-06-19,6,Pluvieuse
Hauts-Bassins (Bobo),2023,26,0.8224269894037795,-1.0907383048328607,1.4052901430981093,0,1450,9,2023-06-26,6,Pluvieuse
Hauts-Bassins (Bobo),2023,27,-0.09720016927748046,-1.1932044181849955,1.6309683130954054,0,1802,16,2023-07-03,7,Pluvieuse
Hauts-Bassins (Bobo),2023,28,-0.049244151800236856,-0.8345730214525232,-1.2507683191777363,0,2249,23,2023-07-10,7,Pluvieuse
Hauts-Bassins (Bobo),2023,29,-0.10002111148202414,-0.7064903797623544,-0.8341316976442694,0,1909,5,2023-07-17,7,Pluvieuse
Hauts-Bassins (Bobo),2023,30,1.6489630553350958,-0.7577234364384218,-1.0945295861026856,0,2229,29,2023-07-24,7,Pluvieuse
Hauts-Bassins (Bobo),2023,31,0.5008395780857929,-0.7064903797623544,1.0060133807952047,0,2058,22,2023-07-31,7,Pluvieuse
Hauts-Bassins (Bobo),2023,32,0.3033736237677309,-0.783339964776456,0.5372971815700549,0,1984,22,2023-08-07,8,Pluvieuse
Hauts-Bassins (Bobo),2023,33,2.36830331749375,0.523102980463266,-1.4417267707139074,0,2304,23,2023-08-14,8,Pluvieuse
Hauts-Bassins (Bobo),2023,34,0.7970385095628858,-1.116354833170894,0.9539338031035219,0,2202,19,2023-08-21,8,Pluvieuse
Hauts-Bassins (Bobo),2023,35,1.2850615109489532,-0.21977634133971255,0.36369858926444404,0,1503,1220,2023-08-28,8,Pluvieuse
Hauts-Bassins (Bobo),2023,36,1.5474091359715212,0.4462533954491655,-1.47644648917503,0,1788,660,2023-09-04,9,Pluvieuse
Hauts-Bassins (Bobo),2023,37,2.379587086311925,-0.7064903797623544,-0.747332401491464,0,2200,1112,2023-09-11,9,Pluvieuse
Hauts-Bassins (Bobo),2023,38,0.7067683590174862,0.21570464040686113,-0.573733809185853,0,1969,1072,2023-09-18,9,Pluvieuse
Hauts-Bassins (Bobo),2023,39,0.8534573536537606,-1.116354833170894,-0.20917676534407126,0,1710,1361,2023-09-25,9,Pluvieuse
Hauts-Bassins (Bobo),2023,40,0.40774848533584945,0.1644715837307938,1.144892254639693,0,1606,879,2023-10-02,10,Pluvieuse
Hauts-Bassins (Bobo),2023,41,-0.6134325927089853,-0.2710093980157808,-0.2786162022663141,0,2061,914,2023-10-09,10,Pluvieuse
Hauts-Bassins (Bobo),2023,42,-0.6529257835725977,-0.5015581530580843,0.9192140846423993,0,1512,526,2023-10-16,10,Pluvieuse
Hauts-Bassins (Bobo),2023,43,-0.6726723790044038,-1.3469035882131983,0.7976950700284712,0,2096,1118,2023-10-23,10,Pluvieuse
Hauts-Bassins (Bobo),2023,44,-0.7065236854589287,0.03638894204062502,0.24217957465051843,0,1550,1003,2023-10-30,10,Pluvieuse
Hauts-Bassins (Bobo),2023,45,-0.5739394018453728,-0.8089564931144891,-1.7194845184028862,0,1992,741,2023-11-06,11,Sèche
Hauts-Bassins (Bobo),2023,46,-0.616253534913529,-0.142926756325612,1.6656880315565255,0,1691,1097,2023-11-13,11,Sèche
Hauts-Bassins (Bobo),2023,47,-0.6106116505044415,-1.270054003199097,0.22481971541995588,0,370,773,2023-11-20,11,Sèche
Hauts-Bassins (Bobo),2023,48,-0.6642095523907726,0.5743360371393342,1.3879302838675491,0,310,959,2023-11-27,11,Sèche
Hauts-Bassins (Bobo),2023,49,-0.661388610186229,0.13885505539275966,0.7976950700284712,0,379,7,2023-12-04,12,Sèche
Hauts-Bassins (Bobo),2023,50,-0.5711184596408291,-0.3222424546918481,0.39841830772556674,0,269,23,2023-12-11,12,Sèche
Hauts-Bassins (Bobo),2023,51,-0.69241897443621,0.1644715837307938,-0.8514915568748319,0,273,27,2023-12-18,12,Sèche
Hauts-Bassins (Bobo),2023,52,-0.6472838991635101,-0.4759416247200501,-0.33069577995799937,0,355,19,2023-12-25,12,Sèche
Hauts-Bassins (Bobo),2024,1,-0.6190744771180727,-0.6808738514243203,-0.12237746919126584,0,324,25,2024-01-01,1,Sèche
Hauts-Bassins (Bobo),2024,2,-0.5824022284590041,-1.0395052481567935,-0.0008584545773377481,0,393,25,2024-01-08,1,Sèche
Hauts-Bassins (Bobo),2024,3,-0.6106116505044415,0.06200547037865822,0.2942591523422012,0,460,10,2024-01-15,1,Sèche
Hauts-Bassins (Bobo),2024,4,-0.6303582459362477,-0.1685432846636452,1.6656880315565255,0,243,8,2024-01-22,1,Sèche
Hauts-Bassins (Bobo),2024,5,-0.5993278816862666,-0.4759416247200501,0.7976950700284712,0,311,14,2024-01-29,1,Sèche
Hauts-Bassins (Bobo),2024,6,-0.6952399166407538,-0.8345730214525232,-1.1292493045638083,0,356,12,2024-02-05,2,Sèche
Hauts-Bassins (Bobo),2024,7,-0.6331791881407914,-0.5527912097341515,-0.7994119791831467,0,285,8,2024-02-12,2,Sèche
Hauts-Bassins (Bobo),2024,8,-0.6134325927089853,-0.2710093980157808,-0.2786162022663141,0,369,5,2024-02-19,2,Sèche
Hauts-Bassins (Bobo),2024,9,-0.5767603440499166,-0.9882721914807252,-1.3202077560999792,0,281,22,2024-02-26,2,Sèche
Hauts-Bassins (Bobo),2024,10,-0.5908650550726353,1.3940649439564134,0.4157781669561293,0,294,13,2024-03-04,3,Sèche
Hauts-Bassins (Bobo),2024,11,-0.6331791881407914,2.5724252475059664,-0.1570971876523885,0,375,22,2024-03-11,3,Sèche
Hauts-Bassins (Bobo),2024,12,-0.627537303731704,2.3418764924636633,-0.6431732461080985,0,305,14,2024-03-18,3,Sèche
Hauts-Bassins (Bobo),2024,13,-0.6811352056180351,0.9073509055337724,-0.8341316976442694,0,300,15,2024-03-25,3,Sèche
Hauts-Bassins (Bobo),2024,14,-0.5965069394817228,1.035433547223941,-0.8167718384137093,0,250,5,2024-04-01,4,Sèche
Hauts-Bassins (Bobo),2024,15,-0.6360001303453352,1.009817018885907,1.57888873540372,1,375,14,2024-04-08,4,Sèche
Hauts-Bassins (Bobo),2024,16,-0.6303582459362477,1.983245095731191,-0.1744570468829486,1,257,18,2024-04-15,4,Sèche
Hauts-Bassins (Bobo),2024,17,-0.6980608588452976,1.2659823022662446,0.9192140846423993,0,349,17,2024-04-22,4,Sèche
Hauts-Bassins (Bobo),2024,18,-0.6021488238908103,1.2403657739282106,0.6935359146451057,0,463,24,2024-04-29,4,Sèche
Hauts-Bassins (Bobo),2024,19,-0.6247163615271603,-1.0138887198187594,0.3289788708033239,0,379,8,2024-05-06,5,Pluvieuse
Hauts-Bassins (Bobo),2024,20,-0.6670304945953164,0.03638894204062502,1.1101725361785728,0,382,26,2024-05-13,5,Pluvieuse
Hauts-Bassins (Bobo),2024,21,-0.661388610186229,-1.3469035882131983,-0.6431732461080985,0,318,29,2024-05-20,5,Pluvieuse
Hauts-Bassins (Bobo),2024,22,0.04102599874516298,0.24132116874489434,1.1275323954091327,0,340,9,2024-05-27,5,Pluvieuse
Hauts-Bassins (Bobo),2024,23,0.7039474168129424,0.4718699237871978,-0.6258133868775358,0,295,27,2024-06-03,6,Pluvieuse
Hauts-Bassins (Bobo),2024,24,1.7082028416305146,-0.8089564931144891,-0.6605331053386585,0,399,6,2024-06-10,6,Pluvieuse
Hauts-Bassins (Bobo),2024,25,2.272391282539263,-0.8345730214525232,-0.7646922607220265,1,245,21,2024-06-17,6,Pluvieuse
Hauts-Bassins (Bobo),2024,26,2.007222715312151,-0.9114226064666247,0.641456336953423,1,1549,23,2024-06-24,6,Pluvieuse
Hauts-Bassins (Bobo),2024,27,0.09180295842695026,-1.116354833170894,0.8671345069507166,0,1580,20,2024-07-01,7,Pluvieuse
Hauts-Bassins (Bobo),2024,28,1.1158049786763287,-0.014844114635443224,-1.285488037638859,0,2220,18,2024-07-08,7,Pluvieuse
Hauts-Bassins (Bobo),2024,29,2.007222715312151,-0.783339964776456,1.196971832331378,0,2190,5,2024-07-15,7,Pluvieuse
Hauts-Bassins (Bobo),2024,30,1.933878217994014,-0.11731022798757788,0.25953943388107853,0,1695,13,2024-07-22,7,Pluvieuse
Hauts-Bassins (Bobo),2024,31,1.1722238227672035,-1.0395052481567935,0.25953943388107853,0,1504,13,2024-07-29,7,Pluvieuse
Hauts-Bassins (Bobo),2024,32,1.1214468630854162,-0.24539286967774668,-0.3480556391885595,0,1917,24,2024-08-05,8,Pluvieuse
Hauts-Bassins (Bobo),2024,33,2.4331849881982563,-0.2710093980157808,0.15538027849771302,0,2168,8,2024-08-12,8,Pluvieuse
Hauts-Bassins (Bobo),2024,34,1.9790132932667137,0.06200547037865822,-1.3722873337916646,0,1621,18,2024-08-19,8,Pluvieuse
Hauts-Bassins (Bobo),2024,35,0.7152311856311173,-0.7321069081003877,-0.9903704307193201,0,1880,19,2024-08-26,8,Pluvieuse
Hauts-Bassins (Bobo),2024,36,1.166581938358116,0.06200547037865822,-0.03557817303846041,0,2096,26,2024-09-02,9,Pluvieuse
Hauts-Bassins (Bobo),2024,37,0.49237675147216176,0.13885505539275966,1.5962485946342826,0,2306,15,2024-09-09,9,Pluvieuse
Hauts-Bassins (Bobo),2024,38,2.4754991212664126,0.190088112068827,1.370570424636989,0,1374,270,2024-09-16,9,Pluvieuse
Hauts-Bassins (Bobo),2024,39,2.0918509814484634,-0.296625926353814,-0.22653662457463136,0,1733,164,2024-09-23,9,Pluvieuse
Hauts-Bassins (Bobo),2024,40,0.4951976936767055,-1.1932044181849955,-0.9035711345665147,0,2093,374,2024-09-30,9,Pluvieuse
Hauts-Bassins (Bobo),2024,41,-0.5711184596408291,0.4462533954491655,-0.5042943722636102,0,2321,220,2024-10-07,10,Pluvieuse
Hauts-Bassins (Bobo),2024,42,-0.5993278816862666,0.26693769708292847,-0.48693451303304763,0,2071,249,2024-10-14,10,Pluvieuse
Hauts-Bassins (Bobo),2024,43,-0.6557467257771414,0.21570464040686113,1.683047890787088,0,1704,216,2024-10-21,10,Pluvieuse
Hauts-Bassins (Bobo),2024,44,-0.6360001303453352,0.3437872820970299,0.5372971815700549,0,1371,274,2024-10-28,10,Pluvieuse
Hauts-Bassins (Bobo),2024,45,-0.5936859972771792,0.1644715837307938,-1.181328882255491,0,2322,362,2024-11-04,11,Sèche
Hauts-Bassins (Bobo),2024,46,-0.6444629569589664,0.4462533954491655,1.0580929584868874,0,2039,231,2024-11-11,11,Sèche
Hauts-Bassins (Bobo),2024,47,-0.627537303731704,-0.9114226064666247,-1.4070070522527847,0,442,12,2024-11-18,11,Sèche
Hauts-Bassins (Bobo),2024,48,-0.5682975174362854,-0.9882721914807252,-1.5806056445583956,0,241,17,2024-11-25,11,Sèche
Hauts-Bassins (Bobo),2024,49,-0.6444629569589664,-0.7577234364384218,-0.4348549353413649,0,302,11,2024-12-02,12,Sèche
Hauts-Bassins (Bobo),2024,50,-0.5767603440499166,-0.8089564931144891,-1.2681281784082965,0,431,12,2024-12-09,12,Sèche
Hauts-Bassins (Bobo),2024,51,-0.6416420147544227,0.21570464040686113,1.07545281771745,0,411,15,2024-12-16,12,Sèche
Hauts-Bassins (Bobo),2024,52,-0.638821072549879,0.4462533954491655,1.4747295800203546,0,390,16,2024-12-23,12,Sèche
Hauts-Bassins (Bobo),2025,1,-0.6247163615271603,-1.0651217764948266,-0.1744570468829486,0,258,23,2025-01-06,1,Sèche
Hauts-Bassins (Bobo),2025,2,-0.638821072549879,-0.8601895497905564,0.20745985618939577,0,296,28,2025-01-13,1,Sèche
Hauts-Bassins (Bobo),2025,3,-0.6501048413680539,-1.270054003199097,1.3532105654064264,0,446,12,2025-01-20,1,Sèche
Hauts-Bassins (Bobo),2025,4,-0.627537303731704,-1.0395052481567935,-0.48693451303304763,0,309,20,2025-01-27,1,Sèche
Hauts-Bassins (Bobo),2025,5,-0.6980608588452976,-1.0651217764948266,1.3358507061758664,0,411,5,2025-02-03,2,Sèche
Hauts-Bassins (Bobo),2025,6,-0.5852231706635478,-1.295670531537131,-1.354927474561102,0,361,26,2025-02-10,2,Sèche
Hauts-Bassins (Bobo),2025,7,-0.6134325927089853,0.1644715837307938,1.7351274684787708,0,434,11,2025-02-17,2,Sèche
Hauts-Bassins (Bobo),2025,8,-0.7008818010498412,0.190088112068827,-1.5806056445583956,0,278,9,2025-02-24,2,Sèche
Hauts-Bassins (Bobo),2025,9,-0.5824022284590041,-0.5784077380721857,1.3879302838675491,0,369,16,2025-03-03,3,Sèche
Hauts-Bassins (Bobo),2025,10,-0.6557467257771414,1.5477641139846163,-0.018218313807897846,0,263,28,2025-03-10,3,Sèche
Hauts-Bassins (Bobo),2025,11,-0.6726723790044038,1.829545925702988,-0.556373949955293,0,294,22,2025-03-17,3,Sèche
Hauts-Bassins (Bobo),2025,12,-0.6331791881407914,2.5468087191679323,-0.9903704307193201,0,356,7,2025-03-24,3,Sèche
Hauts-Bassins (Bobo),2025,13,-0.6106116505044415,2.469959134153832,-0.261256343035754,0,406,18,2025-03-31,3,Sèche
Hauts-Bassins (Bobo),2025,14,-0.6980608588452976,1.5989971706606845,0.22481971541995588,0,390,23,2025-04-07,4,Sèche
Hauts-Bassins (Bobo),2025,15,-0.616253534913529,1.8039293973649537,-0.1570971876523885,1,454,26,2025-04-14,4,Sèche
Hauts-Bassins (Bobo),2025,16,-0.638821072549879,2.5724252475059664,-1.5806056445583956,1,445,13,2025-04-21,4,Sèche
Hauts-Bassins (Bobo),2025,17,-0.6416420147544227,1.2915988306042787,-1.1292493045638083,0,333,20,2025-04-28,4,Sèche
Hauts-Bassins (Bobo),2025,18,-0.604969766095354,0.9585839622098405,-1.5458859260972753,0,233,24,2025-05-05,5,Pluvieuse
Hauts-Bassins (Bobo),2025,19,-0.5824022284590041,0.42063686711113135,0.48521760387837215,0,412,14,2025-05-12,5,Pluvieuse
Hauts-Bassins (Bobo),2025,20,-0.5880441128680916,-0.11731022798757788,0.033861263883784916,0,421,6,2025-05-19,5,Pluvieuse
Hauts-Bassins (Bobo),2025,21,-0.627537303731704,-0.5784077380721857,-1.7021246591723236,0,262,29,2025-05-26,5,Pluvieuse
Hauts-Bassins (Bobo),2025,22,2.029790252948501,-1.3725201165512315,-0.7646922607220265,0,378,15,2025-06-02,6,Pluvieuse
Hauts-Bassins (Bobo),2025,23,0.1341170914951064,-0.5784077380721857,0.2942591523422012,0,393,14,2025-06-09,6,Pluvieuse
Hauts-Bassins (Bobo),2025,24,2.489603832289131,-0.2710093980157808,1.4920894392509145,0,304,10,2025-06-16,6,Pluvieuse
Hauts-Bassins (Bobo),2025,25,2.187763016402951,-0.5527912097341515,0.7108957738756658,1,328,17,2025-06-23,6,Pluvieuse
Hauts-Bassins (Bobo),2025,26,1.7928311077668269,-1.0907383048328607,1.4920894392509145,1,1477,9,2025-06-30,6,Pluvieuse
Hauts-Bassins (Bobo),2025,27,-0.08309545825476174,-0.783339964776456,0.46785774464781205,0,1444,21,2025-07-07,7,Pluvieuse
Hauts-Bassins (Bobo),2025,28,2.4924247744936747,0.24132116874489434,0.5372971815700549,0,1341,24,2025-07-14,7,Pluvieuse
Hauts-Bassins (Bobo),2025,29,2.514992312130025,-1.3469035882131983,-0.9209309937970748,0,1947,22,2025-07-21,7,Pluvieuse
Hauts-Bassins (Bobo),2025,30,2.534738907561831,0.2925542254209626,0.641456336953423,0,2137,21,2025-07-28,7,Pluvieuse
Hauts-Bassins (Bobo),2025,31,0.6334238616993488,-0.8601895497905564,-0.5216542314941703,0,1693,13,2025-08-04,8,Pluvieuse
Hauts-Bassins (Bobo),2025,32,1.8153986454031767,0.3950203387730972,-0.03557817303846041,0,2258,26,2025-08-11,8,Pluvieuse
Hauts-Bassins (Bobo),2025,33,2.227256207266563,-0.962655663142692,-0.3480556391885595,0,1709,8,2025-08-18,8,Pluvieuse
Hauts-Bassins (Bobo),2025,34,2.4331849881982563,-0.5527912097341515,-0.5390140907247304,0,2097,10,2025-08-25,8,Pluvieuse
Hauts-Bassins (Bobo),2025,35,2.117239461289357,-0.8601895497905564,0.5372971815700549,0,2101,10,2025-09-01,9,Pluvieuse
Hauts-Bassins (Bobo),2025,36,1.6235745754942024,0.42063686711113135,-0.2959760614968767,0,1714,14,2025-09-08,9,Pluvieuse
Hauts-Bassins (Bobo),2025,37,0.060772594176969154,0.4462533954491655,-1.3202077560999792,0,2111,28,2025-09-15,9,Pluvieuse
Hauts-Bassins (Bobo),2025,38,2.3259891844255938,0.11323852705472555,1.4226500023286717,0,1598,157,2025-09-22,9,Pluvieuse
Hauts-Bassins (Bobo),2025,39,2.3824080285164686,0.3694038104350631,0.9539338031035219,0,2164,181,2025-09-29,9,Pluvieuse
Hauts-Bassins (Bobo),2025,40,1.397899199130703,-1.3981366448892656,-1.3028478968694193,0,1450,123,2025-10-06,10,Pluvieuse
Hauts-Bassins (Bobo),2025,41,-0.6952399166407538,-0.37347551136791546,-0.08765775073014317,0,1582,169,2025-10-13,10,Pluvieuse
Hauts-Bassins (Bobo),2025,42,-0.6783142634134913,0.1644715837307938,-0.9209309937970748,0,1620,358,2025-10-20,10,Pluvieuse
Hauts-Bassins (Bobo),2025,43,-0.5767603440499166,0.03638894204062502,-1.5979655037889582,0,2195,255,2025-10-27,10,Pluvieuse
Hauts-Bassins (Bobo),2025,44,-0.6077907082998978,-1.3469035882131983,-0.9903704307193201,0,2235,301,2025-11-03,11,Sèche
Hauts-Bassins (Bobo),2025,45,-0.5767603440499166,0.5487195088013002,1.6309683130954054,0,1880,393,2025-11-10,11,Sèche
Hauts-Bassins (Bobo),2025,46,-0.6247163615271603,0.5487195088013002,0.762975351567351,0,2151,362,2025-11-17,11,Sèche
Hauts-Bassins (Bobo),2025,47,-0.6501048413680539,-1.3212870598751643,1.4920894392509145,0,410,18,2025-11-24,11,Sèche
Hauts-Bassins (Bobo),2025,48,-0.627537303731704,0.2925542254209626,-1.2160486007166138,0,320,18,2025-12-01,12,Sèche
Hauts-Bassins (Bobo),2025,49,-0.5993278816862666,-1.1675878898469623,-1.5111662076361527,0,326,7,2025-12-08,12,Sèche
Hauts-Bassins (Bobo),2025,50,-0.6839561478225789,-0.6552573230862871,-0.1744570468829486,0,304,6,2025-12-15,12,Sèche
Hauts-Bassins (Bobo),2025,51,-0.6811352056180351,0.3694038104350631,-0.3827753576496821,0,310,17,2025-12-22,12,Sèche
Hauts-Bassins (Bobo),2025,52,-0.6416420147544227,-0.3222424546918481,0.1727401377282731,0,453,16,2025-12-29,12,Sèche
Hauts-Bassins (Bobo),2026,1,-0.69241897443621,-0.040460642973476436,1.1796119731008157,0,232,24,2026-01-05,1,Sèche
Hauts-Bassins (Bobo),2026,2,-0.6247163615271603,0.4462533954491655,0.5546570408006175,0,352,12,2026-01-12,1,Sèche
Hauts-Bassins (Bobo),2026,3,-0.6811352056180351,0.08762199871669235,1.3184908469453038,0,390,10,2026-01-19,1,Sèche
Hauts-Bassins (Bobo),2026,4,-0.6134325927089853,-1.116354833170894,-1.354927474561102,0,373,10,2026-01-26,1,Sèche
Hauts-Bassins (Bobo),2026,5,-0.6811352056180351,0.4974864521252319,0.25953943388107853,0,380,6,2026-02-02,2,Sèche
Hauts-Bassins (Bobo),2026,6,-0.6698514367998601,-0.8601895497905564,1.0060133807952047,0,364,13,2026-02-09,2,Sèche
Hauts-Bassins (Bobo),2026,7,-0.5739394018453728,0.1644715837307938,-0.7126126830303413,0,427,22,2026-02-16,2,Sèche
Hauts-Bassins (Bobo),2026,8,-0.5852231706635478,-0.11731022798757788,-0.08765775073014317,0,388,22,2026-02-23,2,Sèche
Hauts-Bassins (Bobo),2026,9,-0.6416420147544227,-0.2710093980157808,-1.4938063484055901,0,329,24,2026-03-02,3,Sèche
Hauts-Bassins (Bobo),2026,10,-0.6134325927089853,2.5980417758440004,-0.33069577995799937,0,371,28,2026-03-09,3,Sèche
Hauts-Bassins (Bobo),2026,11,-0.638821072549879,1.7783128690269197,0.8844943661812766,0,250,23,2026-03-16,3,Sèche
Hauts-Bassins (Bobo),2026,12,-0.6557467257771414,2.5468087191679323,0.7456154923367885,0,400,10,2026-03-23,3,Sèche
Hauts-Bassins (Bobo),2026,13,-0.661388610186229,2.0857112090833256,0.658816196183983,0,327,24,2026-03-30,3,Sèche
Hauts-Bassins (Bobo),2026,14,-0.6698514367998601,1.035433547223941,1.5268091577120373,0,280,18,2026-04-06,4,Sèche
Hauts-Bassins (Bobo),2026,15,-0.7065236854589287,1.009817018885907,1.4747295800203546,1,240,12,2026-04-13,4,Sèche
Hauts-Bassins (Bobo),2026,16,-0.638821072549879,1.9320120390551225,0.08594084157546768,1,273,15,2026-04-20,4,Sèche
Hauts-Bassins (Bobo),2026,17,-0.6106116505044415,1.829545925702988,-0.6084535276469758,0,404,27,2026-04-27,4,Sèche
Hauts-Bassins (Bobo),2026,18,-0.69241897443621,2.0600946807452916,0.9365739438729619,0,398,7,2026-05-04,5,Pluvieuse
Hauts-Bassins (Bobo),2026,19,-0.6642095523907726,-0.2710093980157808,-0.261256343035754,0,307,20,2026-05-11,5,Pluvieuse
Hauts-Bassins (Bobo),2026,20,-0.6501048413680539,-0.42470856804398277,1.2316915507924984,0,257,27,2026-05-18,5,Pluvieuse
Hauts-Bassins (Bobo),2026,21,-0.6754933212089477,0.3181707537589958,0.1900999969588332,0,350,11,2026-05-25,5,Pluvieuse
Hauts-Bassins (Bobo),2026,22,0.5234071157221429,-0.34785898302988133,-0.6258133868775358,0,236,7,2026-06-01,6,Pluvieuse
Hauts-Bassins (Bobo),2026,23,1.4486761588124903,0.06200547037865822,0.5372971815700549,0,302,27,2026-06-08,6,Pluvieuse
Hauts-Bassins (Bobo),2026,24,2.3457357798574003,-0.24539286967774668,0.9018542254118392,0,260,11,2026-06-15,6,Pluvieuse
Hauts-Bassins (Bobo),2026,25,2.3457357798574003,-0.3990920397059496,-0.46957465380248753,1,386,15,2026-06-22,6,Pluvieuse
Hauts-Bassins (Bobo),2026,26,0.03538411433607541,-0.2710093980157808,1.7004077500176482,1,1746,28,2026-06-29,6,Pluvieuse
Hauts-Bassins (Bobo),2026,27,1.3866154303125278,-1.116354833170894,0.9365739438729619,0,2096,24,2026-07-06,7,Pluvieuse
Hauts-Bassins (Bobo),2026,28,0.794217567358342,-0.7321069081003877,1.370570424636989,0,2002,7,2026-07-13,7,Pluvieuse
Hauts-Bassins (Bobo),2026,29,0.23849195306322493,-1.270054003199097,0.3289788708033239,0,2143,22,2026-07-20,7,Pluvieuse
Hauts-Bassins (Bobo),2026,30,0.13975897590419395,0.3437872820970299,-0.8688514161053921,0,2125,10,2026-07-27,7,Pluvieuse
Hauts-Bassins (Bobo),2026,31,2.02132742633487,-0.9114226064666247,0.46785774464781205,0,1960,20,2026-08-03,8,Pluvieuse
Hauts-Bassins (Bobo),2026,32,2.5939786938572493,0.3694038104350631,-1.4070070522527847,0,1609,8,2026-08-10,8,Pluvieuse
Hauts-Bassins (Bobo),2026,33,1.7984729921759144,-1.0651217764948266,0.5893767592617402,0,1614,16,2026-08-17,8,Pluvieuse
Hauts-Bassins (Bobo),2026,34,1.6912771884032518,-0.3990920397059496,-0.05293803226902051,0,2019,22,2026-08-24,8,Pluvieuse
Hauts-Bassins (Bobo),2026,35,0.2667013751086624,-0.8089564931144891,1.6656880315565255,0,1340,18,2026-08-31,8,Pluvieuse
Hauts-Bassins (Bobo),2026,36,2.032611195153045,-0.9882721914807252,-0.9730105714887576,0,1786,24,2026-09-07,9,Pluvieuse
Hauts-Bassins (Bobo),2026,37,0.14257991810873763,-0.06607717131151056,-1.7194845184028862,0,1342,29,2026-09-14,9,Pluvieuse
Hauts-Bassins (Bobo),2026,38,1.135551574108135,-1.3725201165512315,-0.07029789149958307,0,1434,133,2026-09-21,9,Pluvieuse
Hauts-Bassins (Bobo),2026,39,1.4599599276306654,0.523102980463266,0.9886535215646446,0,1890,360,2026-09-28,9,Pluvieuse
Hauts-Bassins (Bobo),2026,40,1.9197735069712953,0.190088112068827,-1.3375676153305418,0,1857,386,2026-10-05,10,Pluvieuse
Hauts-Bassins (Bobo),2026,41,-0.6218954193226165,0.3437872820970299,0.641456336953423,0,1481,243,2026-10-12,10,Pluvieuse
Hauts-Bassins (Bobo),2026,42,-0.5824022284590041,-0.37347551136791546,-0.6258133868775358,0,1810,175,2026-10-19,10,Pluvieuse
Hauts-Bassins (Bobo),2026,43,-0.6585676679816851,-0.6040242664102189,1.1622521138702555,0,1485,329,2026-10-26,10,Pluvieuse
Hauts-Bassins (Bobo),2026,44,-0.5824022284590041,-0.014844114635443224,-0.018218313807897846,0,2056,155,2026-11-02,11,Sèche
Hauts-Bassins (Bobo),2026,45,-0.6557467257771414,0.5999525654773665,-0.7646922607220265,0,1621,245,2026-11-09,11,Sèche
Hauts-Bassins (Bobo),2026,46,-0.6077907082998978,-1.295670531537131,-0.9209309937970748,0,1681,342,2026-11-16,11,Sèche
Hauts-Bassins (Bobo),2026,47,-0.6698514367998601,-0.014844114635443224,-1.0250901491804427,0,347,16,2026-11-23,11,Sèche
Hauts-Bassins (Bobo),2026,48,-0.6416420147544227,-0.5784077380721857,-1.3202077560999792,0,345,5,2026-11-30,11,Sèche
Hauts-Bassins (Bobo),2026,49,-0.6811352056180351,-0.19415981300167934,-0.1744570468829486,0,323,25,2026-12-07,12,Sèche
Hauts-Bassins (Bobo),2026,50,-0.6726723790044038,-0.2710093980157808,-1.4938063484055901,0,239,18,2026-12-14,12,Sèche
Hauts-Bassins (Bobo),2026,51,-0.6501048413680539,-0.19415981300167934,1.2143316915619382,0,264,16,2026-12-21,12,Sèche
Hauts-Bassins (Bobo),2026,52,-0.6670304945953164,-1.1932044181849955,-1.059809867641563,0,257,25,2026-12-28,12,Sèche
Sahel,2013,1,-0.6585676679816851,0.5999525654773665,0.346338730033884,0,312,13,2013-01-07,1,Sèche
Sahel,2013,2,-0.5936859972771792,0.010772413702590895,1.4747295800203546,0,206,13,2013-01-14,1,Sèche
Sahel,2013,3,-0.5965069394817228,-1.0395052481567935,-1.1639690230249309,0,273,8,2013-01-21,1,Sèche
Sahel,2013,4,-0.6670304945953164,-0.9882721914807252,0.27689929311163863,0,207,3,2013-01-28,1,Sèche
Sahel,2013,5,-0.6529257835725977,-0.37347551136791546,-0.5390140907247304,0,280,11,2013-02-04,2,Sèche
Sahel,2013,6,-0.6783142634134913,-0.21977634133971255,-0.7646922607220265,0,325,10,2013-02-11,2,Sèche
Sahel,2013,7,-0.6247163615271603,-0.11731022798757788,0.46785774464781205,0,222,5,2013-02-18,2,Sèche
Sahel,2013,8,-0.6698514367998601,0.08762199871669235,-0.573733809185853,0,195,12,2013-02-25,2,Sèche
Sahel,2013,9,-0.6416420147544227,-0.962655663142692,1.4052901430981093,0,203,10,2013-03-04,3,Sèche
Sahel,2013,10,-0.5711184596408291,1.5989971706606845,-0.9035711345665147,0,227,5,2013-03-11,3,Sèche
Sahel,2013,11,-0.5795812862544604,2.4187260774777637,1.1275323954091327,0,352,14,2013-03-18,3,Sèche
Sahel,2013,12,-0.5767603440499166,1.8807789823790544,-0.22653662457463136,0,240,1,2013-03-25,3,Sèche
Sahel,2013,13,-0.69241897443621,0.9329674338718065,-1.3028478968694193,0,200,0,2013-04-01,4,Sèche
Sahel,2013,14,-0.5908650550726353,0.9329674338718065,0.5893767592617402,0,338,13,2013-04-08,4,Sèche
Sahel,2013,15,-0.6021488238908103,0.984200490547873,0.8844943661812766,0,255,1,2013-04-15,4,Sèche
Sahel,2013,16,-0.6360001303453352,1.189132717252144,0.15538027849771302,0,245,3,2013-04-22,4,Sèche
Sahel,2013,17,-0.6642095523907726,2.0600946807452916,0.36369858926444404,0,243,3,2013-04-29,4,Sèche
Sahel,2013,18,-0.6190744771180727,2.3162599641256287,-0.6952528237997811,0,296,4,2013-05-06,5,Pluvieuse
Sahel,2013,19,-0.6754933212089477,-0.11731022798757788,-0.747332401491464,0,204,13,2013-05-13,5,Pluvieuse
Sahel,2013,20,-0.6360001303453352,-0.629640794748253,-1.0424500084110029,0,294,5,2013-05-20,5,Pluvieuse
Sahel,2013,21,-0.6416420147544227,-0.06607717131151056,0.8324147884895938,0,201,14,2013-05-27,5,Pluvieuse
Sahel,2013,22,-0.14515618675472405,0.4718699237871978,-1.059809867641563,0,298,12,2013-06-03,6,Pluvieuse
Sahel,2013,23,0.046667883154250446,-0.5015581530580843,-0.8688514161053921,0,185,8,2013-06-10,6,Pluvieuse
Sahel,2013,24,-0.06899074723204303,-0.142926756325612,1.3879302838675491,0,213,13,2013-06-17,6,Pluvieuse
Sahel,2013,25,0.5064814624948805,-0.5271746813961183,-0.7126126830303413,0,235,0,2013-06-24,6,Pluvieuse
Sahel,2013,26,-0.03231849857297436,-0.8345730214525232,0.4331380261866894,0,1270,10,2013-07-01,7,Pluvieuse
Sahel,2013,27,-0.3369802566636986,0.4718699237871978,-0.1744570468829486,0,1392,14,2013-07-08,7,Pluvieuse
Sahel,2013,28,0.012816576699725555,0.13885505539275966,-1.5632457853278354,0,1205,2,2013-07-15,7,Pluvieuse
Sahel,2013,29,0.18771499338143754,-1.0907383048328607,0.5893767592617402,0,1273,2,2013-07-22,7,Pluvieuse
Sahel,2013,30,-0.5259833843681293,-0.06607717131151056,-0.03557817303846041,0,1363,11,2013-07-29,7,Pluvieuse
Sahel,2013,31,0.3597924678586058,-1.2444374748610627,-1.5979655037889582,0,1736,10,2013-08-05,8,Pluvieuse
Sahel,2013,32,0.23285006865413738,-0.06607717131151056,0.15538027849771302,0,1695,1,2013-08-12,8,Pluvieuse
Sahel,2013,33,-0.023855671959343114,-1.0138887198187594,-0.13973732842182593,0,1098,10,2013-08-19,8,Pluvieuse
Sahel,2013,34,-0.23542633730012377,0.5743360371393342,1.196971832331378,0,1575,0,2013-08-26,8,Pluvieuse
Sahel,2013,35,0.5093024046994242,-0.9114226064666247,0.2942591523422012,0,1101,1,2013-09-02,9,Pluvieuse
Sahel,2013,36,0.1510427447223689,0.5743360371393342,0.1727401377282731,0,1457,7,2013-09-09,9,Pluvieuse
Sahel,2013,37,0.117191438267844,-0.014844114635443224,-0.22653662457463136,0,1572,13,2013-09-16,9,Pluvieuse
Sahel,2013,38,-0.266456701550105,0.6255690938154007,-0.46957465380248753,0,1086,7,2013-09-23,9,Pluvieuse
Sahel,2013,39,0.060772594176969154,-0.11731022798757788,-0.8167718384137093,0,1660,9,2013-09-30,9,Pluvieuse
Sahel,2013,40,0.4472416761994618,-1.3469035882131983,-1.0250901491804427,0,1653,4,2013-10-07,10,Pluvieuse
Sahel,2013,41,-0.6585676679816851,-0.6808738514243203,0.13802041926715045,0,1188,13,2013-10-14,10,Pluvieuse
Sahel,2013,42,-0.6670304945953164,-0.19415981300167934,1.2837711284841835,0,1187,14,2013-10-21,10,Pluvieuse
Sahel,2013,43,-0.6416420147544227,-0.9114226064666247,-0.5910936684164156,0,1401,7,2013-10-28,10,Pluvieuse
Sahel,2013,44,-0.7065236854589287,-0.2710093980157808,0.22481971541995588,0,1168,14,2013-11-04,11,Sèche
Sahel,2013,45,-0.5739394018453728,0.21570464040686113,-0.3654154984191196,0,1157,8,2013-11-11,11,Sèche
Sahel,2013,46,-0.5824022284590041,-0.8345730214525232,-1.45908662994447,0,1765,10,2013-11-18,11,Sèche
Sahel,2013,47,-0.6472838991635101,0.5999525654773665,-1.2507683191777363,0,353,10,2013-11-25,11,Sèche
Sahel,2013,48,-0.5795812862544604,0.5487195088013002,-0.5910936684164156,0,348,13,2013-12-02,12,Sèche
Sahel,2013,49,-0.6077907082998978,0.5487195088013002,0.5372971815700549,0,351,1,2013-12-09,12,Sèche
Sahel,2013,50,-0.5908650550726353,-1.2188209465230295,-0.261256343035754,0,224,8,2013-12-16,12,Sèche
Sahel,2013,51,-0.6106116505044415,-0.937039134804658,-0.3133359207274368,0,265,14,2013-12-23,12,Sèche
Sahel,2013,52,-0.6106116505044415,-1.1932044181849955,-0.7820521199525866,0,273,4,2013-12-30,12,Sèche
Sahel,2014,1,-0.6331791881407914,-0.24539286967774668,0.3116190115727613,0,322,0,2014-01-06,1,Sèche
Sahel,2014,2,-0.6642095523907726,-1.1419713615089282,-1.1292493045638083,0,232,13,2014-01-13,1,Sèche
Sahel,2014,3,-0.6106116505044415,-0.4759416247200501,0.46785774464781205,0,230,0,2014-01-20,1,Sèche
Sahel,2014,4,-0.5711184596408291,-1.0138887198187594,-0.8862112753359521,0,311,3,2014-01-27,1,Sèche
Sahel,2014,5,-0.5936859972771792,-0.7321069081003877,0.5546570408006175,0,298,10,2014-02-03,2,Sèche
Sahel,2014,6,-0.6895980322316664,-0.8858060781285906,0.25953943388107853,0,319,14,2014-02-10,2,Sèche
Sahel,2014,7,-0.69241897443621,-1.3212870598751643,-0.4348549353413649,0,187,13,2014-02-17,2,Sèche
Sahel,2014,8,-0.627537303731704,-0.8089564931144891,-0.5042943722636102,0,298,3,2014-02-24,2,Sèche
Sahel,2014,9,-0.5965069394817228,0.21570464040686113,-1.6500450814806409,0,234,2,2014-03-03,3,Sèche
Sahel,2014,10,-0.6501048413680539,2.5468087191679323,0.06858098234490759,0,326,1,2014-03-10,3,Sèche
Sahel,2014,11,-0.6952399166407538,1.189132717252144,1.57888873540372,0,198,9,2014-03-17,3,Sèche
Sahel,2014,12,-0.6895980322316664,2.18817732243546,0.06858098234490759,0,279,4,2014-03-24,3,Sèche
Sahel,2014,13,-0.6557467257771414,0.984200490547873,-0.6605331053386585,0,239,14,2014-03-31,3,Sèche
Sahel,2014,14,-0.6416420147544227,1.496531057308548,0.8844943661812766,0,225,11,2014-04-07,4,Sèche
Sahel,2014,15,-0.5965069394817228,2.3674930208016973,-0.018218313807897846,0,176,13,2014-04-14,4,Sèche
Sahel,2014,16,-0.6247163615271603,1.009817018885907,0.20745985618939577,0,258,0,2014-04-21,4,Sèche
Sahel,2014,17,-0.5795812862544604,2.2394103791115283,0.8324147884895938,0,186,9,2014-04-28,4,Sèche
Sahel,2014,18,-0.6190744771180727,2.008861624069223,-0.452214794571925,0,331,5,2014-05-05,5,Pluvieuse
Sahel,2014,19,-0.6980608588452976,0.06200547037865822,1.683047890787088,0,181,14,2014-05-12,5,Pluvieuse
Sahel,2014,20,-0.616253534913529,0.6255690938154007,1.3532105654064264,0,263,13,2014-05-19,5,Pluvieuse
Sahel,2014,21,-0.6642095523907726,-0.11731022798757788,-0.2959760614968767,0,301,5,2014-05-26,5,Pluvieuse
Sahel,2014,22,0.23849195306322493,-1.0138887198187594,-1.1292493045638083,0,254,2,2014-06-02,6,Pluvieuse
Sahel,2014,23,-0.3990409851636609,-0.142926756325612,-1.0424500084110029,0,326,6,2014-06-09,6,Pluvieuse
Sahel,2014,24,0.038205056540619196,-1.2188209465230295,-0.4348549353413649,0,335,13,2014-06-16,6,Pluvieuse
Sahel,2014,25,0.4810929826539868,0.1644715837307938,-0.12237746919126584,0,275,13,2014-06-23,6,Pluvieuse
Sahel,2014,26,-0.45828077145907936,0.42063686711113135,-0.1744570468829486,0,1390,7,2014-06-30,6,Pluvieuse
Sahel,2014,27,-0.43853417602727324,-0.37347551136791546,-1.3202077560999792,0,1443,6,2014-07-07,7,Pluvieuse
Sahel,2014,28,0.5008395780857929,0.2925542254209626,-0.4348549353413649,0,1683,4,2014-07-14,7,Pluvieuse
Sahel,2014,29,0.31183645038136226,-0.19415981300167934,0.6067366184923002,0,1158,6,2014-07-21,7,Pluvieuse
Sahel,2014,30,-0.3877572163454859,-1.295670531537131,-0.5042943722636102,0,1561,10,2014-07-28,7,Pluvieuse
Sahel,2014,31,0.0015328078815505261,-0.37347551136791546,-0.6952528237997811,0,1721,10,2014-08-04,8,Pluvieuse
Sahel,2014,32,0.3174783347904496,0.06200547037865822,-0.6084535276469758,0,1226,9,2014-08-11,8,Pluvieuse
Sahel,2014,33,-0.5626556330271979,-0.5784077380721857,-1.1118894453332482,0,1447,6,2014-08-18,8,Pluvieuse
Sahel,2014,34,0.038205056540619196,0.13885505539275966,-0.8688514161053921,0,1443,8,2014-08-25,8,Pluvieuse
Sahel,2014,35,-0.2495310483228425,0.4462533954491655,1.3011309877147437,0,1145,2,2014-09-01,9,Pluvieuse
Sahel,2014,36,-0.3087708346182611,-1.2188209465230295,0.9018542254118392,0,1090,6,2014-09-08,9,Pluvieuse
Sahel,2014,37,-0.11412582250474285,-0.8089564931144891,-0.08765775073014317,0,1567,10,2014-09-15,9,Pluvieuse
Sahel,2014,38,-0.33415931445915475,0.08762199871669235,-0.3654154984191196,0,1356,7,2014-09-22,9,Pluvieuse
Sahel,2014,39,-0.5541928064135667,0.06200547037865822,-0.13973732842182593,0,1423,4,2014-09-29,9,Pluvieuse
Sahel,2014,40,0.31183645038136226,-0.783339964776456,-0.6605331053386585,0,1480,13,2014-10-06,10,Pluvieuse
Sahel,2014,41,-0.5711184596408291,0.13885505539275966,1.0580929584868874,0,1242,5,2014-10-13,10,Pluvieuse
Sahel,2014,42,-0.6529257835725977,-1.1932044181849955,-0.10501760996070328,0,1085,8,2014-10-20,10,Pluvieuse
Sahel,2014,43,-0.6472838991635101,-0.37347551136791546,-1.2334084599471737,0,1177,8,2014-10-27,10,Pluvieuse
Sahel,2014,44,-0.6895980322316664,0.5999525654773665,0.20745985618939577,0,1639,4,2014-11-03,11,Sèche
Sahel,2014,45,-0.6698514367998601,0.3437872820970299,1.4573697207897944,0,1065,5,2014-11-10,11,Sèche
Sahel,2014,46,-0.7093446276634725,-0.7577234364384218,-0.33069577995799937,0,1489,8,2014-11-17,11,Sèche
Sahel,2014,47,-0.6416420147544227,-0.8345730214525232,-0.33069577995799937,0,272,8,2014-11-24,11,Sèche
Sahel,2014,48,-0.616253534913529,-1.0907383048328607,1.5962485946342826,0,188,14,2014-12-01,12,Sèche
Sahel,2014,49,-0.7065236854589287,-0.9882721914807252,-1.0945295861026856,0,285,6,2014-12-08,12,Sèche
Sahel,2014,50,-0.6726723790044038,-0.19415981300167934,-0.46957465380248753,0,281,4,2014-12-15,12,Sèche
Sahel,2014,51,-0.6895980322316664,0.24132116874489434,-1.0077302899498801,0,257,9,2014-12-22,12,Sèche
Sahel,2014,52,-0.5880441128680916,-1.1932044181849955,-1.6326852222500807,0,297,13,2014-12-29,12,Sèche
Sahel,2015,1,-0.661388610186229,-0.8089564931144891,-0.1918169061135087,0,234,6,2015-01-05,1,Sèche
Sahel,2015,2,-0.6585676679816851,-0.6808738514243203,0.5720169000311776,0,245,9,2015-01-12,1,Sèche
Sahel,2015,3,-0.5993278816862666,-0.6808738514243203,0.9886535215646446,0,281,4,2015-01-19,1,Sèche
Sahel,2015,4,-0.604969766095354,-0.7577234364384218,-0.1570971876523885,0,339,12,2015-01-26,1,Sèche
Sahel,2015,5,-0.5880441128680916,-0.6552573230862871,-0.48693451303304763,0,244,0,2015-02-02,2,Sèche
Sahel,2015,6,-0.5711184596408291,-0.5527912097341515,1.683047890787088,0,187,10,2015-02-09,2,Sèche
Sahel,2015,7,-0.661388610186229,0.4974864521252319,-1.4070070522527847,0,338,8,2015-02-16,2,Sèche
Sahel,2015,8,-0.6106116505044415,-0.8601895497905564,1.5962485946342826,0,342,9,2015-02-23,2,Sèche
Sahel,2015,9,-0.6190744771180727,-0.9114226064666247,-0.5216542314941703,0,309,2,2015-03-02,3,Sèche
Sahel,2015,10,-0.6642095523907726,2.1113277374213597,-0.5910936684164156,0,268,10,2015-03-09,3,Sèche
Sahel,2015,11,-0.638821072549879,1.009817018885907,-0.3480556391885595,0,264,14,2015-03-16,3,Sèche
Sahel,2015,12,-0.6952399166407538,1.7526963406888856,0.4504978854172495,0,265,8,2015-03-23,3,Sèche
Sahel,2015,13,-0.6303582459362477,2.3674930208016973,0.24217957465051843,0,253,4,2015-03-30,3,Sèche
Sahel,2015,14,-0.6557467257771414,2.3674930208016973,1.6136084538648428,0,233,9,2015-04-06,4,Sèche
Sahel,2015,15,-0.5965069394817228,1.5477641139846163,-0.6084535276469758,0,290,12,2015-04-13,4,Sèche
Sahel,2015,16,-0.6670304945953164,2.3674930208016973,0.6240964777228604,0,176,7,2015-04-20,4,Sèche
Sahel,2015,17,-0.6247163615271603,2.6492748325200672,-1.4417267707139074,0,209,6,2015-04-27,4,Sèche
Sahel,2015,18,-0.5739394018453728,1.8807789823790544,0.7976950700284712,0,285,11,2015-05-04,5,Pluvieuse
Sahel,2015,19,-0.6839561478225789,0.1644715837307938,0.1727401377282731,0,309,10,2015-05-11,5,Pluvieuse
Sahel,2015,20,-0.5795812862544604,-0.3222424546918481,-0.33069577995799937,0,343,4,2015-05-18,5,Pluvieuse
Sahel,2015,21,-0.6501048413680539,0.3694038104350631,-0.8862112753359521,0,337,11,2015-05-25,5,Pluvieuse
Sahel,2015,22,-0.3990409851636609,-1.0651217764948266,-0.4174950761108048,0,312,2,2015-06-01,6,Pluvieuse
Sahel,2015,23,0.34850869904043086,0.190088112068827,-0.5910936684164156,0,312,0,2015-06-08,6,Pluvieuse
Sahel,2015,24,-0.540088095390848,0.010772413702590895,-0.6431732461080985,0,233,0,2015-06-15,6,Pluvieuse
Sahel,2015,25,0.30619456597227473,0.6511856221534348,0.12066056003659034,0,184,8,2015-06-22,6,Pluvieuse
Sahel,2015,26,0.21028253101778752,-0.937039134804658,-0.0008584545773377481,0,1360,5,2015-06-29,6,Pluvieuse
Sahel,2015,27,0.4867348670630742,0.190088112068827,1.7004077500176482,0,1313,3,2015-07-06,7,Pluvieuse
Sahel,2015,28,-0.2805614125728237,-0.3990920397059496,1.249051410023061,0,1159,6,2015-07-13,7,Pluvieuse
Sahel,2015,29,0.5234071157221429,0.6511856221534348,-1.7194845184028862,0,1533,1,2015-07-20,7,Pluvieuse
Sahel,2015,30,0.19335687779052502,0.08762199871669235,1.3879302838675491,0,1562,7,2015-07-27,7,Pluvieuse
Sahel,2015,31,-0.4836692512999731,0.523102980463266,-0.3480556391885595,0,1183,1,2015-08-03,8,Pluvieuse
Sahel,2015,32,0.5093024046994242,0.24132116874489434,-1.1466091637943685,0,1369,10,2015-08-10,8,Pluvieuse
Sahel,2015,33,-0.48084830909542947,-0.7577234364384218,-1.059809867641563,0,1607,6,2015-08-17,8,Pluvieuse
Sahel,2015,34,0.01563751890426924,-0.42470856804398277,-1.4243669114833473,0,1270,11,2015-08-24,8,Pluvieuse
Sahel,2015,35,-0.24106822170921124,0.08762199871669235,1.370570424636989,0,1142,14,2015-08-31,8,Pluvieuse
Sahel,2015,36,0.22156629983596243,-0.06607717131151056,-1.3202077560999792,0,1203,14,2015-09-07,9,Pluvieuse
Sahel,2015,37,-0.5372671531863042,-0.8601895497905564,-1.667404940711201,0,1653,0,2015-09-14,9,Pluvieuse
Sahel,2015,38,-0.37083156311822346,-0.962655663142692,1.3011309877147437,0,1683,9,2015-09-21,9,Pluvieuse
Sahel,2015,39,-0.3764734475273109,0.5743360371393342,-1.6500450814806409,0,1569,7,2015-09-28,9,Pluvieuse
Sahel,2015,40,-0.25517293273193,-1.116354833170894,-0.4174950761108048,0,1659,3,2015-10-05,10,Pluvieuse
Sahel,2015,41,-0.6190744771180727,-1.3469035882131983,-0.573733809185853,0,1302,12,2015-10-12,10,Pluvieuse
Sahel,2015,42,-0.6134325927089853,0.3950203387730972,1.1101725361785728,0,1110,12,2015-10-19,10,Pluvieuse
Sahel,2015,43,-0.6303582459362477,0.5487195088013002,1.0233732400257674,0,1151,13,2015-10-26,10,Pluvieuse
Sahel,2015,44,-0.6952399166407538,0.11323852705472555,-0.1744570468829486,0,1212,5,2015-11-02,11,Sèche
Sahel,2015,45,-0.5711184596408291,-0.629640794748253,0.4331380261866894,0,1032,7,2015-11-09,11,Sèche
Sahel,2015,46,-0.5767603440499166,-1.0138887198187594,-0.46957465380248753,0,1090,8,2015-11-16,11,Sèche
Sahel,2015,47,-0.6557467257771414,-0.8601895497905564,0.6761760554145456,0,309,8,2015-11-23,11,Sèche
Sahel,2015,48,-0.7093446276634725,-1.0907383048328607,1.4920894392509145,0,233,3,2015-11-30,11,Sèche
Sahel,2015,49,-0.5936859972771792,-0.7064903797623544,1.5962485946342826,0,308,1,2015-12-07,12,Sèche
Sahel,2015,50,-0.6444629569589664,0.3694038104350631,1.7177676092482108,0,240,4,2015-12-14,12,Sèche
Sahel,2015,51,-0.6726723790044038,-0.6552573230862871,-1.667404940711201,0,297,9,2015-12-21,12,Sèche
Sahel,2015,52,-0.5767603440499166,0.26693769708292847,0.46785774464781205,0,233,6,2015-12-28,12,Sèche
Sahel,2016,1,-0.6642095523907726,-0.937039134804658,0.46785774464781205,0,171,11,2016-01-04,1,Sèche
Sahel,2016,2,-0.5795812862544604,-0.5271746813961183,-0.747332401491464,0,250,14,2016-01-11,1,Sèche
Sahel,2016,3,-0.6585676679816851,-0.5784077380721857,-0.7646922607220265,0,311,8,2016-01-18,1,Sèche
Sahel,2016,4,-0.5880441128680916,-1.0138887198187594,1.3358507061758664,0,259,7,2016-01-25,1,Sèche
Sahel,2016,5,-0.6134325927089853,-1.0651217764948266,0.27689929311163863,0,173,14,2016-02-01,2,Sèche
Sahel,2016,6,-0.5852231706635478,-0.11731022798757788,0.6935359146451057,0,247,1,2016-02-08,2,Sèche
Sahel,2016,7,-0.6952399166407538,0.11323852705472555,1.3011309877147437,0,234,5,2016-02-15,2,Sèche
Sahel,2016,8,-0.69241897443621,-0.8345730214525232,0.7803352107979111,0,273,14,2016-02-22,2,Sèche
Sahel,2016,9,-0.6190744771180727,-0.34785898302988133,-0.1570971876523885,0,192,11,2016-02-29,2,Sèche
Sahel,2016,10,-0.5936859972771792,2.6748913608581013,-0.3480556391885595,0,248,1,2016-03-07,3,Sèche
Sahel,2016,11,-0.6077907082998978,1.1378996605760758,0.5893767592617402,0,233,1,2016-03-14,3,Sèche
Sahel,2016,12,-0.6529257835725977,1.9320120390551225,-0.573733809185853,0,223,1,2016-03-21,3,Sèche
Sahel,2016,13,-0.6895980322316664,1.8807789823790544,-0.6778929645692211,0,250,13,2016-03-28,3,Sèche
Sahel,2016,14,-0.5682975174362854,1.3172153589423128,-0.5910936684164156,0,217,3,2016-04-04,4,Sèche
Sahel,2016,15,-0.5739394018453728,1.4452980006324816,-1.6326852222500807,0,220,4,2016-04-11,4,Sèche
Sahel,2016,16,-0.6726723790044038,1.0610500755619752,-0.4348549353413649,0,227,9,2016-04-18,4,Sèche
Sahel,2016,17,-0.6670304945953164,1.9576285673931568,1.6483281723259653,0,264,13,2016-04-25,4,Sèche
Sahel,2016,18,-0.5880441128680916,2.008861624069223,-0.2959760614968767,0,207,6,2016-05-02,5,Pluvieuse
Sahel,2016,19,-0.6811352056180351,0.11323852705472555,0.5893767592617402,0,184,9,2016-05-09,5,Pluvieuse
Sahel,2016,20,-0.6895980322316664,-1.3212870598751643,-0.05293803226902051,0,233,10,2016-05-16,5,Pluvieuse
Sahel,2016,21,-0.5993278816862666,-0.09169369964954377,1.2837711284841835,0,308,6,2016-05-23,5,Pluvieuse
Sahel,2016,22,0.5318699423357741,-0.5015581530580843,0.5893767592617402,0,336,5,2016-05-30,5,Pluvieuse
Sahel,2016,23,-0.2777404703682799,0.42063686711113135,-0.5390140907247304,0,212,12,2016-06-06,6,Pluvieuse
Sahel,2016,24,-0.21850068407286138,-0.6552573230862871,-0.7126126830303413,0,236,4,2016-06-13,6,Pluvieuse
Sahel,2016,25,0.3400458724267997,-0.5784077380721857,1.7177676092482108,0,211,11,2016-06-20,6,Pluvieuse
Sahel,2016,26,-0.23824727950466756,-1.0651217764948266,0.2942591523422012,0,1263,8,2016-06-27,6,Pluvieuse
Sahel,2016,27,-0.3567268520955047,-0.3990920397059496,-0.03557817303846041,0,1022,12,2016-07-04,7,Pluvieuse
Sahel,2016,28,-0.040781325186605606,-1.0138887198187594,0.6761760554145456,0,1113,14,2016-07-11,7,Pluvieuse
Sahel,2016,29,0.2808060861313811,-0.2710093980157808,0.46785774464781205,0,1124,3,2016-07-18,7,Pluvieuse
Sahel,2016,30,-0.5570137486181104,-0.7577234364384218,0.7803352107979111,0,1022,12,2016-07-25,7,Pluvieuse
Sahel,2016,31,-0.43571323382272953,0.06200547037865822,-0.3133359207274368,0,1559,6,2016-08-01,8,Pluvieuse
Sahel,2016,32,0.10872861165421276,-0.09169369964954377,1.683047890787088,0,1032,7,2016-08-08,8,Pluvieuse
Sahel,2016,33,-0.3933991007545734,-1.0138887198187594,-0.6605331053386585,0,1064,5,2016-08-15,8,Pluvieuse
Sahel,2016,34,-0.441355118231817,0.5999525654773665,0.27689929311163863,0,999,2,2016-08-22,8,Pluvieuse
Sahel,2016,35,0.4951976936767055,-0.6808738514243203,0.641456336953423,0,1461,2,2016-08-29,8,Pluvieuse
Sahel,2016,36,0.24695477967685608,-0.11731022798757788,1.144892254639693,0,1177,7,2016-09-05,9,Pluvieuse
Sahel,2016,37,0.5205861735175992,-0.142926756325612,0.7976950700284712,0,1179,7,2016-09-12,9,Pluvieuse
Sahel,2016,38,0.3541505834495184,-0.8089564931144891,-1.1639690230249309,0,1103,3,2016-09-19,9,Pluvieuse
Sahel,2016,39,0.07769824740423155,0.010772413702590895,-1.6326852222500807,0,1571,14,2016-09-26,9,Pluvieuse
Sahel,2016,40,-0.15926089777744276,-0.2710093980157808,-0.573733809185853,0,1495,9,2016-10-03,10,Pluvieuse
Sahel,2016,41,-0.6754933212089477,0.5743360371393342,1.683047890787088,0,1102,6,2016-10-10,10,Pluvieuse
Sahel,2016,42,-0.6360001303453352,-0.783339964776456,-0.3654154984191196,0,1627,5,2016-10-17,10,Pluvieuse
Sahel,2016,43,-0.6106116505044415,-0.8089564931144891,1.57888873540372,0,1138,7,2016-10-24,10,Pluvieuse
Sahel,2016,44,-0.6303582459362477,-0.6808738514243203,-1.1639690230249309,0,1401,5,2016-10-31,10,Pluvieuse
Sahel,2016,45,-0.661388610186229,-1.0651217764948266,1.4052901430981093,0,1083,11,2016-11-07,11,Sèche
Sahel,2016,46,-0.604969766095354,-0.6808738514243203,1.249051410023061,0,1448,4,2016-11-14,11,Sèche
Sahel,2016,47,-0.6698514367998601,0.11323852705472555,1.1622521138702555,0,319,6,2016-11-21,11,Sèche
Sahel,2016,48,-0.6754933212089477,-0.3990920397059496,-1.47644648917503,0,274,11,2016-11-28,11,Sèche
Sahel,2016,49,-0.6444629569589664,-0.4503250963820169,-0.6258133868775358,0,182,4,2016-12-05,12,Sèche
Sahel,2016,50,-0.6190744771180727,0.010772413702590895,1.0580929584868874,0,316,11,2016-12-12,12,Sèche
Sahel,2016,51,-0.6839561478225789,-0.014844114635443224,-1.1986887414860536,0,241,8,2016-12-19,12,Sèche
Sahel,2016,52,-0.5880441128680916,0.010772413702590895,-1.667404940711201,0,251,7,2016-12-26,12,Sèche
Sahel,2017,1,-0.6839561478225789,-0.3222424546918481,0.4504978854172495,0,260,0,2017-01-02,1,Sèche
Sahel,2017,2,-0.6557467257771414,-0.8089564931144891,-1.2160486007166138,0,206,5,2017-01-09,1,Sèche
Sahel,2017,3,-0.6670304945953164,0.190088112068827,-1.4243669114833473,0,273,9,2017-01-16,1,Sèche
Sahel,2017,4,-0.6952399166407538,0.5999525654773665,0.3116190115727613,0,306,13,2017-01-23,1,Sèche
Sahel,2017,5,-0.6952399166407538,-0.4503250963820169,-1.1118894453332482,0,251,14,2017-01-30,1,Sèche
Sahel,2017,6,-0.5993278816862666,-1.1419713615089282,0.5893767592617402,0,323,0,2017-02-06,2,Sèche
Sahel,2017,7,-0.6867770900271225,-1.0395052481567935,1.0233732400257674,0,184,1,2017-02-13,2,Sèche
Sahel,2017,8,-0.5739394018453728,-1.3981366448892656,0.5025774631089347,0,244,10,2017-02-20,2,Sèche
Sahel,2017,9,-0.6472838991635101,-0.11731022798757788,1.7351274684787708,0,209,10,2017-02-27,2,Sèche
Sahel,2017,10,-0.6331791881407914,1.214749245590178,-1.4243669114833473,0,202,6,2017-03-06,3,Sèche
Sahel,2017,11,-0.7093446276634725,1.6502302273367508,1.144892254639693,0,175,8,2017-03-13,3,Sèche
Sahel,2017,12,-0.5936859972771792,2.3162599641256287,-0.6778929645692211,0,258,14,2017-03-20,3,Sèche
Sahel,2017,13,-0.604969766095354,2.034478152407257,-0.4348549353413649,0,213,10,2017-03-27,3,Sèche
Sahel,2017,14,-0.6867770900271225,0.9585839622098405,-0.12237746919126584,0,205,2,2017-04-03,4,Sèche
Sahel,2017,15,-0.5965069394817228,1.5733806423226504,0.36369858926444404,0,223,1,2017-04-10,4,Sèche
Sahel,2017,16,-0.6783142634134913,2.521192190829898,-1.5111662076361527,0,210,8,2017-04-17,4,Sèche
Sahel,2017,17,-0.6670304945953164,2.623658304182035,-1.1639690230249309,0,285,1,2017-04-24,4,Sèche
Sahel,2017,18,-0.5908650550726353,1.7783128690269197,1.683047890787088,0,287,12,2017-05-01,5,Pluvieuse
Sahel,2017,19,-0.6077907082998978,-1.0907383048328607,-1.3722873337916646,0,290,3,2017-05-08,5,Pluvieuse
Sahel,2017,20,-0.6585676679816851,0.4974864521252319,1.370570424636989,0,256,10,2017-05-15,5,Pluvieuse
Sahel,2017,21,-0.5795812862544604,0.5743360371393342,0.9365739438729619,0,243,11,2017-05-22,5,Pluvieuse
Sahel,2017,22,-0.052065094004780536,0.26693769708292847,0.5546570408006175,0,210,3,2017-05-29,5,Pluvieuse
Sahel,2017,23,-0.3567268520955047,0.08762199871669235,-1.6326852222500807,0,291,14,2017-06-05,6,Pluvieuse
Sahel,2017,24,-0.052065094004780536,-0.9114226064666247,1.56152887617316,0,203,14,2017-06-12,6,Pluvieuse
Sahel,2017,25,0.20181970440415617,-1.2188209465230295,-0.13973732842182593,0,186,2,2017-06-19,6,Pluvieuse
Sahel,2017,26,0.34568775683588704,-0.11731022798757788,-0.1744570468829486,0,1209,1,2017-06-26,6,Pluvieuse
Sahel,2017,27,-0.29184518139099863,-0.937039134804658,1.1796119731008157,0,1378,11,2017-07-03,7,Pluvieuse
Sahel,2017,28,0.24695477967685608,-0.6040242664102189,-0.6258133868775358,0,1013,7,2017-07-10,7,Pluvieuse
Sahel,2017,29,0.07769824740423155,-1.2188209465230295,-1.45908662994447,0,1094,2,2017-07-17,7,Pluvieuse
Sahel,2017,30,0.15386368692691266,-1.0907383048328607,-0.22653662457463136,0,1608,8,2017-07-24,7,Pluvieuse
Sahel,2017,31,-0.3369802566636986,-1.1419713615089282,1.4052901430981093,0,1225,3,2017-07-31,7,Pluvieuse
Sahel,2017,32,-0.3567268520955047,0.2925542254209626,0.016501404653222352,0,1379,13,2017-08-07,8,Pluvieuse
Sahel,2017,33,0.4867348670630742,-0.8345730214525232,-1.4070070522527847,0,1182,6,2017-08-14,8,Pluvieuse
Sahel,2017,34,-0.14515618675472405,-0.962655663142692,0.27689929311163863,0,1281,13,2017-08-21,8,Pluvieuse
Sahel,2017,35,-0.44981794484544824,0.21570464040686113,0.9712936623340821,0,1536,14,2017-08-28,8,Pluvieuse
Sahel,2017,36,0.12001238047238769,-1.3212870598751643,1.0928126769480102,0,1632,11,2017-09-04,9,Pluvieuse
Sahel,2017,37,0.3880018899040432,-0.11731022798757788,1.3358507061758664,0,1004,0,2017-09-11,9,Pluvieuse
Sahel,2017,38,0.32876210360862457,-0.34785898302988133,-0.9556507122581974,0,1219,7,2017-09-18,9,Pluvieuse
Sahel,2017,39,0.1679683979496314,0.4718699237871978,-1.2681281784082965,0,996,14,2017-09-25,9,Pluvieuse
Sahel,2017,40,0.0015328078815505261,-0.9882721914807252,1.7004077500176482,0,1193,10,2017-10-02,10,Pluvieuse
Sahel,2017,41,-0.6783142634134913,-0.962655663142692,0.9192140846423993,0,1566,10,2017-10-09,10,Pluvieuse
Sahel,2017,42,-0.6444629569589664,-0.4503250963820169,-1.4938063484055901,0,1264,14,2017-10-16,10,Pluvieuse
Sahel,2017,43,-0.6077907082998978,-0.19415981300167934,1.2837711284841835,0,1149,7,2017-10-23,10,Pluvieuse
Sahel,2017,44,-0.6783142634134913,-1.0907383048328607,-0.8341316976442694,0,1284,10,2017-10-30,10,Pluvieuse
Sahel,2017,45,-0.6021488238908103,-0.9114226064666247,0.9886535215646446,0,1025,6,2017-11-06,11,Sèche
Sahel,2017,46,-0.6839561478225789,0.13885505539275966,-0.6431732461080985,0,1319,7,2017-11-13,11,Sèche
Sahel,2017,47,-0.7037027432543851,-1.0907383048328607,1.7004077500176482,0,306,9,2017-11-20,11,Sèche
Sahel,2017,48,-0.6980608588452976,0.4974864521252319,1.370570424636989,0,300,1,2017-11-27,11,Sèche
Sahel,2017,49,-0.6726723790044038,-0.8858060781285906,1.56152887617316,0,275,11,2017-12-04,12,Sèche
Sahel,2017,50,-0.6980608588452976,0.3181707537589958,-1.5979655037889582,0,274,10,2017-12-11,12,Sèche
Sahel,2017,51,-0.6811352056180351,-1.3469035882131983,0.6067366184923002,0,201,7,2017-12-18,12,Sèche
Sahel,2017,52,-0.6134325927089853,-0.24539286967774668,-1.7194845184028862,0,284,5,2017-12-25,12,Sèche
Sahel,2018,1,-0.7008818010498412,0.5999525654773665,-1.1118894453332482,0,298,10,2018-01-01,1,Sèche
Sahel,2018,2,-0.6331791881407914,-0.629640794748253,1.2143316915619382,0,189,13,2018-01-08,1,Sèche
Sahel,2018,3,-0.6444629569589664,-0.09169369964954377,-0.3480556391885595,0,286,8,2018-01-15,1,Sèche
Sahel,2018,4,-0.627537303731704,-1.0138887198187594,1.4052901430981093,0,229,1,2018-01-22,1,Sèche
Sahel,2018,5,-0.6331791881407914,-0.629640794748253,-1.5285260668667129,0,220,9,2018-01-29,1,Sèche
Sahel,2018,6,-0.5880441128680916,-0.11731022798757788,-1.2160486007166138,0,198,11,2018-02-05,2,Sèche
Sahel,2018,7,-0.5965069394817228,-0.9882721914807252,1.5962485946342826,0,318,9,2018-02-12,2,Sèche
Sahel,2018,8,-0.627537303731704,-0.296625926353814,-0.9035711345665147,0,204,2,2018-02-19,2,Sèche
Sahel,2018,9,-0.6867770900271225,-1.3725201165512315,0.36369858926444404,0,277,8,2018-02-26,2,Sèche
Sahel,2018,10,-0.6952399166407538,1.2915988306042787,-1.2160486007166138,0,235,1,2018-03-05,3,Sèche
Sahel,2018,11,-0.6698514367998601,1.9320120390551225,-0.7994119791831467,0,274,5,2018-03-12,3,Sèche
Sahel,2018,12,-0.6331791881407914,2.5468087191679323,0.9018542254118392,0,242,6,2018-03-19,3,Sèche
Sahel,2018,13,-0.7065236854589287,1.5477641139846163,-1.45908662994447,0,207,8,2018-03-26,3,Sèche
Sahel,2018,14,-0.6501048413680539,1.522147585646582,-0.1744570468829486,0,257,7,2018-04-02,4,Sèche
Sahel,2018,15,-0.6416420147544227,2.623658304182035,-1.285488037638859,0,222,11,2018-04-09,4,Sèche
Sahel,2018,16,-0.5739394018453728,1.214749245590178,-0.3654154984191196,0,305,10,2018-04-16,4,Sèche
Sahel,2018,17,-0.661388610186229,1.214749245590178,0.8844943661812766,0,316,8,2018-04-23,4,Sèche
Sahel,2018,18,-0.6698514367998601,1.855162454041022,1.3532105654064264,0,300,1,2018-04-30,4,Sèche
Sahel,2018,19,-0.6472838991635101,0.523102980463266,-1.2507683191777363,0,289,12,2018-05-07,5,Pluvieuse
Sahel,2018,20,-0.661388610186229,-0.014844114635443224,0.033861263883784916,0,276,3,2018-05-14,5,Pluvieuse
Sahel,2018,21,-0.6106116505044415,-0.24539286967774668,0.7282556331062283,0,294,12,2018-05-21,5,Pluvieuse
Sahel,2018,22,0.36543435226769333,-0.19415981300167934,-1.4243669114833473,0,185,12,2018-05-28,5,Pluvieuse
Sahel,2018,23,-0.41878758059546706,-0.19415981300167934,1.4747295800203546,0,274,12,2018-06-04,6,Pluvieuse
Sahel,2018,24,-0.21003785745923015,-0.3222424546918481,-0.22653662457463136,0,277,1,2018-06-11,6,Pluvieuse
Sahel,2018,25,-0.10002111148202414,0.5743360371393342,-0.5042943722636102,0,286,1,2018-06-18,6,Pluvieuse
Sahel,2018,26,0.4810929826539868,-1.3212870598751643,1.56152887617316,0,1583,12,2018-06-25,6,Pluvieuse
Sahel,2018,27,0.07769824740423155,-0.09169369964954377,-0.3480556391885595,0,1544,0,2018-07-02,7,Pluvieuse
Sahel,2018,28,-0.3905781585500296,-1.0651217764948266,0.24217957465051843,0,1486,0,2018-07-09,7,Pluvieuse
Sahel,2018,29,-0.15079807116381153,0.4718699237871978,-1.667404940711201,0,960,6,2018-07-16,7,Pluvieuse
Sahel,2018,30,0.08051918960877533,-0.783339964776456,0.7803352107979111,0,1188,6,2018-07-23,7,Pluvieuse
Sahel,2018,31,0.34568775683588704,-1.1419713615089282,-0.8341316976442694,0,1533,10,2018-07-30,7,Pluvieuse
Sahel,2018,32,-0.528804326572673,0.08762199871669235,1.1796119731008157,0,1465,7,2018-08-06,8,Pluvieuse
Sahel,2018,33,0.25541760629048743,-1.0138887198187594,-0.1744570468829486,0,1354,3,2018-08-13,8,Pluvieuse
Sahel,2018,34,0.554437479972124,-1.0907383048328607,-0.3654154984191196,0,1493,8,2018-08-20,8,Pluvieuse
Sahel,2018,35,0.292089854949556,-1.270054003199097,0.7108957738756658,0,1312,13,2018-08-27,8,Pluvieuse
Sahel,2018,36,0.10308672724512528,-0.7577234364384218,1.5441690169426,0,1051,12,2018-09-03,9,Pluvieuse
Sahel,2018,37,0.33158304581316833,-0.6552573230862871,-0.573733809185853,0,1030,4,2018-09-10,9,Pluvieuse
Sahel,2018,38,-0.04642320959569307,0.21570464040686113,-0.9035711345665147,0,1052,12,2018-09-17,9,Pluvieuse
Sahel,2018,39,0.09462390063149403,-0.014844114635443224,-0.573733809185853,0,1287,8,2018-09-24,9,Pluvieuse
Sahel,2018,40,-0.4469970026409045,0.4974864521252319,1.7004077500176482,0,1175,1,2018-10-01,10,Pluvieuse
Sahel,2018,41,-0.5767603440499166,-0.9114226064666247,0.05122112311434501,0,1535,12,2018-10-08,10,Pluvieuse
Sahel,2018,42,-0.6867770900271225,-0.19415981300167934,-1.4938063484055901,0,1518,2,2018-10-15,10,Pluvieuse
Sahel,2018,43,-0.7065236854589287,-0.9882721914807252,-1.3375676153305418,0,1519,6,2018-10-22,10,Pluvieuse
Sahel,2018,44,-0.6444629569589664,0.4718699237871978,1.0060133807952047,0,1006,7,2018-10-29,10,Pluvieuse
Sahel,2018,45,-0.6218954193226165,-1.2444374748610627,-0.48693451303304763,0,1190,1,2018-11-05,11,Sèche
Sahel,2018,46,-0.6839561478225789,-0.06607717131151056,-1.1118894453332482,0,1092,8,2018-11-12,11,Sèche
Sahel,2018,47,-0.6360001303453352,-0.4503250963820169,-0.9382908530276374,0,192,1,2018-11-19,11,Sèche
Sahel,2018,48,-0.6331791881407914,-0.19415981300167934,0.9712936623340821,0,190,13,2018-11-26,11,Sèche
Sahel,2018,49,-0.5852231706635478,-0.24539286967774668,-0.7299725422609038,0,189,5,2018-12-03,12,Sèche
Sahel,2018,50,-0.6839561478225789,-1.295670531537131,0.36369858926444404,0,268,11,2018-12-10,12,Sèche
Sahel,2018,51,-0.5936859972771792,-1.0395052481567935,-1.4070070522527847,0,205,13,2018-12-17,12,Sèche
Sahel,2018,52,-0.5795812862544604,-0.09169369964954377,-1.1466091637943685,0,181,6,2018-12-24,12,Sèche
Sahel,2019,1,-0.7065236854589287,-1.2444374748610627,-0.3654154984191196,0,242,7,2019-01-07,1,Sèche
Sahel,2019,2,-0.6895980322316664,0.5743360371393342,0.10330070080602778,0,184,6,2019-01-14,1,Sèche
Sahel,2019,3,-0.6303582459362477,0.4974864521252319,-0.4348549353413649,0,268,7,2019-01-21,1,Sèche
Sahel,2019,4,-0.6952399166407538,-0.09169369964954377,-1.6847647999417636,0,240,2,2019-01-28,1,Sèche
Sahel,2019,5,-0.5824022284590041,-0.2710093980157808,1.7351274684787708,0,286,7,2019-02-04,2,Sèche
Sahel,2019,6,-0.638821072549879,-0.24539286967774668,-0.7299725422609038,0,164,1,2019-02-11,2,Sèche
Sahel,2019,7,-0.6416420147544227,-0.06607717131151056,-1.1292493045638083,0,281,12,2019-02-18,2,Sèche
Sahel,2019,8,-0.6331791881407914,0.13885505539275966,-0.261256343035754,0,199,4,2019-02-25,2,Sèche
Sahel,2019,9,-0.661388610186229,-0.014844114635443224,0.5199373223394949,0,178,2,2019-03-04,3,Sèche
Sahel,2019,10,-0.6811352056180351,2.2906434357875947,-1.2507683191777363,0,218,4,2019-03-11,3,Sèche
Sahel,2019,11,-0.5965069394817228,2.6748913608581013,-0.747332401491464,0,161,12,2019-03-18,3,Sèche
Sahel,2019,12,-0.6642095523907726,0.9585839622098405,-0.7646922607220265,0,239,14,2019-03-25,3,Sèche
Sahel,2019,13,-0.6642095523907726,2.034478152407257,-1.0771697268721256,0,182,4,2019-04-01,4,Sèche
Sahel,2019,14,-0.6106116505044415,2.3162599641256287,-0.8688514161053921,0,280,13,2019-04-08,4,Sèche
Sahel,2019,15,-0.627537303731704,2.213793850773494,-0.6778929645692211,0,231,2,2019-04-15,4,Sèche
Sahel,2019,16,-0.5824022284590041,1.829545925702988,-0.0008584545773377481,0,276,5,2019-04-22,4,Sèche
Sahel,2019,17,-0.6980608588452976,1.9063955107170885,-0.6431732461080985,0,282,2,2019-04-29,4,Sèche
Sahel,2019,18,-0.6416420147544227,2.1113277374213597,0.9712936623340821,0,207,0,2019-05-06,5,Pluvieuse
Sahel,2019,19,-0.5965069394817228,-0.937039134804658,-0.03557817303846041,0,276,10,2019-05-13,5,Pluvieuse
Sahel,2019,20,-0.6134325927089853,0.010772413702590895,0.39841830772556674,0,175,10,2019-05-20,5,Pluvieuse
Sahel,2019,21,-0.5795812862544604,0.06200547037865822,-0.747332401491464,0,181,9,2019-05-27,5,Pluvieuse
Sahel,2019,22,-0.25235199052738627,-0.11731022798757788,1.4226500023286717,0,218,11,2019-06-03,6,Pluvieuse
Sahel,2019,23,0.5516165377675804,-0.21977634133971255,-1.5632457853278354,0,261,7,2019-06-10,6,Pluvieuse
Sahel,2019,24,0.3372249302222559,0.3181707537589958,1.4400098615592318,0,165,13,2019-06-17,6,Pluvieuse
Sahel,2019,25,-0.05488603620932432,0.2925542254209626,1.5441690169426,0,219,9,2019-06-24,6,Pluvieuse
Sahel,2019,26,-0.4103247539818358,-0.6552573230862871,1.4920894392509145,0,998,3,2019-07-01,7,Pluvieuse
Sahel,2019,27,0.4698092138358117,-0.937039134804658,-0.24389648380519394,0,1032,4,2019-07-08,7,Pluvieuse
Sahel,2019,28,-0.24388916391375504,-0.1685432846636452,-0.6258133868775358,0,1378,6,2019-07-15,7,Pluvieuse
Sahel,2019,29,-0.08027451605021796,-0.24539286967774668,-0.6952528237997811,0,1120,6,2019-07-22,7,Pluvieuse
Sahel,2019,30,-0.3144127190273486,-0.937039134804658,0.1727401377282731,0,1455,13,2019-07-29,7,Pluvieuse
Sahel,2019,31,0.4105694275403933,-0.06607717131151056,1.1796119731008157,0,1533,6,2019-08-05,8,Pluvieuse
Sahel,2019,32,-0.3764734475273109,-1.1932044181849955,-1.1466091637943685,0,1010,0,2019-08-12,8,Pluvieuse
Sahel,2019,33,0.0015328078815505261,-1.0395052481567935,-1.7021246591723236,0,1321,5,2019-08-19,8,Pluvieuse
Sahel,2019,34,-0.43853417602727324,-0.296625926353814,-0.261256343035754,0,1165,14,2019-08-26,8,Pluvieuse
Sahel,2019,35,-0.4554598292545357,-1.0395052481567935,0.38105844849500664,0,1288,3,2019-09-02,9,Pluvieuse
Sahel,2019,36,-0.004109076527536938,-0.34785898302988133,-0.9556507122581974,0,932,8,2019-09-09,9,Pluvieuse
Sahel,2019,37,0.24695477967685608,0.3694038104350631,-0.7126126830303413,0,1055,7,2019-09-16,9,Pluvieuse
Sahel,2019,38,0.02974222992698795,-0.5527912097341515,1.2143316915619382,0,1160,5,2019-09-23,9,Pluvieuse
Sahel,2019,39,-0.3087708346182611,-0.3990920397059496,1.2837711284841835,0,1057,1,2019-09-30,9,Pluvieuse
Sahel,2019,40,-0.3905781585500296,-1.1932044181849955,0.4157781669561293,0,1377,4,2019-10-07,10,Pluvieuse
Sahel,2019,41,-0.6980608588452976,-0.3222424546918481,-0.10501760996070328,0,1342,7,2019-10-14,10,Pluvieuse
Sahel,2019,42,-0.6867770900271225,-1.3725201165512315,0.48521760387837215,0,1465,1,2019-10-21,10,Pluvieuse
Sahel,2019,43,-0.6190744771180727,-0.09169369964954377,-0.33069577995799937,0,1491,12,2019-10-28,10,Pluvieuse
Sahel,2019,44,-0.6247163615271603,0.06200547037865822,0.6240964777228604,0,1194,4,2019-11-04,11,Sèche
Sahel,2019,45,-0.616253534913529,0.010772413702590895,-0.0008584545773377481,0,1051,10,2019-11-11,11,Sèche
Sahel,2019,46,-0.6360001303453352,-0.37347551136791546,-0.8862112753359521,0,1494,10,2019-11-18,11,Sèche
Sahel,2019,47,-0.6218954193226165,-0.42470856804398277,-0.8514915568748319,0,303,1,2019-11-25,11,Sèche
Sahel,2019,48,-0.6134325927089853,0.190088112068827,0.641456336953423,0,278,11,2019-12-02,12,Sèche
Sahel,2019,49,-0.5795812862544604,0.010772413702590895,1.6656880315565255,0,178,5,2019-12-09,12,Sèche
Sahel,2019,50,-0.6867770900271225,-0.7577234364384218,-1.6847647999417636,0,181,6,2019-12-16,12,Sèche
Sahel,2019,51,-0.6444629569589664,0.3694038104350631,0.8497746477201564,0,172,3,2019-12-23,12,Sèche
Sahel,2019,52,-0.6444629569589664,-0.3990920397059496,-1.059809867641563,0,288,9,2019-12-30,12,Sèche
Sahel,2020,1,-0.6952399166407538,-0.9114226064666247,0.38105844849500664,0,266,9,2020-01-06,1,Sèche
Sahel,2020,2,-0.6642095523907726,-1.270054003199097,-1.5111662076361527,0,298,4,2020-01-13,1,Sèche
Sahel,2020,3,-0.6839561478225789,-1.3212870598751643,-0.573733809185853,0,203,5,2020-01-20,1,Sèche
Sahel,2020,4,-0.5908650550726353,0.5743360371393342,0.033861263883784916,0,183,6,2020-01-27,1,Sèche
Sahel,2020,5,-0.6501048413680539,-0.142926756325612,-1.3722873337916646,0,288,7,2020-02-03,2,Sèche
Sahel,2020,6,-0.6360001303453352,-1.3981366448892656,0.8150549292590338,0,229,8,2020-02-10,2,Sèche
Sahel,2020,7,-0.6077907082998978,-0.5784077380721857,0.6240964777228604,0,207,5,2020-02-17,2,Sèche
Sahel,2020,8,-0.6501048413680539,0.21570464040686113,1.683047890787088,0,201,12,2020-02-24,2,Sèche
Sahel,2020,9,-0.6218954193226165,-0.34785898302988133,0.9018542254118392,0,161,0,2020-03-02,3,Sèche
Sahel,2020,10,-0.627537303731704,2.4187260774777637,-0.9209309937970748,0,167,4,2020-03-09,3,Sèche
Sahel,2020,11,-0.5993278816862666,1.496531057308548,1.0233732400257674,0,280,6,2020-03-16,3,Sèche
Sahel,2020,12,-0.661388610186229,1.16351618891411,0.5199373223394949,0,279,4,2020-03-23,3,Sèche
Sahel,2020,13,-0.6472838991635101,1.16351618891411,-1.7194845184028862,0,169,1,2020-03-30,3,Sèche
Sahel,2020,14,-0.6980608588452976,1.0610500755619752,1.1796119731008157,0,159,8,2020-04-06,4,Sèche
Sahel,2020,15,-0.5824022284590041,2.521192190829898,0.5893767592617402,0,269,3,2020-04-13,4,Sèche
Sahel,2020,16,-0.5711184596408291,2.623658304182035,-1.0771697268721256,0,199,1,2020-04-20,4,Sèche
Sahel,2020,17,-0.6698514367998601,1.522147585646582,0.10330070080602778,0,193,4,2020-04-27,4,Sèche
Sahel,2020,18,-0.6839561478225789,2.3418764924636633,0.033861263883784916,0,210,13,2020-05-04,5,Pluvieuse
Sahel,2020,19,-0.5880441128680916,-1.3212870598751643,-1.2160486007166138,0,299,0,2020-05-11,5,Pluvieuse
Sahel,2020,20,-0.6444629569589664,-0.9114226064666247,-0.3133359207274368,0,197,7,2020-05-18,5,Pluvieuse
Sahel,2020,21,-0.6021488238908103,-0.5527912097341515,1.1101725361785728,0,215,8,2020-05-25,5,Pluvieuse
Sahel,2020,22,0.4613463872221805,0.010772413702590895,-0.747332401491464,0,157,2,2020-06-01,6,Pluvieuse
Sahel,2020,23,-0.07181168943658671,0.24132116874489434,-1.3722873337916646,0,244,11,2020-06-08,6,Pluvieuse
Sahel,2020,24,-0.3087708346182611,-0.4759416247200501,0.15538027849771302,0,260,8,2020-06-15,6,Pluvieuse
Sahel,2020,25,0.42185319635856816,-0.42470856804398277,-1.059809867641563,0,180,3,2020-06-22,6,Pluvieuse
Sahel,2020,26,0.0015328078815505261,-0.014844114635443224,1.4573697207897944,0,1179,1,2020-06-29,6,Pluvieuse
Sahel,2020,27,-0.17900749320924894,-0.040460642973476436,-0.33069577995799937,0,1021,10,2020-07-06,7,Pluvieuse
Sahel,2020,28,0.5375118267448616,0.3694038104350631,0.8671345069507166,0,1327,0,2020-07-13,7,Pluvieuse
Sahel,2020,29,0.1651474557450876,-1.2188209465230295,0.7803352107979111,0,1012,4,2020-07-20,7,Pluvieuse
Sahel,2020,30,-0.20439597305014268,-0.19415981300167934,1.3532105654064264,0,1357,1,2020-07-27,7,Pluvieuse
Sahel,2020,31,-0.5485509220044792,-1.1419713615089282,1.196971832331378,0,1398,8,2020-08-03,8,Pluvieuse
Sahel,2020,32,-0.17336560880016147,0.3181707537589958,1.1622521138702555,0,1455,4,2020-08-10,8,Pluvieuse
Sahel,2020,33,-0.03513944077751814,0.4718699237871978,0.658816196183983,0,1211,0,2020-08-17,8,Pluvieuse
Sahel,2020,34,0.05513070976788169,-1.0651217764948266,0.1727401377282731,0,1464,12,2020-08-24,8,Pluvieuse
Sahel,2020,35,-0.0746326316411305,-0.5527912097341515,1.4400098615592318,0,1460,11,2020-08-31,8,Pluvieuse
Sahel,2020,36,-0.4723854824817981,-0.7321069081003877,-0.5216542314941703,0,1052,10,2020-09-07,9,Pluvieuse
Sahel,2020,37,0.0692354207906004,0.3950203387730972,0.5025774631089347,0,1049,13,2020-09-14,9,Pluvieuse
Sahel,2020,38,0.07487730519968787,-0.37347551136791546,-0.8688514161053921,0,1399,8,2020-09-21,9,Pluvieuse
Sahel,2020,39,-0.2805614125728237,-0.3990920397059496,-0.1570971876523885,0,1318,2,2020-09-28,9,Pluvieuse
Sahel,2020,40,0.3880018899040432,-0.06607717131151056,0.8671345069507166,0,1025,12,2020-10-05,10,Pluvieuse
Sahel,2020,41,-0.627537303731704,0.3950203387730972,-1.2681281784082965,0,1180,0,2020-10-12,10,Pluvieuse
Sahel,2020,42,-0.69241897443621,-1.0907383048328607,-1.0077302899498801,0,991,1,2020-10-19,10,Pluvieuse
Sahel,2020,43,-0.5767603440499166,-1.0651217764948266,0.27689929311163863,0,976,11,2020-10-26,10,Pluvieuse
Sahel,2020,44,-0.6980608588452976,-0.11731022798757788,1.6483281723259653,0,1283,0,2020-11-02,11,Sèche
Sahel,2020,45,-0.7065236854589287,0.06200547037865822,1.0407330992563273,0,1546,0,2020-11-09,11,Sèche
Sahel,2020,46,-0.5711184596408291,0.24132116874489434,1.2143316915619382,0,1452,11,2020-11-16,11,Sèche
Sahel,2020,47,-0.6642095523907726,-0.24539286967774668,0.20745985618939577,0,209,5,2020-11-23,11,Sèche
Sahel,2020,48,-0.661388610186229,-1.116354833170894,-1.2160486007166138,0,235,14,2020-11-30,11,Sèche
Sahel,2020,49,-0.5908650550726353,-0.42470856804398277,0.36369858926444404,0,279,7,2020-12-07,12,Sèche
Sahel,2020,50,-0.5993278816862666,0.3181707537589958,-1.5806056445583956,0,270,14,2020-12-14,12,Sèche
Sahel,2020,51,-0.6670304945953164,-1.270054003199097,1.4747295800203546,0,164,14,2020-12-21,12,Sèche
Sahel,2020,52,-0.6670304945953164,-1.116354833170894,-0.9730105714887576,0,187,13,2020-12-28,12,Sèche
Sahel,2021,1,-0.6218954193226165,0.11323852705472555,0.48521760387837215,0,199,2,2021-01-04,1,Sèche
Sahel,2021,2,-0.6529257835725977,0.6511856221534348,-0.7299725422609038,0,251,2,2021-01-11,1,Sèche
Sahel,2021,3,-0.6698514367998601,-1.270054003199097,-0.7299725422609038,0,209,4,2021-01-18,1,Sèche
Sahel,2021,4,-0.6190744771180727,-1.3212870598751643,0.06858098234490759,0,285,2,2021-01-25,1,Sèche
Sahel,2021,5,-0.6444629569589664,0.06200547037865822,1.2316915507924984,0,260,14,2021-02-01,2,Sèche
Sahel,2021,6,-0.6952399166407538,-0.09169369964954377,0.7282556331062283,0,186,3,2021-02-08,2,Sèche
Sahel,2021,7,-0.5795812862544604,-0.4759416247200501,0.9365739438729619,0,279,9,2021-02-15,2,Sèche
Sahel,2021,8,-0.6106116505044415,-0.040460642973476436,1.1622521138702555,0,267,11,2021-02-22,2,Sèche
Sahel,2021,9,-0.6839561478225789,-0.7577234364384218,-0.556373949955293,0,217,8,2021-03-01,3,Sèche
Sahel,2021,10,-0.5767603440499166,2.6492748325200672,0.36369858926444404,0,293,11,2021-03-08,3,Sèche
Sahel,2021,11,-0.7065236854589287,2.2650269074495606,0.20745985618939577,0,221,2,2021-03-15,3,Sèche
Sahel,2021,12,-0.7065236854589287,1.855162454041022,-0.20917676534407126,0,295,1,2021-03-22,3,Sèche
Sahel,2021,13,-0.5795812862544604,1.214749245590178,-0.13973732842182593,0,258,10,2021-03-29,3,Sèche
Sahel,2021,14,-0.6642095523907726,1.829545925702988,0.9192140846423993,0,162,14,2021-04-05,4,Sèche
Sahel,2021,15,-0.6134325927089853,2.136944265759392,-0.9035711345665147,0,256,0,2021-04-12,4,Sèche
Sahel,2021,16,-0.6726723790044038,2.034478152407257,0.4331380261866894,0,274,2,2021-04-19,4,Sèche
Sahel,2021,17,-0.6811352056180351,2.0600946807452916,-1.5632457853278354,0,235,7,2021-04-26,4,Sèche
Sahel,2021,18,-0.6952399166407538,2.5468087191679323,1.6136084538648428,0,185,4,2021-05-03,5,Pluvieuse
Sahel,2021,19,-0.6980608588452976,0.190088112068827,-1.6153253630195181,0,205,13,2021-05-10,5,Pluvieuse
Sahel,2021,20,-0.6642095523907726,-1.0138887198187594,-0.10501760996070328,0,275,7,2021-05-17,5,Pluvieuse
Sahel,2021,21,-0.6218954193226165,0.26693769708292847,-1.6500450814806409,0,232,3,2021-05-24,5,Pluvieuse
Sahel,2021,22,0.4331369651767431,-0.19415981300167934,-0.6084535276469758,0,249,6,2021-05-31,5,Pluvieuse
Sahel,2021,23,-0.5090577311408668,0.3181707537589958,1.683047890787088,0,251,9,2021-06-07,6,Pluvieuse
Sahel,2021,24,-0.5259833843681293,-0.42470856804398277,-1.5632457853278354,0,285,9,2021-06-14,6,Pluvieuse
Sahel,2021,25,-0.10284205368656792,0.24132116874489434,-0.22653662457463136,0,244,3,2021-06-21,6,Pluvieuse
Sahel,2021,26,-0.18182843541379273,0.11323852705472555,-1.45908662994447,0,1364,3,2021-06-28,6,Pluvieuse
Sahel,2021,27,-0.19029126202742397,0.4462533954491655,1.6309683130954054,0,1144,7,2021-07-05,7,Pluvieuse
Sahel,2021,28,-0.3962200429591171,0.13885505539275966,0.8671345069507166,0,1177,2,2021-07-12,7,Pluvieuse
Sahel,2021,29,-0.5541928064135667,0.190088112068827,-0.9382908530276374,0,894,1,2021-07-19,7,Pluvieuse
Sahel,2021,30,-0.08309545825476174,-0.014844114635443224,-1.2681281784082965,0,889,7,2021-07-26,7,Pluvieuse
Sahel,2021,31,-0.07181168943658671,-0.8345730214525232,1.4920894392509145,0,943,7,2021-08-02,8,Pluvieuse
Sahel,2021,32,0.26388043290411856,0.5743360371393342,-0.9556507122581974,0,1373,1,2021-08-09,8,Pluvieuse
Sahel,2021,33,-0.4075038117772921,-0.8858060781285906,-0.9209309937970748,0,1335,3,2021-08-16,8,Pluvieuse
Sahel,2021,34,0.23849195306322493,0.08762199871669235,0.08594084157546768,0,1322,8,2021-08-23,8,Pluvieuse
Sahel,2021,35,0.04384694094970666,0.5487195088013002,-1.5458859260972753,0,1039,4,2021-08-30,8,Pluvieuse
Sahel,2021,36,-0.540088095390848,0.1644715837307938,0.22481971541995588,0,1186,4,2021-09-06,9,Pluvieuse
Sahel,2021,37,-0.21850068407286138,-0.06607717131151056,1.2143316915619382,0,1058,11,2021-09-13,9,Pluvieuse
Sahel,2021,38,-0.22978445289103633,-1.116354833170894,0.5893767592617402,0,1213,4,2021-09-20,9,Pluvieuse
Sahel,2021,39,-0.09437922707293667,0.4974864521252319,-0.018218313807897846,0,992,8,2021-09-27,9,Pluvieuse
Sahel,2021,40,0.038205056540619196,-0.783339964776456,0.5199373223394949,0,1006,14,2021-10-04,10,Pluvieuse
Sahel,2021,41,-0.604969766095354,0.4718699237871978,0.5546570408006175,0,1473,13,2021-10-11,10,Pluvieuse
Sahel,2021,42,-0.6529257835725977,-0.6040242664102189,-0.33069577995799937,0,1258,11,2021-10-18,10,Pluvieuse
Sahel,2021,43,-0.7065236854589287,0.24132116874489434,-1.6847647999417636,0,928,11,2021-10-25,10,Pluvieuse
Sahel,2021,44,-0.6698514367998601,0.523102980463266,1.4052901430981093,0,1192,9,2021-11-01,11,Sèche
Sahel,2021,45,-0.627537303731704,-0.24539286967774668,0.4504978854172495,0,1260,2,2021-11-08,11,Sèche
Sahel,2021,46,-0.6331791881407914,-0.040460642973476436,-0.6605331053386585,0,1175,10,2021-11-15,11,Sèche
Sahel,2021,47,-0.627537303731704,-0.19415981300167934,-0.0008584545773377481,0,174,12,2021-11-22,11,Sèche
Sahel,2021,48,-0.6331791881407914,-0.37347551136791546,-1.6153253630195181,0,193,14,2021-11-29,11,Sèche
Sahel,2021,49,-0.6811352056180351,-0.1685432846636452,1.3879302838675491,0,202,8,2021-12-06,12,Sèche
Sahel,2021,50,-0.7065236854589287,-0.7321069081003877,-1.3896471930222245,0,299,1,2021-12-13,12,Sèche
Sahel,2021,51,-0.661388610186229,-0.6040242664102189,-0.12237746919126584,0,273,11,2021-12-20,12,Sèche
Sahel,2021,52,-0.6783142634134913,-0.34785898302988133,0.38105844849500664,0,281,6,2021-12-27,12,Sèche
Sahel,2022,1,-0.6021488238908103,-0.6808738514243203,0.5199373223394949,0,167,7,2022-01-03,1,Sèche
Sahel,2022,2,-0.6952399166407538,-1.3469035882131983,1.3184908469453038,0,156,6,2022-01-10,1,Sèche
Sahel,2022,3,-0.5908650550726353,-0.3222424546918481,0.15538027849771302,0,235,0,2022-01-17,1,Sèche
Sahel,2022,4,-0.6980608588452976,-0.8345730214525232,-0.46957465380248753,0,245,0,2022-01-24,1,Sèche
Sahel,2022,5,-0.604969766095354,-0.962655663142692,-0.9903704307193201,0,270,5,2022-01-31,1,Sèche
Sahel,2022,6,-0.6952399166407538,-0.014844114635443224,1.249051410023061,0,172,8,2022-02-07,2,Sèche
Sahel,2022,7,-0.5767603440499166,-1.3725201165512315,-1.3028478968694193,0,235,9,2022-02-14,2,Sèche
Sahel,2022,8,-0.6190744771180727,-0.4759416247200501,0.7282556331062283,0,224,11,2022-02-21,2,Sèche
Sahel,2022,9,-0.6980608588452976,0.42063686711113135,1.1275323954091327,0,207,3,2022-02-28,2,Sèche
Sahel,2022,10,-0.6670304945953164,2.2650269074495606,-1.667404940711201,0,218,2,2022-03-07,3,Sèche
Sahel,2022,11,-0.6444629569589664,0.984200490547873,-0.7126126830303413,0,251,10,2022-03-14,3,Sèche
Sahel,2022,12,-0.6952399166407538,2.5980417758440004,-0.9209309937970748,0,158,9,2022-03-21,3,Sèche
Sahel,2022,13,-0.638821072549879,2.3162599641256287,1.0928126769480102,0,246,2,2022-03-28,3,Sèche
Sahel,2022,14,-0.5993278816862666,2.18817732243546,1.7177676092482108,0,294,9,2022-04-04,4,Sèche
Sahel,2022,15,-0.6529257835725977,2.1113277374213597,-0.22653662457463136,0,222,14,2022-04-11,4,Sèche
Sahel,2022,16,-0.6360001303453352,1.0610500755619752,0.346338730033884,0,267,4,2022-04-18,4,Sèche
Sahel,2022,17,-0.6331791881407914,1.2659823022662446,1.6136084538648428,0,162,3,2022-04-25,4,Sèche
Sahel,2022,18,-0.5824022284590041,0.9329674338718065,-0.5216542314941703,0,201,14,2022-05-02,5,Pluvieuse
Sahel,2022,19,-0.69241897443621,0.08762199871669235,-0.7994119791831467,0,275,4,2022-05-09,5,Pluvieuse
Sahel,2022,20,-0.6303582459362477,0.4974864521252319,0.22481971541995588,0,156,8,2022-05-16,5,Pluvieuse
Sahel,2022,21,-0.6218954193226165,-1.295670531537131,-0.3133359207274368,0,174,5,2022-05-23,5,Pluvieuse
Sahel,2022,22,0.37953906329041204,-1.3469035882131983,0.08594084157546768,0,191,2,2022-05-30,5,Pluvieuse
Sahel,2022,23,0.21592441542687488,0.24132116874489434,-1.6500450814806409,0,250,3,2022-06-06,6,Pluvieuse
Sahel,2022,24,-0.5457299797999354,0.1644715837307938,1.3184908469453038,0,170,3,2022-06-13,6,Pluvieuse
Sahel,2022,25,0.5262280579266865,-0.19415981300167934,-0.03557817303846041,0,280,11,2022-06-20,6,Pluvieuse
Sahel,2022,26,0.15668462913145634,-0.7064903797623544,0.5199373223394949,0,1445,12,2022-06-27,6,Pluvieuse
Sahel,2022,27,0.18771499338143754,0.5999525654773665,-0.747332401491464,0,908,1,2022-07-04,7,Pluvieuse
Sahel,2022,28,0.424674138563112,-0.040460642973476436,1.57888873540372,0,1067,13,2022-07-11,7,Pluvieuse
Sahel,2022,29,0.12847520708601892,0.190088112068827,1.5962485946342826,0,1173,6,2022-07-18,7,Pluvieuse
Sahel,2022,30,-0.08027451605021796,0.010772413702590895,0.4504978854172495,0,930,1,2022-07-25,7,Pluvieuse
Sahel,2022,31,-0.3398011988682423,0.2925542254209626,1.1101725361785728,0,903,8,2022-08-01,8,Pluvieuse
Sahel,2022,32,-0.43853417602727324,0.3694038104350631,1.6656880315565255,0,895,9,2022-08-08,8,Pluvieuse
Sahel,2022,33,-0.06616980502749925,-0.8858060781285906,-1.5458859260972753,0,1000,4,2022-08-15,8,Pluvieuse
Sahel,2022,34,0.5262280579266865,-0.9114226064666247,1.196971832331378,0,1197,2,2022-08-22,8,Pluvieuse
Sahel,2022,35,0.24131289526776872,-1.0395052481567935,-0.48693451303304763,0,1295,6,2022-08-29,8,Pluvieuse
Sahel,2022,36,0.17361028235871884,-0.34785898302988133,-0.1744570468829486,0,913,5,2022-09-05,9,Pluvieuse
Sahel,2022,37,0.01845846110881302,0.42063686711113135,-1.3896471930222245,0,1404,1,2022-09-12,9,Pluvieuse
Sahel,2022,38,-0.14797712895926785,-0.3222424546918481,1.3532105654064264,0,999,5,2022-09-19,9,Pluvieuse
Sahel,2022,39,-0.22978445289103633,-0.9882721914807252,-0.9035711345665147,0,967,6,2022-09-26,9,Pluvieuse
Sahel,2022,40,-0.3285174300500673,-1.3212870598751643,-0.452214794571925,0,1414,6,2022-10-03,10,Pluvieuse
Sahel,2022,41,-0.6501048413680539,-0.34785898302988133,-0.5390140907247304,0,957,13,2022-10-10,10,Pluvieuse
Sahel,2022,42,-0.7037027432543851,-0.6552573230862871,1.5962485946342826,0,1463,12,2022-10-17,10,Pluvieuse
Sahel,2022,43,-0.6077907082998978,-0.9882721914807252,-1.6153253630195181,0,1225,3,2022-10-24,10,Pluvieuse
Sahel,2022,44,-0.7037027432543851,-0.37347551136791546,1.0407330992563273,0,938,0,2022-10-31,10,Pluvieuse
Sahel,2022,45,-0.6867770900271225,-1.3212870598751643,-0.6258133868775358,0,1273,9,2022-11-07,11,Sèche
Sahel,2022,46,-0.627537303731704,-0.42470856804398277,-1.4938063484055901,0,1130,3,2022-11-14,11,Sèche
Sahel,2022,47,-0.6726723790044038,-0.3222424546918481,1.7177676092482108,0,208,0,2022-11-21,11,Sèche
Sahel,2022,48,-0.5936859972771792,-1.3212870598751643,1.3184908469453038,0,234,7,2022-11-28,11,Sèche
Sahel,2022,49,-0.5682975174362854,0.2925542254209626,-1.3028478968694193,0,236,12,2022-12-05,12,Sèche
Sahel,2022,50,-0.627537303731704,-0.1685432846636452,0.5199373223394949,0,292,4,2022-12-12,12,Sèche
Sahel,2022,51,-0.5908650550726353,-0.040460642973476436,0.1727401377282731,0,149,14,2022-12-19,12,Sèche
Sahel,2022,52,-0.6303582459362477,-0.5271746813961183,1.249051410023061,0,214,6,2022-12-26,12,Sèche
Sahel,2023,1,-0.6360001303453352,-0.5784077380721857,-0.9730105714887576,0,245,8,2023-01-02,1,Sèche
Sahel,2023,2,-0.6360001303453352,0.03638894204062502,-0.9730105714887576,0,228,0,2023-01-09,1,Sèche
Sahel,2023,3,-0.6557467257771414,0.5487195088013002,1.5441690169426,0,187,11,2023-01-16,1,Sèche
Sahel,2023,4,-0.69241897443621,0.3694038104350631,-0.452214794571925,0,186,7,2023-01-23,1,Sèche
Sahel,2023,5,-0.6642095523907726,0.4462533954491655,0.4157781669561293,0,286,4,2023-01-30,1,Sèche
Sahel,2023,6,-0.6218954193226165,-1.0395052481567935,-0.6605331053386585,0,245,1,2023-02-06,2,Sèche
Sahel,2023,7,-0.7065236854589287,-1.3981366448892656,-1.2160486007166138,0,252,11,2023-02-13,2,Sèche
Sahel,2023,8,-0.6642095523907726,0.42063686711113135,-0.747332401491464,0,266,14,2023-02-20,2,Sèche
Sahel,2023,9,-0.6754933212089477,-1.0907383048328607,0.6067366184923002,0,247,0,2023-02-27,2,Sèche
Sahel,2023,10,-0.6811352056180351,1.5989971706606845,1.3011309877147437,0,162,3,2023-03-06,3,Sèche
Sahel,2023,11,-0.6839561478225789,2.3931095491397296,0.12066056003659034,0,159,10,2023-03-13,3,Sèche
Sahel,2023,12,-0.69241897443621,1.7270798123508533,0.9018542254118392,0,192,6,2023-03-20,3,Sèche
Sahel,2023,13,-0.627537303731704,1.3428318872803469,1.7004077500176482,0,267,11,2023-03-27,3,Sèche
Sahel,2023,14,-0.6501048413680539,2.0857112090833256,-0.46957465380248753,0,231,10,2023-04-03,4,Sèche
Sahel,2023,15,-0.638821072549879,1.7783128690269197,1.3532105654064264,0,285,14,2023-04-10,4,Sèche
Sahel,2023,16,-0.6529257835725977,1.035433547223941,-1.7021246591723236,0,247,10,2023-04-17,4,Sèche
Sahel,2023,17,-0.5908650550726353,2.2394103791115283,1.5268091577120373,0,261,14,2023-04-24,4,Sèche
Sahel,2023,18,-0.5936859972771792,1.16351618891411,0.4331380261866894,0,165,14,2023-05-01,5,Pluvieuse
Sahel,2023,19,-0.627537303731704,0.6255690938154007,0.22481971541995588,0,166,9,2023-05-08,5,Pluvieuse
Sahel,2023,20,-0.6811352056180351,0.3181707537589958,-1.3375676153305418,0,148,12,2023-05-15,5,Pluvieuse
Sahel,2023,21,-0.6754933212089477,-1.2444374748610627,-1.6500450814806409,0,145,14,2023-05-22,5,Pluvieuse
Sahel,2023,22,-0.4554598292545357,0.3694038104350631,-0.7126126830303413,0,274,4,2023-05-29,5,Pluvieuse
Sahel,2023,23,0.0015328078815505261,-1.270054003199097,-0.452214794571925,0,200,5,2023-06-05,6,Pluvieuse
Sahel,2023,24,0.33158304581316833,-0.6040242664102189,-1.2160486007166138,0,274,5,2023-06-12,6,Pluvieuse
Sahel,2023,25,0.22156629983596243,-0.9114226064666247,1.144892254639693,0,154,3,2023-06-19,6,Pluvieuse
Sahel,2023,26,0.06359353638151284,0.03638894204062502,0.5546570408006175,0,1223,5,2023-06-26,6,Pluvieuse
Sahel,2023,27,0.39646471651767456,0.6255690938154007,-0.20917676534407126,0,850,7,2023-07-03,7,Pluvieuse
Sahel,2023,28,0.37953906329041204,-0.21977634133971255,0.4157781669561293,0,1025,14,2023-07-10,7,Pluvieuse
Sahel,2023,29,0.052309767563337904,-0.4503250963820169,1.1101725361785728,0,1035,1,2023-07-17,7,Pluvieuse
Sahel,2023,30,0.2751642017222935,-0.1685432846636452,-1.3375676153305418,0,1118,14,2023-07-24,7,Pluvieuse
Sahel,2023,31,-0.4949530201181482,-0.6552573230862871,0.48521760387837215,0,1078,3,2023-07-31,7,Pluvieuse
Sahel,2023,32,0.30055268156318715,0.6511856221534348,-0.13973732842182593,0,861,10,2023-08-07,8,Pluvieuse
Sahel,2023,33,0.28644797054046844,-1.0138887198187594,-0.6431732461080985,0,1239,10,2023-08-14,8,Pluvieuse
Sahel,2023,34,-0.342622141072786,-0.6808738514243203,-0.9903704307193201,0,954,9,2023-08-21,8,Pluvieuse
Sahel,2023,35,0.5459746533584928,-0.7064903797623544,0.27689929311163863,0,1345,1,2023-08-28,8,Pluvieuse
Sahel,2023,36,0.01845846110881302,-0.962655663142692,-0.03557817303846041,0,967,11,2023-09-04,9,Pluvieuse
Sahel,2023,37,-0.4949530201181482,-0.7321069081003877,-1.0077302899498801,0,1069,1,2023-09-11,9,Pluvieuse
Sahel,2023,38,0.49237675147216176,-1.3725201165512315,-1.1292493045638083,0,1222,0,2023-09-18,9,Pluvieuse
Sahel,2023,39,-0.22132162627740506,-1.0651217764948266,-0.20917676534407126,0,849,0,2023-09-25,9,Pluvieuse
Sahel,2023,40,-0.365189678709136,0.42063686711113135,-1.5806056445583956,0,1109,11,2023-10-02,10,Pluvieuse
Sahel,2023,41,-0.5936859972771792,-1.1419713615089282,1.249051410023061,0,1309,8,2023-10-09,10,Pluvieuse
Sahel,2023,42,-0.5880441128680916,0.1644715837307938,-0.46957465380248753,0,1269,12,2023-10-16,10,Pluvieuse
Sahel,2023,43,-0.6331791881407914,-0.8858060781285906,0.5199373223394949,0,982,4,2023-10-23,10,Pluvieuse
Sahel,2023,44,-0.6783142634134913,0.21570464040686113,0.6240964777228604,0,1093,6,2023-10-30,10,Pluvieuse
Sahel,2023,45,-0.6501048413680539,-0.37347551136791546,-1.1292493045638083,0,1340,11,2023-11-06,11,Sèche
Sahel,2023,46,-0.6839561478225789,-0.5271746813961183,-1.5285260668667129,0,888,3,2023-11-13,11,Sèche
Sahel,2023,47,-0.638821072549879,0.523102980463266,-0.747332401491464,0,259,2,2023-11-20,11,Sèche
Sahel,2023,48,-0.604969766095354,-1.2188209465230295,0.641456336953423,0,253,10,2023-11-27,11,Sèche
Sahel,2023,49,-0.6472838991635101,-1.1932044181849955,1.0407330992563273,0,236,7,2023-12-04,12,Sèche
Sahel,2023,50,-0.6444629569589664,-0.11731022798757788,0.5372971815700549,0,180,6,2023-12-11,12,Sèche
Sahel,2023,51,-0.5739394018453728,-0.4503250963820169,-0.46957465380248753,0,286,5,2023-12-18,12,Sèche
Sahel,2023,52,-0.5739394018453728,-0.296625926353814,1.6483281723259653,0,233,12,2023-12-25,12,Sèche
Sahel,2024,1,-0.6077907082998978,-0.37347551136791546,1.5962485946342826,0,275,14,2024-01-01,1,Sèche
Sahel,2024,2,-0.6218954193226165,-0.629640794748253,-1.3896471930222245,0,183,2,2024-01-08,1,Sèche
Sahel,2024,3,-0.5767603440499166,-0.7577234364384218,-1.6500450814806409,0,259,11,2024-01-15,1,Sèche
Sahel,2024,4,-0.69241897443621,-0.8089564931144891,-0.9209309937970748,0,154,0,2024-01-22,1,Sèche
Sahel,2024,5,-0.5908650550726353,-0.9882721914807252,0.06858098234490759,0,144,9,2024-01-29,1,Sèche
Sahel,2024,6,-0.5908650550726353,-0.7321069081003877,-1.285488037638859,0,265,9,2024-02-05,2,Sèche
Sahel,2024,7,-0.7037027432543851,0.3181707537589958,1.6656880315565255,0,245,8,2024-02-12,2,Sèche
Sahel,2024,8,-0.7065236854589287,0.24132116874489434,-0.10501760996070328,0,186,9,2024-02-19,2,Sèche
Sahel,2024,9,-0.6952399166407538,-0.9882721914807252,-0.8688514161053921,0,154,10,2024-02-26,2,Sèche
Sahel,2024,10,-0.5795812862544604,2.4443426058157978,0.4157781669561293,0,242,2,2024-03-04,3,Sèche
Sahel,2024,11,-0.5852231706635478,1.189132717252144,0.033861263883784916,0,259,7,2024-03-11,3,Sèche
Sahel,2024,12,-0.7008818010498412,1.3940649439564134,-0.8167718384137093,0,205,7,2024-03-18,3,Sèche
Sahel,2024,13,-0.661388610186229,1.7526963406888856,-1.5458859260972753,0,207,10,2024-03-25,3,Sèche
Sahel,2024,14,-0.6529257835725977,1.9576285673931568,0.6067366184923002,0,149,8,2024-04-01,4,Sèche
Sahel,2024,15,-0.604969766095354,1.3428318872803469,-0.3654154984191196,1,268,13,2024-04-08,4,Sèche
Sahel,2024,16,-0.6557467257771414,0.984200490547873,0.7456154923367885,1,247,2,2024-04-15,4,Sèche
Sahel,2024,17,-0.6360001303453352,2.3931095491397296,0.3116190115727613,0,220,0,2024-04-22,4,Sèche
Sahel,2024,18,-0.7037027432543851,1.8039293973649537,-0.018218313807897846,0,172,8,2024-04-29,4,Sèche
Sahel,2024,19,-0.6557467257771414,0.24132116874489434,-0.1918169061135087,0,149,7,2024-05-06,5,Pluvieuse
Sahel,2024,20,-0.5795812862544604,-0.1685432846636452,-0.13973732842182593,0,242,14,2024-05-13,5,Pluvieuse
Sahel,2024,21,-0.6529257835725977,-0.11731022798757788,1.7004077500176482,0,181,1,2024-05-20,5,Pluvieuse
Sahel,2024,22,0.046667883154250446,-0.09169369964954377,0.2942591523422012,0,149,3,2024-05-27,5,Pluvieuse
Sahel,2024,23,-0.06334886282295557,-1.0651217764948266,0.25953943388107853,0,257,2,2024-06-03,6,Pluvieuse
Sahel,2024,24,-0.20157503084559888,-1.0395052481567935,-0.24389648380519394,0,174,5,2024-06-10,6,Pluvieuse
Sahel,2024,25,-0.5316252687772167,-0.7577234364384218,-1.5806056445583956,1,143,12,2024-06-17,6,Pluvieuse
Sahel,2024,26,-0.07745357384567428,-0.21977634133971255,-1.3722873337916646,1,1014,8,2024-06-24,6,Pluvieuse
Sahel,2024,27,0.5290490001312304,0.4974864521252319,-1.1292493045638083,0,1347,5,2024-07-01,7,Pluvieuse
Sahel,2024,28,-0.01821378755025565,-1.3725201165512315,1.196971832331378,0,1274,2,2024-07-08,7,Pluvieuse
Sahel,2024,29,0.4387788495858307,-0.34785898302988133,-0.7994119791831467,0,932,14,2024-07-15,7,Pluvieuse
Sahel,2024,30,-0.1536190133683553,-0.42470856804398277,-0.9903704307193201,0,1253,12,2024-07-22,7,Pluvieuse
Sahel,2024,31,0.32029927699499344,0.06200547037865822,-0.3133359207274368,0,1225,7,2024-07-29,7,Pluvieuse
Sahel,2024,32,0.31465739258590586,-0.42470856804398277,0.24217957465051843,0,1348,2,2024-08-05,8,Pluvieuse
Sahel,2024,33,-0.023855671959343114,-0.4759416247200501,-0.24389648380519394,0,968,0,2024-08-12,8,Pluvieuse
Sahel,2024,34,-0.23824727950466756,0.5487195088013002,1.0407330992563273,0,1170,0,2024-08-19,8,Pluvieuse
Sahel,2024,35,0.24977572188139988,-0.783339964776456,1.1101725361785728,0,1241,2,2024-08-26,8,Pluvieuse
Sahel,2024,36,-0.48084830909542947,0.13885505539275966,0.20745985618939577,0,825,6,2024-09-02,9,Pluvieuse
Sahel,2024,37,0.5487955955630366,0.5999525654773665,0.20745985618939577,0,1360,5,2024-09-09,9,Pluvieuse
Sahel,2024,38,0.5262280579266865,-0.8601895497905564,1.3358507061758664,0,947,12,2024-09-16,9,Pluvieuse
Sahel,2024,39,-0.49777396232269183,-0.06607717131151056,0.25953943388107853,0,1266,11,2024-09-23,9,Pluvieuse
Sahel,2024,40,-0.02949755636843058,0.5487195088013002,-0.556373949955293,0,1266,14,2024-09-30,9,Pluvieuse
Sahel,2024,41,-0.6980608588452976,-0.296625926353814,-0.6431732461080985,0,1270,12,2024-10-07,10,Pluvieuse
Sahel,2024,42,-0.6867770900271225,0.3437872820970299,-1.2334084599471737,0,1123,13,2024-10-14,10,Pluvieuse
Sahel,2024,43,-0.6444629569589664,-0.11731022798757788,-1.0424500084110029,0,1239,4,2024-10-21,10,Pluvieuse
Sahel,2024,44,-0.6698514367998601,-1.270054003199097,-1.5632457853278354,0,844,0,2024-10-28,10,Pluvieuse
Sahel,2024,45,-0.69241897443621,-0.8858060781285906,-0.6431732461080985,0,1189,10,2024-11-04,11,Sèche
Sahel,2024,46,-0.5767603440499166,0.24132116874489434,1.249051410023061,0,1143,4,2024-11-11,11,Sèche
Sahel,2024,47,-0.6642095523907726,0.3694038104350631,0.10330070080602778,0,230,13,2024-11-18,11,Sèche
Sahel,2024,48,-0.6218954193226165,-0.4503250963820169,-0.9035711345665147,0,248,6,2024-11-25,11,Sèche
Sahel,2024,49,-0.6642095523907726,-1.1419713615089282,1.0928126769480102,0,277,2,2024-12-02,12,Sèche
Sahel,2024,50,-0.5993278816862666,-1.270054003199097,-0.3133359207274368,0,268,8,2024-12-09,12,Sèche
Sahel,2024,51,-0.6811352056180351,-0.6040242664102189,1.2316915507924984,0,196,10,2024-12-16,12,Sèche
Sahel,2024,52,-0.5767603440499166,-1.3725201165512315,-0.018218313807897846,0,266,0,2024-12-23,12,Sèche
Sahel,2025,1,-0.5824022284590041,0.3950203387730972,0.36369858926444404,0,239,14,2025-01-06,1,Sèche
Sahel,2025,2,-0.6472838991635101,-0.9882721914807252,-1.3028478968694193,0,160,10,2025-01-13,1,Sèche
Sahel,2025,3,-0.6444629569589664,-0.09169369964954377,0.5546570408006175,0,165,14,2025-01-20,1,Sèche
Sahel,2025,4,-0.6839561478225789,0.08762199871669235,-1.1292493045638083,0,183,6,2025-01-27,1,Sèche
Sahel,2025,5,-0.6190744771180727,-0.5015581530580843,0.7108957738756658,0,156,2,2025-02-03,2,Sèche
Sahel,2025,6,-0.6472838991635101,-1.2444374748610627,-0.3654154984191196,0,175,8,2025-02-10,2,Sèche
Sahel,2025,7,-0.5880441128680916,-0.4503250963820169,-1.3722873337916646,0,246,9,2025-02-17,2,Sèche
Sahel,2025,8,-0.6867770900271225,-0.9114226064666247,-0.573733809185853,0,227,12,2025-02-24,2,Sèche
Sahel,2025,9,-0.6698514367998601,0.42063686711113135,0.13802041926715045,0,260,3,2025-03-03,3,Sèche
Sahel,2025,10,-0.6021488238908103,1.9320120390551225,0.9886535215646446,0,149,0,2025-03-10,3,Sèche
Sahel,2025,11,-0.6331791881407914,1.522147585646582,-1.1986887414860536,0,241,6,2025-03-17,3,Sèche
Sahel,2025,12,-0.69241897443621,2.2650269074495606,-0.40013521688024223,0,255,0,2025-03-24,3,Sèche
Sahel,2025,13,-0.5965069394817228,2.2906434357875947,1.370570424636989,0,221,4,2025-03-31,3,Sèche
Sahel,2025,14,-0.6218954193226165,2.5468087191679323,1.6136084538648428,0,270,1,2025-04-07,4,Sèche
Sahel,2025,15,-0.5908650550726353,1.5477641139846163,0.7976950700284712,1,242,12,2025-04-14,4,Sèche
Sahel,2025,16,-0.5936859972771792,1.5733806423226504,-0.5042943722636102,1,227,14,2025-04-21,4,Sèche
Sahel,2025,17,-0.6106116505044415,2.0600946807452916,-1.6153253630195181,0,156,13,2025-04-28,4,Sèche
Sahel,2025,18,-0.5936859972771792,1.3172153589423128,0.5199373223394949,0,272,3,2025-05-05,5,Pluvieuse
Sahel,2025,19,-0.5824022284590041,-0.962655663142692,-1.5111662076361527,0,198,7,2025-05-12,5,Pluvieuse
Sahel,2025,20,-0.6360001303453352,-1.295670531537131,-0.747332401491464,0,187,11,2025-05-19,5,Pluvieuse
Sahel,2025,21,-0.6557467257771414,-0.8601895497905564,0.9886535215646446,0,240,2,2025-05-26,5,Pluvieuse
Sahel,2025,22,0.1341170914951064,-0.6552573230862871,1.3184908469453038,0,203,13,2025-06-02,6,Pluvieuse
Sahel,2025,23,-0.0266766141638869,-0.6040242664102189,-0.3480556391885595,0,244,1,2025-06-09,6,Pluvieuse
Sahel,2025,24,0.1651474557450876,-0.37347551136791546,1.4226500023286717,0,192,13,2025-06-16,6,Pluvieuse
Sahel,2025,25,-0.30312895020917363,-0.5527912097341515,1.7177676092482108,1,233,12,2025-06-23,6,Pluvieuse
Sahel,2025,26,0.01845846110881302,-0.6040242664102189,-1.0771697268721256,1,1209,4,2025-06-30,6,Pluvieuse
Sahel,2025,27,0.1341170914951064,-1.0138887198187594,-0.6952528237997811,0,1053,9,2025-07-07,7,Pluvieuse
Sahel,2025,28,0.13975897590419395,0.3694038104350631,1.7004077500176482,0,1360,1,2025-07-14,7,Pluvieuse
Sahel,2025,29,0.13975897590419395,0.4974864521252319,-0.10501760996070328,0,819,6,2025-07-21,7,Pluvieuse
Sahel,2025,30,-0.02949755636843058,0.21570464040686113,-0.7646922607220265,0,969,3,2025-07-28,7,Pluvieuse
Sahel,2025,31,0.052309767563337904,0.190088112068827,0.5372971815700549,0,1318,3,2025-08-04,8,Pluvieuse
Sahel,2025,32,0.36825529447223715,-0.8089564931144891,-0.20917676534407126,0,1140,2,2025-08-11,8,Pluvieuse
Sahel,2025,33,-0.43289229161818576,-1.0651217764948266,-1.2681281784082965,0,1170,14,2025-08-18,8,Pluvieuse
Sahel,2025,34,-0.13951430234563658,-0.7321069081003877,0.6067366184923002,0,1250,13,2025-08-25,8,Pluvieuse
Sahel,2025,35,0.012816576699725555,0.4974864521252319,1.57888873540372,0,970,3,2025-09-01,9,Pluvieuse
Sahel,2025,36,0.3597924678586058,-0.1685432846636452,-1.1118894453332482,0,1313,7,2025-09-08,9,Pluvieuse
Sahel,2025,37,-0.26927764375464874,-0.42470856804398277,-1.5458859260972753,0,1239,12,2025-09-15,9,Pluvieuse
Sahel,2025,38,-0.4949530201181482,-0.6040242664102189,0.6240964777228604,0,1091,7,2025-09-22,9,Pluvieuse
Sahel,2025,39,0.4528835606085494,-0.2710093980157808,0.27689929311163863,0,803,12,2025-09-29,9,Pluvieuse
Sahel,2025,40,0.25541760629048743,0.4462533954491655,-1.4938063484055901,0,1153,12,2025-10-06,10,Pluvieuse
Sahel,2025,41,-0.6218954193226165,-0.5784077380721857,1.0928126769480102,0,888,4,2025-10-13,10,Pluvieuse
Sahel,2025,42,-0.5852231706635478,-1.0651217764948266,0.6935359146451057,0,1022,11,2025-10-20,10,Pluvieuse
Sahel,2025,43,-0.661388610186229,-0.6552573230862871,0.5546570408006175,0,1340,12,2025-10-27,10,Pluvieuse
Sahel,2025,44,-0.6980608588452976,-0.4503250963820169,-0.0008584545773377481,0,942,12,2025-11-03,11,Sèche
Sahel,2025,45,-0.5908650550726353,-0.783339964776456,-0.46957465380248753,0,910,9,2025-11-10,11,Sèche
Sahel,2025,46,-0.6134325927089853,-0.9114226064666247,0.9365739438729619,0,1202,4,2025-11-17,11,Sèche
Sahel,2025,47,-0.6077907082998978,0.5999525654773665,0.48521760387837215,0,204,8,2025-11-24,11,Sèche
Sahel,2025,48,-0.6106116505044415,-1.1675878898469623,-1.3722873337916646,0,151,10,2025-12-01,12,Sèche
Sahel,2025,49,-0.616253534913529,0.010772413702590895,0.5720169000311776,0,201,4,2025-12-08,12,Sèche
Sahel,2025,50,-0.5936859972771792,0.08762199871669235,0.4331380261866894,0,146,6,2025-12-15,12,Sèche
Sahel,2025,51,-0.638821072549879,-0.6808738514243203,1.6136084538648428,0,211,3,2025-12-22,12,Sèche
Sahel,2025,52,-0.5908650550726353,0.03638894204062502,0.762975351567351,0,205,11,2025-12-29,12,Sèche
Sahel,2026,1,-0.5936859972771792,-1.0395052481567935,-0.8514915568748319,0,164,10,2026-01-05,1,Sèche
Sahel,2026,2,-0.69241897443621,-0.42470856804398277,-0.7126126830303413,0,197,7,2026-01-12,1,Sèche
Sahel,2026,3,-0.7008818010498412,-1.3212870598751643,-1.3202077560999792,0,155,7,2026-01-19,1,Sèche
Sahel,2026,4,-0.6134325927089853,-0.06607717131151056,-0.1570971876523885,0,176,2,2026-01-26,1,Sèche
Sahel,2026,5,-0.5880441128680916,-1.3725201165512315,0.658816196183983,0,133,10,2026-02-02,2,Sèche
Sahel,2026,6,-0.6952399166407538,0.13885505539275966,1.4226500023286717,0,206,9,2026-02-09,2,Sèche
Sahel,2026,7,-0.5880441128680916,-0.6552573230862871,-1.2160486007166138,0,217,1,2026-02-16,2,Sèche
Sahel,2026,8,-0.6134325927089853,-0.34785898302988133,-1.1292493045638083,0,138,14,2026-02-23,2,Sèche
Sahel,2026,9,-0.6190744771180727,-0.06607717131151056,-1.4417267707139074,0,228,9,2026-03-02,3,Sèche
Sahel,2026,10,-0.7037027432543851,1.9063955107170885,-0.573733809185853,0,182,8,2026-03-09,3,Sèche
Sahel,2026,11,-0.6726723790044038,1.6502302273367508,0.5372971815700549,0,239,13,2026-03-16,3,Sèche
Sahel,2026,12,-0.6811352056180351,1.189132717252144,0.22481971541995588,0,173,7,2026-03-23,3,Sèche
Sahel,2026,13,-0.6726723790044038,1.214749245590178,1.3184908469453038,0,188,1,2026-03-30,3,Sèche
Sahel,2026,14,-0.616253534913529,2.136944265759392,0.6935359146451057,0,251,14,2026-04-06,4,Sèche
Sahel,2026,15,-0.5682975174362854,2.213793850773494,-0.46957465380248753,1,134,14,2026-04-13,4,Sèche
Sahel,2026,16,-0.5936859972771792,1.9320120390551225,0.4157781669561293,1,196,0,2026-04-20,4,Sèche
Sahel,2026,17,-0.6754933212089477,1.4452980006324816,-0.9209309937970748,0,238,10,2026-04-27,4,Sèche
Sahel,2026,18,-0.6867770900271225,2.7005078891961354,-1.181328882255491,0,193,2,2026-05-04,5,Pluvieuse
Sahel,2026,19,-0.5767603440499166,0.5487195088013002,0.38105844849500664,0,180,2,2026-05-11,5,Pluvieuse
Sahel,2026,20,-0.5936859972771792,0.6255690938154007,-1.4070070522527847,0,173,14,2026-05-18,5,Pluvieuse
Sahel,2026,21,-0.5711184596408291,-0.014844114635443224,-1.5979655037889582,0,233,4,2026-05-25,5,Pluvieuse
Sahel,2026,22,-0.5259833843681293,-1.295670531537131,-1.0771697268721256,0,207,3,2026-06-01,6,Pluvieuse
Sahel,2026,23,0.27234325951774974,-1.1675878898469623,-0.452214794571925,0,169,4,2026-06-08,6,Pluvieuse
Sahel,2026,24,0.12283332267693146,-0.5527912097341515,-1.1292493045638083,0,154,7,2026-06-15,6,Pluvieuse
Sahel,2026,25,-0.02949755636843058,-0.014844114635443224,1.2143316915619382,1,171,6,2026-06-22,6,Pluvieuse
Sahel,2026,26,-0.5570137486181104,0.010772413702590895,1.3532105654064264,1,1266,5,2026-06-29,6,Pluvieuse
Sahel,2026,27,0.20181970440415617,-0.6552573230862871,0.9192140846423993,0,935,5,2026-07-06,7,Pluvieuse
Sahel,2026,28,-0.049244151800236856,-0.34785898302988133,-1.2681281784082965,0,1016,12,2026-07-13,7,Pluvieuse
Sahel,2026,29,0.5121233469039678,-0.014844114635443224,-0.573733809185853,0,1049,9,2026-07-20,7,Pluvieuse
Sahel,2026,30,0.45006261840400563,-1.3981366448892656,-0.33069577995799937,0,1057,9,2026-07-27,7,Pluvieuse
Sahel,2026,31,0.43031602297219934,-0.5784077380721857,1.1101725361785728,0,1041,3,2026-08-03,8,Pluvieuse
Sahel,2026,32,-0.5203414999590418,-1.0907383048328607,-1.7021246591723236,0,812,7,2026-08-10,8,Pluvieuse
Sahel,2026,33,-0.5570137486181104,0.26693769708292847,-0.8688514161053921,0,1204,14,2026-08-17,8,Pluvieuse
Sahel,2026,34,0.2441338374723123,-1.0395052481567935,-0.1744570468829486,0,1188,11,2026-08-24,8,Pluvieuse
Sahel,2026,35,-0.09437922707293667,-0.783339964776456,-0.9730105714887576,0,1015,6,2026-08-31,8,Pluvieuse
Sahel,2026,36,-0.14233524455018026,-0.937039134804658,-0.573733809185853,0,1131,1,2026-09-07,9,Pluvieuse
Sahel,2026,37,-0.5259833843681293,-1.0395052481567935,0.8844943661812766,0,786,6,2026-09-14,9,Pluvieuse
Sahel,2026,38,-0.266456701550105,-0.296625926353814,-1.5458859260972753,0,1207,0,2026-09-21,9,Pluvieuse
Sahel,2026,39,0.22438724204050622,-0.6552573230862871,0.9018542254118392,0,1280,7,2026-09-28,9,Pluvieuse
Sahel,2026,40,-0.1705446665956177,-0.5784077380721857,-1.7194845184028862,0,1206,3,2026-10-05,10,Pluvieuse
Sahel,2026,41,-0.6529257835725977,0.010772413702590895,1.2837711284841835,0,1218,8,2026-10-12,10,Pluvieuse
Sahel,2026,42,-0.616253534913529,-0.9882721914807252,-0.2959760614968767,0,1311,12,2026-10-19,10,Pluvieuse
Sahel,2026,43,-0.6360001303453352,-1.1675878898469623,0.5546570408006175,0,1153,4,2026-10-26,10,Pluvieuse
Sahel,2026,44,-0.661388610186229,-0.783339964776456,0.5025774631089347,0,904,12,2026-11-02,11,Sèche
Sahel,2026,45,-0.6642095523907726,-0.21977634133971255,-0.8862112753359521,0,1052,14,2026-11-09,11,Sèche
Sahel,2026,46,-0.6134325927089853,0.06200547037865822,0.033861263883784916,0,1224,9,2026-11-16,11,Sèche
Sahel,2026,47,-0.6557467257771414,-0.962655663142692,-1.7194845184028862,0,264,4,2026-11-23,11,Sèche
Sahel,2026,48,-0.5852231706635478,-1.2444374748610627,0.762975351567351,0,225,12,2026-11-30,11,Sèche
Sahel,2026,49,-0.6557467257771414,0.010772413702590895,0.6761760554145456,0,180,8,2026-12-07,12,Sèche
Sahel,2026,50,-0.5795812862544604,-0.142926756325612,-0.2959760614968767,0,163,5,2026-12-14,12,Sèche
Sahel,2026,51,-0.5824022284590041,-0.8089564931144891,-0.9903704307193201,0,231,12,2026-12-21,12,Sèche
Sahel,2026,52,-0.5795812862544604,0.4718699237871978,0.5025774631089347,0,163,8,2026-12-28,12,Sèche
Est,2013,1,-0.5965069394817228,-0.6040242664102189,-0.48693451303304763,0,204,11,2013-01-07,1,Sèche
Est,2013,2,-0.5936859972771792,-0.040460642973476436,-0.7994119791831467,0,233,14,2013-01-14,1,Sèche
Est,2013,3,-0.6247163615271603,0.11323852705472555,-0.08765775073014317,0,292,3,2013-01-21,1,Sèche
Est,2013,4,-0.6952399166407538,0.5487195088013002,1.3532105654064264,0,274,5,2013-01-28,1,Sèche
Est,2013,5,-0.6021488238908103,-1.116354833170894,-1.1118894453332482,0,274,12,2013-02-04,2,Sèche
Est,2013,6,-0.6952399166407538,-1.1419713615089282,-0.7646922607220265,0,237,0,2013-02-11,2,Sèche
Est,2013,7,-0.5767603440499166,0.1644715837307938,-1.6500450814806409,0,247,8,2013-02-18,2,Sèche
Est,2013,8,-0.6416420147544227,-1.1675878898469623,-0.8688514161053921,0,325,5,2013-02-25,2,Sèche
Est,2013,9,-0.5824022284590041,-1.0651217764948266,-0.3133359207274368,0,194,2,2013-03-04,3,Sèche
Est,2013,10,-0.5880441128680916,1.009817018885907,-0.40013521688024223,0,342,4,2013-03-11,3,Sèche
Est,2013,11,-0.6331791881407914,2.008861624069223,-0.6952528237997811,0,280,0,2013-03-18,3,Sèche
Est,2013,12,-0.6134325927089853,2.521192190829898,-0.4174950761108048,0,239,1,2013-03-25,3,Sèche
Est,2013,13,-0.5852231706635478,1.2403657739282106,1.6309683130954054,0,264,1,2013-04-01,4,Sèche
Est,2013,14,-0.5908650550726353,2.3674930208016973,-0.6258133868775358,0,321,9,2013-04-08,4,Sèche
Est,2013,15,-0.6360001303453352,2.5980417758440004,0.3289788708033239,0,207,7,2013-04-15,4,Sèche
Est,2013,16,-0.6557467257771414,1.3684484156183792,-1.6500450814806409,0,231,2,2013-04-22,4,Sèche
Est,2013,17,-0.6557467257771414,1.7270798123508533,-1.059809867641563,0,278,0,2013-04-29,4,Sèche
Est,2013,18,-0.6501048413680539,1.009817018885907,-0.08765775073014317,0,260,1,2013-05-06,5,Pluvieuse
Est,2013,19,-0.5965069394817228,-0.2710093980157808,1.3879302838675491,0,192,5,2013-05-13,5,Pluvieuse
Est,2013,20,-0.616253534913529,-1.0651217764948266,1.3879302838675491,0,235,11,2013-05-20,5,Pluvieuse
Est,2013,21,-0.6303582459362477,-0.6552573230862871,0.8671345069507166,0,204,10,2013-05-27,5,Pluvieuse
Est,2013,22,1.5474091359715212,-1.2444374748610627,0.7108957738756658,0,313,8,2013-06-03,6,Pluvieuse
Est,2013,23,1.1383725163126786,-0.5784077380721857,-0.9035711345665147,0,318,14,2013-06-10,6,Pluvieuse
Est,2013,24,2.4444687570164314,-0.9882721914807252,-1.3896471930222245,0,245,3,2013-06-17,6,Pluvieuse
Est,2013,25,0.26952231731320614,0.3437872820970299,-0.08765775073014317,0,195,3,2013-06-24,6,Pluvieuse
Est,2013,26,2.3344520110392253,-0.6040242664102189,1.3358507061758664,0,1186,13,2013-07-01,7,Pluvieuse
Est,2013,27,1.1609400539490284,-0.7321069081003877,0.5546570408006175,0,1574,10,2013-07-08,7,Pluvieuse
Est,2013,28,1.8069358187895457,-1.1419713615089282,0.9192140846423993,0,1191,5,2013-07-15,7,Pluvieuse
Est,2013,29,2.546022676380006,-0.629640794748253,-1.181328882255491,0,1265,4,2013-07-22,7,Pluvieuse
Est,2013,30,0.6983055324038548,-0.11731022798757788,-0.4174950761108048,0,1325,13,2013-07-29,7,Pluvieuse
Est,2013,31,1.99875988869852,-0.6808738514243203,-1.5806056445583956,0,1108,11,2013-08-05,8,Pluvieuse
Est,2013,32,1.6828143617896207,0.03638894204062502,1.6309683130954054,0,1560,8,2013-08-12,8,Pluvieuse
Est,2013,33,0.7095893012220298,0.42063686711113135,1.7004077500176482,0,1755,8,2013-08-19,8,Pluvieuse
Est,2013,34,0.7124102434265736,-0.142926756325612,0.9539338031035219,0,1162,12,2013-08-26,8,Pluvieuse
Est,2013,35,2.063641559403026,0.42063686711113135,-0.4174950761108048,0,1497,4,2013-09-02,9,Pluvieuse
Est,2013,36,1.866175605084964,0.08762199871669235,-0.1570971876523885,0,1200,3,2013-09-09,9,Pluvieuse
Est,2013,37,2.5629483296072686,0.5743360371393342,1.4920894392509145,0,1247,8,2013-09-16,9,Pluvieuse
Est,2013,38,0.7039474168129424,0.3181707537589958,1.6656880315565255,0,1328,3,2013-09-23,9,Pluvieuse
Est,2013,39,1.2681358577216906,-0.7577234364384218,-0.07029789149958307,0,1263,7,2013-09-30,9,Pluvieuse
Est,2013,40,0.34850869904043086,-1.0651217764948266,0.1900999969588332,0,1401,14,2013-10-07,10,Pluvieuse
Est,2013,41,-0.5824022284590041,0.11323852705472555,-0.573733809185853,0,1701,8,2013-10-14,10,Pluvieuse
Est,2013,42,-0.6670304945953164,-0.19415981300167934,0.9886535215646446,0,1112,4,2013-10-21,10,Pluvieuse
Est,2013,43,-0.6021488238908103,0.21570464040686113,-1.1466091637943685,0,1077,5,2013-10-28,10,Pluvieuse
Est,2013,44,-0.7037027432543851,0.11323852705472555,1.144892254639693,0,1565,3,2013-11-04,11,Sèche
Est,2013,45,-0.6895980322316664,-1.3212870598751643,-1.6326852222500807,0,1342,11,2013-11-11,11,Sèche
Est,2013,46,-0.6190744771180727,-0.7321069081003877,0.08594084157546768,0,1636,7,2013-11-18,11,Sèche
Est,2013,47,-0.5993278816862666,0.3950203387730972,-1.0250901491804427,0,266,10,2013-11-25,11,Sèche
Est,2013,48,-0.6952399166407538,-1.3725201165512315,-0.9730105714887576,0,203,2,2013-12-02,12,Sèche
Est,2013,49,-0.6557467257771414,0.4974864521252319,-0.6084535276469758,0,226,11,2013-12-09,12,Sèche
Est,2013,50,-0.6472838991635101,0.3950203387730972,-0.7820521199525866,0,230,11,2013-12-16,12,Sèche
Est,2013,51,-0.6867770900271225,-0.06607717131151056,-1.3722873337916646,0,344,14,2013-12-23,12,Sèche
Est,2013,52,-0.7037027432543851,-1.3212870598751643,-0.3827753576496821,0,222,13,2013-12-30,12,Sèche
Est,2014,1,-0.6190744771180727,-1.295670531537131,0.36369858926444404,0,324,12,2014-01-06,1,Sèche
Est,2014,2,-0.5824022284590041,-0.142926756325612,-1.2681281784082965,0,223,0,2014-01-13,1,Sèche
Est,2014,3,-0.6811352056180351,-1.0138887198187594,1.0580929584868874,0,257,12,2014-01-20,1,Sèche
Est,2014,4,-0.6895980322316664,0.11323852705472555,-1.4417267707139074,0,208,4,2014-01-27,1,Sèche
Est,2014,5,-0.6106116505044415,0.24132116874489434,1.4226500023286717,0,332,12,2014-02-03,2,Sèche
Est,2014,6,-0.6698514367998601,0.26693769708292847,-1.285488037638859,0,192,11,2014-02-10,2,Sèche
Est,2014,7,-0.6106116505044415,-0.06607717131151056,1.1101725361785728,0,324,1,2014-02-17,2,Sèche
Est,2014,8,-0.6106116505044415,0.21570464040686113,-1.3896471930222245,0,326,2,2014-02-24,2,Sèche
Est,2014,9,-0.5852231706635478,-1.0138887198187594,0.7282556331062283,0,342,12,2014-03-03,3,Sèche
Est,2014,10,-0.6585676679816851,2.2650269074495606,0.3289788708033239,0,294,3,2014-03-10,3,Sèche
Est,2014,11,-0.5852231706635478,2.1113277374213597,0.1900999969588332,0,341,4,2014-03-17,3,Sèche
Est,2014,12,-0.6980608588452976,1.9320120390551225,-1.4938063484055901,0,247,3,2014-03-24,3,Sèche
Est,2014,13,-0.6106116505044415,2.469959134153832,1.2316915507924984,0,329,13,2014-03-31,3,Sèche
Est,2014,14,-0.6021488238908103,1.7783128690269197,-0.13973732842182593,0,328,10,2014-04-07,4,Sèche
Est,2014,15,-0.627537303731704,2.4187260774777637,-0.03557817303846041,0,198,9,2014-04-14,4,Sèche
Est,2014,16,-0.6190744771180727,0.984200490547873,-0.9730105714887576,0,298,1,2014-04-21,4,Sèche
Est,2014,17,-0.5682975174362854,2.213793850773494,0.6240964777228604,0,201,7,2014-04-28,4,Sèche
Est,2014,18,-0.6134325927089853,2.495575662491866,-0.03557817303846041,0,312,14,2014-05-05,5,Pluvieuse
Est,2014,19,-0.5824022284590041,0.42063686711113135,0.9365739438729619,0,321,7,2014-05-12,5,Pluvieuse
Est,2014,20,-0.6585676679816851,-0.296625926353814,1.6309683130954054,0,260,9,2014-05-19,5,Pluvieuse
Est,2014,21,-0.604969766095354,-0.7321069081003877,-1.1292493045638083,0,206,6,2014-05-26,5,Pluvieuse
Est,2014,22,1.5107368873124527,0.03638894204062502,0.22481971541995588,0,199,0,2014-06-02,6,Pluvieuse
Est,2014,23,2.114418519084813,0.4718699237871978,1.7177676092482108,0,280,1,2014-06-09,6,Pluvieuse
Est,2014,24,1.144014400721766,-0.11731022798757788,-0.12237746919126584,0,205,4,2014-06-16,6,Pluvieuse
Est,2014,25,1.3019871641762155,0.5999525654773665,-1.4938063484055901,0,342,5,2014-06-23,6,Pluvieuse
Est,2014,26,0.6136772662675426,-0.34785898302988133,1.3358507061758664,0,1700,10,2014-06-30,6,Pluvieuse
Est,2014,27,1.6094698644714835,-0.19415981300167934,-1.5111662076361527,0,1558,4,2014-07-07,7,Pluvieuse
Est,2014,28,1.0932374410399788,0.2925542254209626,0.641456336953423,0,1047,11,2014-07-14,7,Pluvieuse
Est,2014,29,0.8365317004264982,-0.783339964776456,-0.33069577995799937,0,1354,1,2014-07-21,7,Pluvieuse
Est,2014,30,2.6362928269254056,-0.37347551136791546,-1.0250901491804427,0,1666,2,2014-07-28,7,Pluvieuse
Est,2014,31,0.6447076305175238,0.11323852705472555,-1.1986887414860536,0,1676,11,2014-08-04,8,Pluvieuse
Est,2014,32,0.9747578684491416,-1.0907383048328607,-1.6847647999417636,0,1659,13,2014-08-11,8,Pluvieuse
Est,2014,33,0.4472416761994618,-0.962655663142692,0.4331380261866894,0,1597,12,2014-08-18,8,Pluvieuse
Est,2014,34,2.0918509814484634,-0.09169369964954377,1.1622521138702555,0,1145,3,2014-08-25,8,Pluvieuse
Est,2014,35,1.8295033564258953,-0.9882721914807252,-0.9556507122581974,0,1222,12,2014-09-01,9,Pluvieuse
Est,2014,36,0.8280688738128671,-0.6040242664102189,-0.9382908530276374,0,1544,9,2014-09-08,9,Pluvieuse
Est,2014,37,1.1045212098581536,-0.6040242664102189,-0.6258133868775358,0,1435,6,2014-09-15,9,Pluvieuse
Est,2014,38,0.39364377431313075,0.3950203387730972,-1.4070070522527847,0,1612,1,2014-09-22,9,Pluvieuse
Est,2014,39,2.5093504277209373,-1.0651217764948266,0.7976950700284712,0,1197,3,2014-09-29,9,Pluvieuse
Est,2014,40,0.3597924678586058,-1.1419713615089282,0.25953943388107853,0,1455,11,2014-10-06,10,Pluvieuse
Est,2014,41,-0.7093446276634725,0.5743360371393342,0.4157781669561293,0,1586,2,2014-10-13,10,Pluvieuse
Est,2014,42,-0.616253534913529,-1.3212870598751643,0.5025774631089347,0,1647,8,2014-10-20,10,Pluvieuse
Est,2014,43,-0.5965069394817228,0.010772413702590895,1.4573697207897944,0,1745,0,2014-10-27,10,Pluvieuse
Est,2014,44,-0.6360001303453352,0.03638894204062502,-0.3827753576496821,0,1671,4,2014-11-03,11,Sèche
Est,2014,45,-0.616253534913529,-1.3212870598751643,-0.33069577995799937,0,1438,0,2014-11-10,11,Sèche
Est,2014,46,-0.5936859972771792,-0.9882721914807252,0.9192140846423993,0,1430,5,2014-11-17,11,Sèche
Est,2014,47,-0.627537303731704,-1.270054003199097,0.06858098234490759,0,326,10,2014-11-24,11,Sèche
Est,2014,48,-0.6247163615271603,0.11323852705472555,1.266411269253621,0,349,4,2014-12-01,12,Sèche
Est,2014,49,-0.6980608588452976,0.4462533954491655,-1.0250901491804427,0,265,8,2014-12-08,12,Sèche
Est,2014,50,-0.5711184596408291,-0.37347551136791546,-0.7994119791831467,0,330,5,2014-12-15,12,Sèche
Est,2014,51,-0.6783142634134913,-1.3725201165512315,-1.0077302899498801,0,191,9,2014-12-22,12,Sèche
Est,2014,52,-0.5795812862544604,-0.142926756325612,0.8324147884895938,0,314,9,2014-12-29,12,Sèche
Est,2015,1,-0.6331791881407914,-0.11731022798757788,-1.5111662076361527,0,226,3,2015-01-05,1,Sèche
Est,2015,2,-0.69241897443621,-1.116354833170894,0.39841830772556674,0,326,4,2015-01-12,1,Sèche
Est,2015,3,-0.5767603440499166,-0.1685432846636452,1.4226500023286717,0,281,6,2015-01-19,1,Sèche
Est,2015,4,-0.5824022284590041,0.3694038104350631,-0.3133359207274368,0,336,10,2015-01-26,1,Sèche
Est,2015,5,-0.6077907082998978,-0.5527912097341515,0.10330070080602778,0,294,7,2015-02-02,2,Sèche
Est,2015,6,-0.6726723790044038,-0.8601895497905564,-1.6326852222500807,0,245,4,2015-02-09,2,Sèche
Est,2015,7,-0.6529257835725977,0.03638894204062502,1.0407330992563273,0,228,2,2015-02-16,2,Sèche
Est,2015,8,-0.5711184596408291,0.26693769708292847,-0.1744570468829486,0,213,3,2015-02-23,2,Sèche
Est,2015,9,-0.6021488238908103,0.5487195088013002,-0.556373949955293,0,333,6,2015-03-02,3,Sèche
Est,2015,10,-0.627537303731704,1.035433547223941,0.346338730033884,0,199,2,2015-03-09,3,Sèche
Est,2015,11,-0.6867770900271225,1.5989971706606845,1.2316915507924984,0,175,12,2015-03-16,3,Sèche
Est,2015,12,-0.6895980322316664,2.623658304182035,1.6136084538648428,0,299,12,2015-03-23,3,Sèche
Est,2015,13,-0.616253534913529,2.4187260774777637,-0.22653662457463136,0,278,11,2015-03-30,3,Sèche
Est,2015,14,-0.6839561478225789,1.7014632840128192,0.46785774464781205,0,232,1,2015-04-06,4,Sèche
Est,2015,15,-0.6783142634134913,1.522147585646582,1.3358507061758664,0,172,3,2015-04-13,4,Sèche
Est,2015,16,-0.6783142634134913,2.2394103791115283,-0.2959760614968767,0,191,7,2015-04-20,4,Sèche
Est,2015,17,-0.6106116505044415,1.983245095731191,1.5441690169426,0,224,9,2015-04-27,4,Sèche
Est,2015,18,-0.627537303731704,1.16351618891411,-0.261256343035754,0,272,13,2015-05-04,5,Pluvieuse
Est,2015,19,-0.6670304945953164,-0.7577234364384218,1.1275323954091327,0,174,1,2015-05-11,5,Pluvieuse
Est,2015,20,-0.6247163615271603,0.4718699237871978,1.2143316915619382,0,239,14,2015-05-18,5,Pluvieuse
Est,2015,21,-0.6980608588452976,-0.24539286967774668,1.266411269253621,0,224,5,2015-05-25,5,Pluvieuse
Est,2015,22,2.0692834438121137,-0.34785898302988133,1.0060133807952047,0,223,3,2015-06-01,6,Pluvieuse
Est,2015,23,2.5093504277209373,-0.8601895497905564,-0.018218313807897846,0,273,9,2015-06-08,6,Pluvieuse
Est,2015,24,1.5333044249488026,0.11323852705472555,0.5025774631089347,0,326,9,2015-06-15,6,Pluvieuse
Est,2015,25,2.311884473402875,0.03638894204062502,0.9886535215646446,0,337,13,2015-06-22,6,Pluvieuse
Est,2015,26,-0.11130488030019917,0.13885505539275966,-1.0424500084110029,0,1604,8,2015-06-29,6,Pluvieuse
Est,2015,27,0.6559913993356987,0.2925542254209626,-1.667404940711201,0,1095,10,2015-07-06,7,Pluvieuse
Est,2015,28,1.8943850271304015,-1.3469035882131983,-0.8862112753359521,0,1221,13,2015-07-13,7,Pluvieuse
Est,2015,29,1.8238614720168078,0.2925542254209626,-0.8514915568748319,0,1569,8,2015-07-20,7,Pluvieuse
Est,2015,30,0.7039474168129424,-0.42470856804398277,-1.0250901491804427,0,1531,12,2015-07-27,7,Pluvieuse
Est,2015,31,1.2540311466989718,0.1644715837307938,-0.2786162022663141,0,1203,4,2015-08-03,8,Pluvieuse
Est,2015,32,2.5008876011073062,0.03638894204062502,0.15538027849771302,0,1449,4,2015-08-10,8,Pluvieuse
Est,2015,33,1.7110237838350582,0.21570464040686113,1.3532105654064264,0,1318,6,2015-08-17,8,Pluvieuse
Est,2015,34,1.1186259208808722,-0.7577234364384218,-0.20917676534407126,0,1448,12,2015-08-24,8,Pluvieuse
Est,2015,35,0.3174783347904496,-0.5271746813961183,0.016501404653222352,0,1281,7,2015-08-31,8,Pluvieuse
Est,2015,36,1.0622070767899974,-0.040460642973476436,0.3116190115727613,0,1322,12,2015-09-07,9,Pluvieuse
Est,2015,37,2.625009058107231,0.010772413702590895,0.7456154923367885,0,1482,13,2015-09-14,9,Pluvieuse
Est,2015,38,2.196225843016582,-0.014844114635443224,0.5025774631089347,0,1278,14,2015-09-21,9,Pluvieuse
Est,2015,39,2.230077149471107,-0.8601895497905564,-1.354927474561102,0,1466,1,2015-09-28,9,Pluvieuse
Est,2015,40,1.4514971010170339,-0.962655663142692,-0.5390140907247304,0,1075,14,2015-10-05,10,Pluvieuse
Est,2015,41,-0.5993278816862666,-0.5784077380721857,-1.1639690230249309,0,1691,10,2015-10-12,10,Pluvieuse
Est,2015,42,-0.6839561478225789,-1.1419713615089282,-0.452214794571925,0,1593,2,2015-10-19,10,Pluvieuse
Est,2015,43,-0.5824022284590041,-1.0395052481567935,1.4747295800203546,0,1312,11,2015-10-26,10,Pluvieuse
Est,2015,44,-0.5824022284590041,0.24132116874489434,1.5962485946342826,0,1470,9,2015-11-02,11,Sèche
Est,2015,45,-0.5965069394817228,0.4974864521252319,-0.3827753576496821,0,1193,7,2015-11-09,11,Sèche
Est,2015,46,-0.6557467257771414,-0.09169369964954377,0.033861263883784916,0,1391,0,2015-11-16,11,Sèche
Est,2015,47,-0.6303582459362477,-1.3469035882131983,-0.6952528237997811,0,328,5,2015-11-23,11,Sèche
Est,2015,48,-0.6585676679816851,-0.040460642973476436,-0.4348549353413649,0,264,1,2015-11-30,11,Sèche
Est,2015,49,-0.6980608588452976,0.4718699237871978,-0.261256343035754,0,251,14,2015-12-07,12,Sèche
Est,2015,50,-0.6867770900271225,-0.9882721914807252,-1.4243669114833473,0,173,3,2015-12-14,12,Sèche
Est,2015,51,-0.6416420147544227,0.13885505539275966,1.6309683130954054,0,174,6,2015-12-21,12,Sèche
Est,2015,52,-0.6416420147544227,-0.3222424546918481,1.0407330992563273,0,267,8,2015-12-28,12,Sèche
Est,2016,1,-0.6698514367998601,-1.3981366448892656,-1.5806056445583956,0,204,2,2016-01-04,1,Sèche
Est,2016,2,-0.5795812862544604,-0.629640794748253,1.3879302838675491,0,296,13,2016-01-11,1,Sèche
Est,2016,3,-0.6134325927089853,-0.7321069081003877,-0.7820521199525866,0,178,12,2016-01-18,1,Sèche
Est,2016,4,-0.5936859972771792,-1.0395052481567935,-1.7021246591723236,0,175,9,2016-01-25,1,Sèche
Est,2016,5,-0.5880441128680916,-1.295670531537131,0.016501404653222352,0,231,13,2016-02-01,2,Sèche
Est,2016,6,-0.7065236854589287,-1.3469035882131983,-1.3722873337916646,0,229,12,2016-02-08,2,Sèche
Est,2016,7,-0.6360001303453352,0.4462533954491655,0.5546570408006175,0,329,14,2016-02-15,2,Sèche
Est,2016,8,-0.6783142634134913,-0.8858060781285906,-1.2507683191777363,0,244,8,2016-02-22,2,Sèche
Est,2016,9,-0.6811352056180351,0.4462533954491655,-1.3028478968694193,0,223,9,2016-02-29,2,Sèche
Est,2016,10,-0.7008818010498412,1.6758467556747851,-0.03557817303846041,0,284,8,2016-03-07,3,Sèche
Est,2016,11,-0.6952399166407538,1.189132717252144,-0.0008584545773377481,0,310,10,2016-03-14,3,Sèche
Est,2016,12,-0.616253534913529,1.3172153589423128,-0.9035711345665147,0,259,9,2016-03-21,3,Sèche
Est,2016,13,-0.616253534913529,1.214749245590178,-1.667404940711201,0,315,13,2016-03-28,3,Sèche
Est,2016,14,-0.5908650550726353,1.4452980006324816,-0.6952528237997811,0,185,10,2016-04-04,4,Sèche
Est,2016,15,-0.6190744771180727,2.18817732243546,0.25953943388107853,0,245,8,2016-04-11,4,Sèche
Est,2016,16,-0.5965069394817228,1.5733806423226504,-0.9382908530276374,0,179,1,2016-04-18,4,Sèche
Est,2016,17,-0.5993278816862666,2.034478152407257,-0.24389648380519394,0,176,1,2016-04-25,4,Sèche
Est,2016,18,-0.6980608588452976,1.8807789823790544,-0.747332401491464,0,305,9,2016-05-02,5,Pluvieuse
Est,2016,19,-0.5824022284590041,0.3950203387730972,-1.4938063484055901,0,335,7,2016-05-09,5,Pluvieuse
Est,2016,20,-0.6303582459362477,0.4974864521252319,0.7108957738756658,0,207,0,2016-05-16,5,Pluvieuse
Est,2016,21,-0.6077907082998978,-0.21977634133971255,0.7803352107979111,0,237,5,2016-05-23,5,Pluvieuse
Est,2016,22,1.3471222394489157,-0.3990920397059496,-1.6500450814806409,0,331,1,2016-05-30,5,Pluvieuse
Est,2016,23,0.9606531574264229,-0.09169369964954377,-1.7021246591723236,0,255,0,2016-06-06,6,Pluvieuse
Est,2016,24,0.861920180267392,-0.6040242664102189,0.36369858926444404,0,304,14,2016-06-13,6,Pluvieuse
Est,2016,25,0.17078934015417507,-0.8601895497905564,-1.2334084599471737,0,330,0,2016-06-20,6,Pluvieuse
Est,2016,26,2.450110641425519,-0.9114226064666247,-1.1986887414860536,0,1069,2,2016-06-27,6,Pluvieuse
Est,2016,27,1.0593861345854538,-0.6040242664102189,1.683047890787088,0,1411,0,2016-07-04,7,Pluvieuse
Est,2016,28,1.098879325449066,-0.09169369964954377,0.27689929311163863,0,1552,12,2016-07-11,7,Pluvieuse
Est,2016,29,0.9324437353809855,-0.8601895497905564,-0.8862112753359521,0,1554,3,2016-07-18,7,Pluvieuse
Est,2016,30,2.224435265062019,-0.06607717131151056,-0.8341316976442694,0,1519,8,2016-07-25,7,Pluvieuse
Est,2016,31,0.024100345517900485,-0.5784077380721857,-1.5111662076361527,0,1321,9,2016-08-01,8,Pluvieuse
Est,2016,32,0.9098761977446356,-0.8601895497905564,-0.7646922607220265,0,1026,13,2016-08-08,8,Pluvieuse
Est,2016,33,2.371124259698294,-0.142926756325612,-0.3654154984191196,0,1174,5,2016-08-15,8,Pluvieuse
Est,2016,34,1.6884562461987083,-0.4503250963820169,-1.181328882255491,0,1163,14,2016-08-22,8,Pluvieuse
Est,2016,35,2.0269693107439575,-0.4759416247200501,-1.3202077560999792,0,1569,3,2016-08-29,8,Pluvieuse
Est,2016,36,0.861920180267392,-0.37347551136791546,-1.5979655037889582,0,1269,8,2016-09-05,9,Pluvieuse
Est,2016,37,1.6010070378578525,-1.0395052481567935,-1.45908662994447,0,1366,13,2016-09-12,9,Pluvieuse
Est,2016,38,1.5530510203806087,-0.9114226064666247,1.144892254639693,0,1039,3,2016-09-19,9,Pluvieuse
Est,2016,39,2.032611195153045,-0.629640794748253,-1.059809867641563,0,1166,5,2016-09-26,9,Pluvieuse
Est,2016,40,1.603827980062396,-1.1932044181849955,1.2143316915619382,0,1352,2,2016-10-03,10,Pluvieuse
Est,2016,41,-0.6642095523907726,-0.5527912097341515,1.6483281723259653,0,1177,0,2016-10-10,10,Pluvieuse
Est,2016,42,-0.6952399166407538,-0.19415981300167934,1.57888873540372,0,1194,0,2016-10-17,10,Pluvieuse
Est,2016,43,-0.5936859972771792,-0.937039134804658,1.249051410023061,0,1175,11,2016-10-24,10,Pluvieuse
Est,2016,44,-0.5711184596408291,-0.2710093980157808,-1.1639690230249309,0,1396,1,2016-10-31,10,Pluvieuse
Est,2016,45,-0.6783142634134913,-0.5015581530580843,-1.5111662076361527,0,1549,0,2016-11-07,11,Sèche
Est,2016,46,-0.5908650550726353,-0.5784077380721857,1.6309683130954054,0,1061,14,2016-11-14,11,Sèche
Est,2016,47,-0.6472838991635101,-1.2188209465230295,1.6136084538648428,0,178,10,2016-11-21,11,Sèche
Est,2016,48,-0.7008818010498412,-0.6040242664102189,-0.6258133868775358,0,329,9,2016-11-28,11,Sèche
Est,2016,49,-0.6867770900271225,-0.42470856804398277,-0.556373949955293,0,271,14,2016-12-05,12,Sèche
Est,2016,50,-0.5880441128680916,-1.0395052481567935,0.762975351567351,0,236,8,2016-12-12,12,Sèche
Est,2016,51,-0.5908650550726353,0.4718699237871978,-1.3896471930222245,0,242,0,2016-12-19,12,Sèche
Est,2016,52,-0.6529257835725977,-0.6552573230862871,0.46785774464781205,0,219,6,2016-12-26,12,Sèche
Est,2017,1,-0.5824022284590041,0.4718699237871978,-0.9382908530276374,0,259,8,2017-01-02,1,Sèche
Est,2017,2,-0.6472838991635101,-0.9114226064666247,0.22481971541995588,0,261,1,2017-01-09,1,Sèche
Est,2017,3,-0.6303582459362477,-0.7577234364384218,0.12066056003659034,0,316,13,2017-01-16,1,Sèche
Est,2017,4,-0.5739394018453728,0.3181707537589958,-1.47644648917503,0,300,4,2017-01-23,1,Sèche
Est,2017,5,-0.69241897443621,0.523102980463266,0.5546570408006175,0,315,5,2017-01-30,1,Sèche
Est,2017,6,-0.5880441128680916,-0.2710093980157808,-1.0945295861026856,0,256,12,2017-02-06,2,Sèche
Est,2017,7,-0.627537303731704,-1.3212870598751643,0.033861263883784916,0,261,6,2017-02-13,2,Sèche
Est,2017,8,-0.638821072549879,-0.5271746813961183,-0.7299725422609038,0,220,12,2017-02-20,2,Sèche
Est,2017,9,-0.5824022284590041,-0.040460642973476436,0.3289788708033239,0,287,8,2017-02-27,2,Sèche
Est,2017,10,-0.661388610186229,1.9576285673931568,0.2942591523422012,0,246,5,2017-03-06,3,Sèche
Est,2017,11,-0.6190744771180727,2.213793850773494,1.3532105654064264,0,244,1,2017-03-13,3,Sèche
Est,2017,12,-0.638821072549879,1.035433547223941,-0.261256343035754,0,218,9,2017-03-20,3,Sèche
Est,2017,13,-0.6106116505044415,2.4187260774777637,-0.13973732842182593,0,327,11,2017-03-27,3,Sèche
Est,2017,14,-0.7065236854589287,1.8807789823790544,-1.059809867641563,0,306,7,2017-04-03,4,Sèche
Est,2017,15,-0.6698514367998601,1.0866666039000095,-1.0250901491804427,0,271,6,2017-04-10,4,Sèche
Est,2017,16,-0.6077907082998978,2.2906434357875947,0.20745985618939577,0,278,11,2017-04-17,4,Sèche
Est,2017,17,-0.6895980322316664,1.3428318872803469,-1.5458859260972753,0,311,13,2017-04-24,4,Sèche
Est,2017,18,-0.5711184596408291,2.3162599641256287,-1.3028478968694193,0,170,5,2017-05-01,5,Pluvieuse
Est,2017,19,-0.6585676679816851,-1.3725201165512315,1.0580929584868874,0,252,8,2017-05-08,5,Pluvieuse
Est,2017,20,-0.5908650550726353,-0.296625926353814,1.56152887617316,0,213,5,2017-05-15,5,Pluvieuse
Est,2017,21,-0.6754933212089477,0.010772413702590895,0.1727401377282731,0,298,0,2017-05-22,5,Pluvieuse
Est,2017,22,-0.03796038298206183,0.21570464040686113,-1.3202077560999792,0,189,11,2017-05-29,5,Pluvieuse
Est,2017,23,1.231463609062622,-0.21977634133971255,0.25953943388107853,0,292,3,2017-06-05,6,Pluvieuse
Est,2017,24,0.5629003065857553,-1.0138887198187594,0.8671345069507166,0,298,9,2017-06-12,6,Pluvieuse
Est,2017,25,0.66445422594933,-1.0138887198187594,0.4157781669561293,0,167,5,2017-06-19,6,Pluvieuse
Est,2017,26,0.720873070040205,-0.19415981300167934,0.5025774631089347,0,1273,9,2017-06-26,6,Pluvieuse
Est,2017,27,2.0044017731076074,-1.1932044181849955,-0.46957465380248753,0,1458,0,2017-07-03,7,Pluvieuse
Est,2017,28,0.40774848533584945,-0.3990920397059496,1.144892254639693,0,1131,5,2017-07-10,7,Pluvieuse
Est,2017,29,0.24131289526776872,0.4974864521252319,0.48521760387837215,0,967,0,2017-07-17,7,Pluvieuse
Est,2017,30,0.44442073399491805,-0.37347551136791546,-0.2959760614968767,0,1563,0,2017-07-24,7,Pluvieuse
Est,2017,31,1.440213332198859,0.010772413702590895,0.7282556331062283,0,1434,9,2017-07-31,7,Pluvieuse
Est,2017,32,1.12426780528996,-0.34785898302988133,1.7177676092482108,0,1212,1,2017-08-07,8,Pluvieuse
Est,2017,33,1.5812604424260461,-0.21977634133971255,0.641456336953423,0,1093,3,2017-08-14,8,Pluvieuse
Est,2017,34,1.9508038712212763,0.5487195088013002,-1.1292493045638083,0,1480,11,2017-08-21,8,Pluvieuse
Est,2017,35,0.049488825358794127,-0.014844114635443224,-0.6952528237997811,0,1415,14,2017-08-28,8,Pluvieuse
Est,2017,36,2.3993336817437316,-0.8858060781285906,-0.03557817303846041,0,1549,11,2017-09-04,9,Pluvieuse
Est,2017,37,0.6362448039038926,-0.5527912097341515,-0.556373949955293,0,1646,2,2017-09-11,9,Pluvieuse
Est,2017,38,2.1369860567211636,-0.6040242664102189,1.3011309877147437,0,1128,7,2017-09-18,9,Pluvieuse
Est,2017,39,1.8182195876077203,-0.296625926353814,-1.181328882255491,0,1233,7,2017-09-25,9,Pluvieuse
Est,2017,40,1.6715305929714461,-0.7321069081003877,1.2316915507924984,0,1134,7,2017-10-02,10,Pluvieuse
Est,2017,41,-0.6501048413680539,0.523102980463266,0.658816196183983,0,1321,5,2017-10-09,10,Pluvieuse
Est,2017,42,-0.604969766095354,-0.42470856804398277,-0.556373949955293,0,1325,6,2017-10-16,10,Pluvieuse
Est,2017,43,-0.6783142634134913,0.6255690938154007,-0.7126126830303413,0,1352,5,2017-10-23,10,Pluvieuse
Est,2017,44,-0.6811352056180351,-0.09169369964954377,-0.10501760996070328,0,1423,10,2017-10-30,10,Pluvieuse
Est,2017,45,-0.6557467257771414,-1.295670531537131,0.8671345069507166,0,1352,13,2017-11-06,11,Sèche
Est,2017,46,-0.6331791881407914,-0.42470856804398277,0.658816196183983,0,1331,7,2017-11-13,11,Sèche
Est,2017,47,-0.661388610186229,-0.9114226064666247,-0.7646922607220265,0,194,13,2017-11-20,11,Sèche
Est,2017,48,-0.6839561478225789,-0.5015581530580843,0.13802041926715045,0,311,3,2017-11-27,11,Sèche
Est,2017,49,-0.6501048413680539,-0.1685432846636452,-1.5632457853278354,0,242,9,2017-12-04,12,Sèche
Est,2017,50,-0.661388610186229,0.06200547037865822,-0.7820521199525866,0,213,14,2017-12-11,12,Sèche
Est,2017,51,-0.6106116505044415,-0.5015581530580843,-1.5979655037889582,0,282,7,2017-12-18,12,Sèche
Est,2017,52,-0.7008818010498412,0.5999525654773665,0.48521760387837215,0,252,11,2017-12-25,12,Sèche
Est,2018,1,-0.6416420147544227,-1.3981366448892656,-0.6778929645692211,0,300,11,2018-01-01,1,Sèche
Est,2018,2,-0.5711184596408291,0.3437872820970299,1.144892254639693,0,233,5,2018-01-08,1,Sèche
Est,2018,3,-0.6134325927089853,-0.014844114635443224,1.4226500023286717,0,226,0,2018-01-15,1,Sèche
Est,2018,4,-0.604969766095354,-0.2710093980157808,1.6656880315565255,0,189,2,2018-01-22,1,Sèche
Est,2018,5,-0.6021488238908103,-0.42470856804398277,-0.7126126830303413,0,255,9,2018-01-29,1,Sèche
Est,2018,6,-0.6952399166407538,-1.3469035882131983,0.08594084157546768,0,285,12,2018-02-05,2,Sèche
Est,2018,7,-0.6980608588452976,-0.6808738514243203,0.3289788708033239,0,271,13,2018-02-12,2,Sèche
Est,2018,8,-0.6557467257771414,-0.2710093980157808,0.48521760387837215,0,196,2,2018-02-19,2,Sèche
Est,2018,9,-0.6331791881407914,0.26693769708292847,0.4504978854172495,0,317,13,2018-02-26,2,Sèche
Est,2018,10,-0.5824022284590041,0.9329674338718065,-1.667404940711201,0,236,5,2018-03-05,3,Sèche
Est,2018,11,-0.6557467257771414,1.829545925702988,1.4052901430981093,0,244,12,2018-03-12,3,Sèche
Est,2018,12,-0.7037027432543851,2.0857112090833256,1.0060133807952047,0,265,7,2018-03-19,3,Sèche
Est,2018,13,-0.6360001303453352,1.6502302273367508,1.144892254639693,0,170,4,2018-03-26,3,Sèche
Est,2018,14,-0.661388610186229,1.3684484156183792,1.3532105654064264,0,284,0,2018-04-02,4,Sèche
Est,2018,15,-0.6698514367998601,1.2915988306042787,-1.0945295861026856,0,322,9,2018-04-09,4,Sèche
Est,2018,16,-0.627537303731704,1.6502302273367508,0.8150549292590338,0,311,11,2018-04-16,4,Sèche
Est,2018,17,-0.6501048413680539,0.9585839622098405,-0.22653662457463136,0,182,4,2018-04-23,4,Sèche
Est,2018,18,-0.6839561478225789,2.0857112090833256,-1.5111662076361527,0,268,3,2018-04-30,4,Sèche
Est,2018,19,-0.7065236854589287,-0.5527912097341515,-1.4070070522527847,0,233,7,2018-05-07,5,Pluvieuse
Est,2018,20,-0.5682975174362854,-1.1932044181849955,0.9539338031035219,0,222,12,2018-05-14,5,Pluvieuse
Est,2018,21,-0.6360001303453352,-0.7064903797623544,-0.6778929645692211,0,248,4,2018-05-21,5,Pluvieuse
Est,2018,22,0.19899876219961257,-1.1932044181849955,1.0580929584868874,0,286,7,2018-05-28,5,Pluvieuse
Est,2018,23,1.1299096896990475,-0.11731022798757788,-1.3202077560999792,0,318,5,2018-06-04,6,Pluvieuse
Est,2018,24,2.4388268726073434,0.523102980463266,0.4331380261866894,0,238,12,2018-06-11,6,Pluvieuse
Est,2018,25,0.20746158881324372,-0.296625926353814,-1.0424500084110029,0,259,11,2018-06-18,6,Pluvieuse
Est,2018,26,1.132730631903591,-0.4503250963820169,-0.7646922607220265,0,1442,4,2018-06-25,6,Pluvieuse
Est,2018,27,0.9493693886082478,0.4462533954491655,1.683047890787088,0,1545,9,2018-07-02,7,Pluvieuse
Est,2018,28,1.595365153448765,0.4462533954491655,-1.354927474561102,0,1378,5,2018-07-09,7,Pluvieuse
Est,2018,29,2.007222715312151,0.5743360371393342,0.658816196183983,0,977,1,2018-07-16,7,Pluvieuse
Est,2018,30,1.7110237838350582,0.5743360371393342,0.8497746477201564,0,1364,5,2018-07-23,7,Pluvieuse
Est,2018,31,2.653218480152668,-0.11731022798757788,-0.556373949955293,0,1027,10,2018-07-30,7,Pluvieuse
Est,2018,32,0.4698092138358117,-0.24539286967774668,-0.13973732842182593,0,1131,7,2018-08-06,8,Pluvieuse
Est,2018,33,2.3965127395391876,0.13885505539275966,0.5025774631089347,0,1019,8,2018-08-13,8,Pluvieuse
Est,2018,34,1.7138447260396021,-0.962655663142692,-1.2507683191777363,0,1075,2,2018-08-20,8,Pluvieuse
Est,2018,35,0.5177652313130554,-0.5527912097341515,0.5025774631089347,0,1403,4,2018-08-27,8,Pluvieuse
Est,2018,36,2.3288101266301378,0.42063686711113135,-0.07029789149958307,0,1177,12,2018-09-03,9,Pluvieuse
Est,2018,37,1.9366991601985575,-1.0651217764948266,-1.1292493045638083,0,1223,5,2018-09-10,9,Pluvieuse
Est,2018,38,2.3993336817437316,0.4974864521252319,1.6136084538648428,0,1495,13,2018-09-17,9,Pluvieuse
Est,2018,39,0.6136772662675426,0.3437872820970299,0.36369858926444404,0,1437,7,2018-09-24,9,Pluvieuse
Est,2018,40,2.165195478766601,0.3181707537589958,-0.8862112753359521,0,1046,7,2018-10-01,10,Pluvieuse
Est,2018,41,-0.5908650550726353,0.4718699237871978,0.9192140846423993,0,1316,13,2018-10-08,10,Pluvieuse
Est,2018,42,-0.6811352056180351,0.08762199871669235,-0.9556507122581974,0,1306,10,2018-10-15,10,Pluvieuse
Est,2018,43,-0.5767603440499166,-0.6552573230862871,1.4226500023286717,0,1326,0,2018-10-22,10,Pluvieuse
Est,2018,44,-0.5936859972771792,-1.2444374748610627,-1.5806056445583956,0,1379,13,2018-10-29,10,Pluvieuse
Est,2018,45,-0.6472838991635101,-1.0907383048328607,-1.5806056445583956,0,1483,1,2018-11-05,11,Sèche
Est,2018,46,-0.6360001303453352,-0.1685432846636452,1.370570424636989,0,1243,2,2018-11-12,11,Sèche
Est,2018,47,-0.6952399166407538,-0.7321069081003877,-1.5806056445583956,0,257,11,2018-11-19,11,Sèche
Est,2018,48,-0.6416420147544227,-0.9882721914807252,-0.08765775073014317,0,198,10,2018-11-26,11,Sèche
Est,2018,49,-0.6726723790044038,0.010772413702590895,-0.7994119791831467,0,270,8,2018-12-03,12,Sèche
Est,2018,50,-0.616253534913529,-1.1675878898469623,1.3879302838675491,0,241,11,2018-12-10,12,Sèche
Est,2018,51,-0.6980608588452976,-0.9882721914807252,-0.5910936684164156,0,244,7,2018-12-17,12,Sèche
Est,2018,52,-0.5824022284590041,0.6255690938154007,-0.3654154984191196,0,307,12,2018-12-24,12,Sèche
Est,2019,1,-0.6077907082998978,0.5487195088013002,0.658816196183983,0,291,3,2019-01-07,1,Sèche
Est,2019,2,-0.6839561478225789,-0.19415981300167934,-0.5042943722636102,0,233,1,2019-01-14,1,Sèche
Est,2019,3,-0.5795812862544604,-0.5527912097341515,1.0580929584868874,0,210,6,2019-01-21,1,Sèche
Est,2019,4,-0.6698514367998601,0.010772413702590895,0.9192140846423993,0,302,2,2019-01-28,1,Sèche
Est,2019,5,-0.627537303731704,-1.3469035882131983,-0.5216542314941703,0,170,8,2019-02-04,2,Sèche
Est,2019,6,-0.5711184596408291,-0.6808738514243203,1.144892254639693,0,271,13,2019-02-11,2,Sèche
Est,2019,7,-0.6190744771180727,-0.7321069081003877,-0.1570971876523885,0,276,3,2019-02-18,2,Sèche
Est,2019,8,-0.5880441128680916,-0.7064903797623544,1.4747295800203546,0,267,2,2019-02-25,2,Sèche
Est,2019,9,-0.6134325927089853,-1.2444374748610627,0.1900999969588332,0,289,1,2019-03-04,3,Sèche
Est,2019,10,-0.6557467257771414,2.0857112090833256,-0.1918169061135087,0,201,9,2019-03-11,3,Sèche
Est,2019,11,-0.6472838991635101,1.2659823022662446,0.6240964777228604,0,179,11,2019-03-18,3,Sèche
Est,2019,12,-0.6303582459362477,2.2906434357875947,0.7282556331062283,0,269,11,2019-03-25,3,Sèche
Est,2019,13,-0.5795812862544604,2.3418764924636633,-0.3827753576496821,0,220,9,2019-04-01,4,Sèche
Est,2019,14,-0.6472838991635101,1.3684484156183792,-0.7299725422609038,0,310,6,2019-04-08,4,Sèche
Est,2019,15,-0.6670304945953164,0.9329674338718065,1.7004077500176482,0,273,0,2019-04-15,4,Sèche
Est,2019,16,-0.638821072549879,2.495575662491866,1.2316915507924984,0,230,7,2019-04-22,4,Sèche
Est,2019,17,-0.6952399166407538,1.035433547223941,-0.6778929645692211,0,283,5,2019-04-29,4,Sèche
Est,2019,18,-0.7065236854589287,1.522147585646582,0.24217957465051843,0,236,1,2019-05-06,5,Pluvieuse
Est,2019,19,-0.6670304945953164,0.03638894204062502,0.641456336953423,0,165,9,2019-05-13,5,Pluvieuse
Est,2019,20,-0.6585676679816851,-1.3212870598751643,-0.1918169061135087,0,291,5,2019-05-20,5,Pluvieuse
Est,2019,21,-0.5852231706635478,0.010772413702590895,-1.5806056445583956,0,314,14,2019-05-27,5,Pluvieuse
Est,2019,22,2.467036294652781,0.1644715837307938,-0.452214794571925,0,248,0,2019-06-03,6,Pluvieuse
Est,2019,23,2.371124259698294,-0.7577234364384218,0.6067366184923002,0,284,2,2019-06-10,6,Pluvieuse
Est,2019,24,1.5022740606988214,0.13885505539275966,-0.9209309937970748,0,266,11,2019-06-17,6,Pluvieuse
Est,2019,25,0.26952231731320614,0.3181707537589958,-0.018218313807897846,0,313,12,2019-06-24,6,Pluvieuse
Est,2019,26,1.0875955566308912,-1.270054003199097,-1.3375676153305418,0,1106,9,2019-07-01,7,Pluvieuse
Est,2019,27,0.9662950418355105,-0.06607717131151056,1.5441690169426,0,1254,5,2019-07-08,7,Pluvieuse
Est,2019,28,-0.10002111148202414,0.24132116874489434,0.8671345069507166,0,1150,2,2019-07-15,7,Pluvieuse
Est,2019,29,2.3570195486755754,0.6511856221534348,0.7456154923367885,0,1034,6,2019-07-22,7,Pluvieuse
Est,2019,30,2.176479247584776,0.190088112068827,0.7803352107979111,0,1343,7,2019-07-29,7,Pluvieuse
Est,2019,31,0.9493693886082478,-1.1932044181849955,0.46785774464781205,0,985,6,2019-08-05,8,Pluvieuse
Est,2019,32,2.6391137691299495,-0.5271746813961183,1.5441690169426,0,1499,1,2019-08-12,8,Pluvieuse
Est,2019,33,2.6080834048799684,-1.2188209465230295,-0.07029789149958307,0,1223,10,2019-08-19,8,Pluvieuse
Est,2019,34,2.2893169357665255,-0.9114226064666247,0.346338730033884,0,1333,8,2019-08-26,8,Pluvieuse
Est,2019,35,2.1341651145166196,0.3694038104350631,-0.1744570468829486,0,1424,13,2019-09-02,9,Pluvieuse
Est,2019,36,0.9606531574264229,-0.21977634133971255,1.4226500023286717,0,1561,4,2019-09-09,9,Pluvieuse
Est,2019,37,2.5798739828345307,0.3694038104350631,0.27689929311163863,0,1387,1,2019-09-16,9,Pluvieuse
Est,2019,38,2.3767661441073815,0.08762199871669235,0.24217957465051843,0,1334,14,2019-09-23,9,Pluvieuse
Est,2019,39,0.08051918960877533,-1.1419713615089282,-1.5458859260972753,0,946,12,2019-09-30,9,Pluvieuse
Est,2019,40,0.8590992380628483,-0.06607717131151056,-0.9382908530276374,0,1090,7,2019-10-07,10,Pluvieuse
Est,2019,41,-0.6895980322316664,-0.9114226064666247,1.4920894392509145,0,1274,0,2019-10-14,10,Pluvieuse
Est,2019,42,-0.6472838991635101,-1.2444374748610627,0.22481971541995588,0,1460,1,2019-10-21,10,Pluvieuse
Est,2019,43,-0.6077907082998978,-1.3725201165512315,-0.08765775073014317,0,1493,3,2019-10-28,10,Pluvieuse
Est,2019,44,-0.6585676679816851,-0.06607717131151056,0.9886535215646446,0,1476,0,2019-11-04,11,Sèche
Est,2019,45,-0.6529257835725977,-1.1419713615089282,1.6136084538648428,0,1178,1,2019-11-11,11,Sèche
Est,2019,46,-0.6077907082998978,-0.6552573230862871,-0.9382908530276374,0,1397,2,2019-11-18,11,Sèche
Est,2019,47,-0.5795812862544604,0.21570464040686113,0.08594084157546768,0,257,13,2019-11-25,11,Sèche
Est,2019,48,-0.6218954193226165,-0.42470856804398277,-0.22653662457463136,0,169,3,2019-12-02,12,Sèche
Est,2019,49,-0.6190744771180727,-1.295670531537131,-0.4174950761108048,0,190,1,2019-12-09,12,Sèche
Est,2019,50,-0.6218954193226165,-1.3725201165512315,-1.3896471930222245,0,240,10,2019-12-16,12,Sèche
Est,2019,51,-0.6331791881407914,-0.142926756325612,-0.46957465380248753,0,205,13,2019-12-23,12,Sèche
Est,2019,52,-0.6867770900271225,0.5743360371393342,-1.0945295861026856,0,309,11,2019-12-30,12,Sèche
Est,2020,1,-0.7065236854589287,-0.19415981300167934,1.2316915507924984,0,252,0,2020-01-06,1,Sèche
Est,2020,2,-0.604969766095354,0.5999525654773665,-0.13973732842182593,0,200,6,2020-01-13,1,Sèche
Est,2020,3,-0.6134325927089853,-1.3725201165512315,-0.018218313807897846,0,267,12,2020-01-20,1,Sèche
Est,2020,4,-0.5852231706635478,-0.014844114635443224,-1.181328882255491,0,205,11,2020-01-27,1,Sèche
Est,2020,5,-0.69241897443621,-0.5271746813961183,-1.5285260668667129,0,267,12,2020-02-03,2,Sèche
Est,2020,6,-0.6557467257771414,-0.9114226064666247,1.0928126769480102,0,197,1,2020-02-10,2,Sèche
Est,2020,7,-0.6952399166407538,-0.06607717131151056,0.6935359146451057,0,246,0,2020-02-17,2,Sèche
Est,2020,8,-0.6980608588452976,-1.295670531537131,1.1796119731008157,0,228,14,2020-02-24,2,Sèche
Est,2020,9,-0.6472838991635101,0.4462533954491655,-0.7126126830303413,0,155,14,2020-03-02,3,Sèche
Est,2020,10,-0.69241897443621,2.4187260774777637,1.1275323954091327,0,183,12,2020-03-09,3,Sèche
Est,2020,11,-0.6698514367998601,1.983245095731191,0.25953943388107853,0,282,9,2020-03-16,3,Sèche
Est,2020,12,-0.6839561478225789,2.495575662491866,1.5962485946342826,0,218,12,2020-03-23,3,Sèche
Est,2020,13,-0.5767603440499166,2.2394103791115283,1.370570424636989,0,295,14,2020-03-30,3,Sèche
Est,2020,14,-0.6811352056180351,2.1113277374213597,1.0060133807952047,0,156,3,2020-04-06,4,Sèche
Est,2020,15,-0.6811352056180351,1.7014632840128192,-0.7299725422609038,0,189,0,2020-04-13,4,Sèche
Est,2020,16,-0.6811352056180351,2.469959134153832,-0.5216542314941703,0,226,4,2020-04-20,4,Sèche
Est,2020,17,-0.6839561478225789,1.496531057308548,0.4504978854172495,0,183,6,2020-04-27,4,Sèche
Est,2020,18,-0.6811352056180351,1.7014632840128192,0.5025774631089347,0,155,1,2020-05-04,5,Pluvieuse
Est,2020,19,-0.6218954193226165,-0.19415981300167934,0.3116190115727613,0,205,11,2020-05-11,5,Pluvieuse
Est,2020,20,-0.6444629569589664,-0.21977634133971255,0.10330070080602778,0,192,4,2020-05-18,5,Pluvieuse
Est,2020,21,-0.5908650550726353,-0.6808738514243203,-0.5390140907247304,0,222,7,2020-05-25,5,Pluvieuse
Est,2020,22,2.162374536562057,0.21570464040686113,0.36369858926444404,0,280,1,2020-06-01,6,Pluvieuse
Est,2020,23,0.4867348670630742,-1.3469035882131983,-0.573733809185853,0,257,14,2020-06-08,6,Pluvieuse
Est,2020,24,1.307629048585303,0.11323852705472555,-1.0945295861026856,0,236,10,2020-06-15,6,Pluvieuse
Est,2020,25,2.362661433084663,-1.0651217764948266,1.3532105654064264,0,297,11,2020-06-22,6,Pluvieuse
Est,2020,26,0.0015328078815505261,-0.7064903797623544,0.762975351567351,0,1239,11,2020-06-29,6,Pluvieuse
Est,2020,27,0.5431537111539491,0.3694038104350631,1.3879302838675491,0,923,4,2020-07-06,7,Pluvieuse
Est,2020,28,2.1708373631756883,-1.0651217764948266,-1.6500450814806409,0,1478,5,2020-07-13,7,Pluvieuse
Est,2020,29,1.0593861345854538,0.5487195088013002,-0.9556507122581974,0,1507,11,2020-07-20,7,Pluvieuse
Est,2020,30,0.4049275431313057,-1.0907383048328607,1.4747295800203546,0,1068,0,2020-07-27,7,Pluvieuse
Est,2020,31,1.9959389464939763,0.4974864521252319,1.6656880315565255,0,1158,13,2020-08-03,8,Pluvieuse
Est,2020,32,1.7900101655622829,0.08762199871669235,-0.018218313807897846,0,1158,13,2020-08-10,8,Pluvieuse
Est,2020,33,0.4980186358812491,-1.3212870598751643,-0.556373949955293,0,1175,2,2020-08-17,8,Pluvieuse
Est,2020,34,1.7476960324941269,0.190088112068827,-0.33069577995799937,0,1228,7,2020-08-24,8,Pluvieuse
Est,2020,35,0.774470971926536,-1.2188209465230295,1.3532105654064264,0,1222,9,2020-08-31,8,Pluvieuse
Est,2020,36,2.2441818604938257,-0.11731022798757788,-0.3133359207274368,0,1195,2,2020-09-07,9,Pluvieuse
Est,2020,37,1.6122908066760273,-1.0651217764948266,1.4920894392509145,0,1068,10,2020-09-14,9,Pluvieuse
Est,2020,38,1.5135578295169962,-0.5784077380721857,-1.4070070522527847,0,1097,9,2020-09-21,9,Pluvieuse
Est,2020,39,1.3696897770852656,0.13885505539275966,-1.5458859260972753,0,1043,4,2020-09-28,9,Pluvieuse
Est,2020,40,1.4176457945625092,0.3181707537589958,0.641456336953423,0,1395,5,2020-10-05,10,Pluvieuse
Est,2020,41,-0.5908650550726353,-1.3212870598751643,0.15538027849771302,0,1005,7,2020-10-12,10,Pluvieuse
Est,2020,42,-0.6218954193226165,0.5743360371393342,-1.0250901491804427,0,1200,0,2020-10-19,10,Pluvieuse
Est,2020,43,-0.638821072549879,0.4462533954491655,0.36369858926444404,0,1147,10,2020-10-26,10,Pluvieuse
Est,2020,44,-0.661388610186229,-0.8858060781285906,-0.747332401491464,0,1480,10,2020-11-02,11,Sèche
Est,2020,45,-0.6331791881407914,-0.6040242664102189,1.3879302838675491,0,1259,10,2020-11-09,11,Sèche
Est,2020,46,-0.6895980322316664,0.4718699237871978,0.7108957738756658,0,1382,2,2020-11-16,11,Sèche
Est,2020,47,-0.5965069394817228,-0.937039134804658,0.9018542254118392,0,239,2,2020-11-23,11,Sèche
Est,2020,48,-0.7008818010498412,-0.7321069081003877,-1.1118894453332482,0,228,3,2020-11-30,11,Sèche
Est,2020,49,-0.6529257835725977,0.1644715837307938,0.5546570408006175,0,190,13,2020-12-07,12,Sèche
Est,2020,50,-0.661388610186229,-0.3990920397059496,-1.4938063484055901,0,281,2,2020-12-14,12,Sèche
Est,2020,51,-0.6501048413680539,-0.040460642973476436,1.4400098615592318,0,240,12,2020-12-21,12,Sèche
Est,2020,52,-0.616253534913529,0.5487195088013002,0.016501404653222352,0,249,6,2020-12-28,12,Sèche
Est,2021,1,-0.6642095523907726,-0.09169369964954377,0.8497746477201564,0,259,4,2021-01-04,1,Sèche
Est,2021,2,-0.7008818010498412,-0.4759416247200501,-0.6084535276469758,0,228,10,2021-01-11,1,Sèche
Est,2021,3,-0.6698514367998601,-0.42470856804398277,0.641456336953423,0,240,11,2021-01-18,1,Sèche
Est,2021,4,-0.6077907082998978,0.523102980463266,0.9886535215646446,0,204,5,2021-01-25,1,Sèche
Est,2021,5,-0.6077907082998978,-0.6040242664102189,0.3289788708033239,0,281,8,2021-02-01,2,Sèche
Est,2021,6,-0.6811352056180351,-0.7064903797623544,-1.285488037638859,0,286,4,2021-02-08,2,Sèche
Est,2021,7,-0.6331791881407914,-0.8858060781285906,-1.3202077560999792,0,163,11,2021-02-15,2,Sèche
Est,2021,8,-0.5739394018453728,-0.937039134804658,0.8671345069507166,0,285,11,2021-02-22,2,Sèche
Est,2021,9,-0.5739394018453728,-0.6040242664102189,0.12066056003659034,0,226,9,2021-03-01,3,Sèche
Est,2021,10,-0.6416420147544227,2.4187260774777637,0.5025774631089347,0,292,2,2021-03-08,3,Sèche
Est,2021,11,-0.6867770900271225,2.136944265759392,-0.7126126830303413,0,157,1,2021-03-15,3,Sèche
Est,2021,12,-0.661388610186229,2.2394103791115283,-0.1570971876523885,0,195,3,2021-03-22,3,Sèche
Est,2021,13,-0.5852231706635478,1.4196814722944475,-0.3654154984191196,0,255,12,2021-03-29,3,Sèche
Est,2021,14,-0.5908650550726353,2.521192190829898,-1.6326852222500807,0,268,12,2021-04-05,4,Sèche
Est,2021,15,-0.6557467257771414,2.3162599641256287,-0.22653662457463136,0,294,12,2021-04-12,4,Sèche
Est,2021,16,-0.6980608588452976,1.4709145289705157,-1.1292493045638083,0,293,0,2021-04-19,4,Sèche
Est,2021,17,-0.7008818010498412,1.3684484156183792,-0.5042943722636102,0,167,3,2021-04-26,4,Sèche
Est,2021,18,-0.616253534913529,1.522147585646582,0.5893767592617402,0,288,7,2021-05-03,5,Pluvieuse
Est,2021,19,-0.6895980322316664,-1.2444374748610627,-1.0077302899498801,0,258,14,2021-05-10,5,Pluvieuse
Est,2021,20,-0.7037027432543851,-0.296625926353814,1.0928126769480102,0,242,1,2021-05-17,5,Pluvieuse
Est,2021,21,-0.6106116505044415,-1.0651217764948266,0.6240964777228604,0,235,7,2021-05-24,5,Pluvieuse
Est,2021,22,2.3541986064710314,-1.2188209465230295,-0.08765775073014317,0,204,11,2021-05-31,5,Pluvieuse
Est,2021,23,0.3513296412449746,0.3950203387730972,-0.4348549353413649,0,163,11,2021-06-07,6,Pluvieuse
Est,2021,24,-0.1056629958911117,-0.6040242664102189,0.8844943661812766,0,151,11,2021-06-14,6,Pluvieuse
Est,2021,25,0.009995634495181772,-0.34785898302988133,-0.4174950761108048,0,202,13,2021-06-21,6,Pluvieuse
Est,2021,26,1.58408138463059,-0.9882721914807252,1.6136084538648428,0,1395,11,2021-06-28,6,Pluvieuse
Est,2021,27,2.6391137691299495,-0.142926756325612,1.0580929584868874,0,1348,8,2021-07-05,7,Pluvieuse
Est,2021,28,2.5008876011073062,-0.5784077380721857,0.3289788708033239,0,1238,5,2021-07-12,7,Pluvieuse
Est,2021,29,1.1158049786763287,0.03638894204062502,-1.0077302899498801,0,1027,4,2021-07-19,7,Pluvieuse
Est,2021,30,0.22438724204050622,-0.6040242664102189,-0.3654154984191196,0,1195,9,2021-07-26,7,Pluvieuse
Est,2021,31,0.09462390063149403,-1.2188209465230295,0.8150549292590338,0,1306,10,2021-08-02,8,Pluvieuse
Est,2021,32,0.10872861165421276,-1.3212870598751643,-1.3722873337916646,0,1174,9,2021-08-09,8,Pluvieuse
Est,2021,33,0.5967516130402801,-0.19415981300167934,-0.7820521199525866,0,943,8,2021-08-16,8,Pluvieuse
Est,2021,34,2.120060403493901,-1.116354833170894,-1.667404940711201,0,1001,7,2021-08-23,8,Pluvieuse
Est,2021,35,1.2258217246535343,0.5999525654773665,0.7282556331062283,0,952,10,2021-08-30,8,Pluvieuse
Est,2021,36,1.2568520889035157,-1.1675878898469623,1.249051410023061,0,1403,2,2021-09-06,9,Pluvieuse
Est,2021,37,2.393691797334644,-0.014844114635443224,0.346338730033884,0,971,4,2021-09-13,9,Pluvieuse
Est,2021,38,1.4430342744034026,-1.3469035882131983,-1.1466091637943685,0,1416,3,2021-09-20,9,Pluvieuse
Est,2021,39,1.2624939733126035,0.190088112068827,1.0580929584868874,0,1326,8,2021-09-27,9,Pluvieuse
Est,2021,40,1.4261086211761405,0.24132116874489434,-0.018218313807897846,0,949,4,2021-10-04,10,Pluvieuse
Est,2021,41,-0.638821072549879,-0.5015581530580843,0.641456336953423,0,1331,2,2021-10-11,10,Pluvieuse
Est,2021,42,-0.6077907082998978,-1.116354833170894,1.4400098615592318,0,1265,1,2021-10-18,10,Pluvieuse
Est,2021,43,-0.5908650550726353,-0.6552573230862871,-0.747332401491464,0,1383,8,2021-10-25,10,Pluvieuse
Est,2021,44,-0.6754933212089477,0.5487195088013002,-0.3654154984191196,0,1135,6,2021-11-01,11,Sèche
Est,2021,45,-0.6754933212089477,-0.040460642973476436,-1.5458859260972753,0,1188,12,2021-11-08,11,Sèche
Est,2021,46,-0.6190744771180727,0.03638894204062502,-1.45908662994447,0,1356,11,2021-11-15,11,Sèche
Est,2021,47,-0.6754933212089477,0.3437872820970299,-0.9035711345665147,0,153,8,2021-11-22,11,Sèche
Est,2021,48,-0.6726723790044038,-0.3222424546918481,1.266411269253621,0,288,6,2021-11-29,11,Sèche
Est,2021,49,-0.7065236854589287,0.3950203387730972,-0.3827753576496821,0,275,2,2021-12-06,12,Sèche
Est,2021,50,-0.6501048413680539,-0.9882721914807252,1.4747295800203546,0,172,5,2021-12-13,12,Sèche
Est,2021,51,-0.604969766095354,-1.2444374748610627,1.4573697207897944,0,220,4,2021-12-20,12,Sèche
Est,2021,52,-0.6218954193226165,-1.2188209465230295,0.48521760387837215,0,234,2,2021-12-27,12,Sèche
Est,2022,1,-0.7037027432543851,-1.1675878898469623,1.196971832331378,0,271,13,2022-01-03,1,Sèche
Est,2022,2,-0.5767603440499166,-0.19415981300167934,0.48521760387837215,0,171,4,2022-01-10,1,Sèche
Est,2022,3,-0.5993278816862666,0.3181707537589958,0.658816196183983,0,273,1,2022-01-17,1,Sèche
Est,2022,4,-0.6077907082998978,-0.42470856804398277,-1.3375676153305418,0,191,4,2022-01-24,1,Sèche
Est,2022,5,-0.6106116505044415,-0.5271746813961183,-0.6952528237997811,0,242,7,2022-01-31,1,Sèche
Est,2022,6,-0.5824022284590041,-0.9882721914807252,1.4573697207897944,0,291,3,2022-02-07,2,Sèche
Est,2022,7,-0.5965069394817228,0.4462533954491655,0.39841830772556674,0,236,8,2022-02-14,2,Sèche
Est,2022,8,-0.5965069394817228,0.06200547037865822,-0.9730105714887576,0,154,13,2022-02-21,2,Sèche
Est,2022,9,-0.7037027432543851,-1.0651217764948266,1.07545281771745,0,293,0,2022-02-28,2,Sèche
Est,2022,10,-0.6783142634134913,0.9329674338718065,1.0928126769480102,0,274,3,2022-03-07,3,Sèche
Est,2022,11,-0.661388610186229,1.3684484156183792,1.6483281723259653,0,205,7,2022-03-14,3,Sèche
Est,2022,12,-0.5739394018453728,2.623658304182035,1.0407330992563273,0,197,13,2022-03-21,3,Sèche
Est,2022,13,-0.6190744771180727,1.2659823022662446,1.196971832331378,0,246,11,2022-03-28,3,Sèche
Est,2022,14,-0.5739394018453728,2.008861624069223,-1.4417267707139074,0,286,1,2022-04-04,4,Sèche
Est,2022,15,-0.6698514367998601,1.9063955107170885,1.1101725361785728,0,208,9,2022-04-11,4,Sèche
Est,2022,16,-0.616253534913529,1.855162454041022,-0.452214794571925,0,270,2,2022-04-18,4,Sèche
Est,2022,17,-0.6218954193226165,2.4187260774777637,0.27689929311163863,0,255,12,2022-04-25,4,Sèche
Est,2022,18,-0.5767603440499166,0.984200490547873,-1.45908662994447,0,228,8,2022-05-02,5,Pluvieuse
Est,2022,19,-0.6670304945953164,0.4974864521252319,0.25953943388107853,0,290,8,2022-05-09,5,Pluvieuse
Est,2022,20,-0.5965069394817228,-1.0395052481567935,-1.5111662076361527,0,200,6,2022-05-16,5,Pluvieuse
Est,2022,21,-0.6585676679816851,-1.0395052481567935,-0.9382908530276374,0,259,1,2022-05-23,5,Pluvieuse
Est,2022,22,1.569976673607871,-1.0395052481567935,0.46785774464781205,0,155,2,2022-05-30,5,Pluvieuse
Est,2022,23,2.3175263578119627,0.6255690938154007,-1.5979655037889582,0,211,4,2022-06-06,6,Pluvieuse
Est,2022,24,0.5713631331993865,-0.3222424546918481,1.1622521138702555,0,209,7,2022-06-13,6,Pluvieuse
Est,2022,25,0.4415997917903743,0.06200547037865822,0.20745985618939577,0,202,7,2022-06-20,6,Pluvieuse
Est,2022,26,0.0692354207906004,-0.040460642973476436,0.06858098234490759,0,930,12,2022-06-27,6,Pluvieuse
Est,2022,27,2.6475765957435806,0.4462533954491655,1.4400098615592318,0,1332,2,2022-07-04,7,Pluvieuse
Est,2022,28,0.1961778199950688,-0.040460642973476436,-1.7194845184028862,0,1094,3,2022-07-11,7,Pluvieuse
Est,2022,29,0.28362702833592485,0.4462533954491655,1.2316915507924984,0,994,14,2022-07-18,7,Pluvieuse
Est,2022,30,1.5107368873124527,-0.8345730214525232,-0.2959760614968767,0,1225,14,2022-07-25,7,Pluvieuse
Est,2022,31,1.3189128174034783,-0.5271746813961183,-0.5390140907247304,0,1192,4,2022-08-01,8,Pluvieuse
Est,2022,32,0.5741840754039302,-0.783339964776456,1.4400098615592318,0,891,8,2022-08-08,8,Pluvieuse
Est,2022,33,0.21874535763141867,-0.629640794748253,0.7456154923367885,0,1256,12,2022-08-15,8,Pluvieuse
Est,2022,34,2.6193671736981434,-0.8089564931144891,-1.1466091637943685,0,955,14,2022-08-22,8,Pluvieuse
Est,2022,35,0.03256317213153173,-1.3212870598751643,0.6761760554145456,0,1093,4,2022-08-29,8,Pluvieuse
Est,2022,36,1.2850615109489532,0.523102980463266,0.9886535215646446,0,1146,9,2022-09-05,9,Pluvieuse
Est,2022,37,1.8238614720168078,-1.1419713615089282,0.6067366184923002,0,1043,0,2022-09-12,9,Pluvieuse
Est,2022,38,0.4049275431313057,0.08762199871669235,1.07545281771745,0,1470,3,2022-09-19,9,Pluvieuse
Est,2022,39,0.7377987232674672,0.4974864521252319,1.4573697207897944,0,1474,3,2022-09-26,9,Pluvieuse
Est,2022,40,2.534738907561831,-1.1932044181849955,0.48521760387837215,0,1174,2,2022-10-03,10,Pluvieuse
Est,2022,41,-0.6077907082998978,0.03638894204062502,-0.9556507122581974,0,1021,14,2022-10-10,10,Pluvieuse
Est,2022,42,-0.5711184596408291,-0.3990920397059496,-0.46957465380248753,0,1002,11,2022-10-17,10,Pluvieuse
Est,2022,43,-0.638821072549879,-0.4759416247200501,-1.5111662076361527,0,1122,2,2022-10-24,10,Pluvieuse
Est,2022,44,-0.6190744771180727,-1.1419713615089282,-0.573733809185853,0,1156,5,2022-10-31,10,Pluvieuse
Est,2022,45,-0.6021488238908103,-1.0651217764948266,-1.1292493045638083,0,922,7,2022-11-07,11,Sèche
Est,2022,46,-0.6106116505044415,-0.142926756325612,-0.8167718384137093,0,1140,2,2022-11-14,11,Sèche
Est,2022,47,-0.6472838991635101,-0.37347551136791546,1.196971832331378,0,282,2,2022-11-21,11,Sèche
Est,2022,48,-0.6247163615271603,-0.5784077380721857,1.2143316915619382,0,179,6,2022-11-28,11,Sèche
Est,2022,49,-0.6106116505044415,0.6255690938154007,1.4400098615592318,0,160,12,2022-12-05,12,Sèche
Est,2022,50,-0.616253534913529,-0.3990920397059496,0.5720169000311776,0,228,10,2022-12-12,12,Sèche
Est,2022,51,-0.6331791881407914,-0.296625926353814,-0.5216542314941703,0,165,7,2022-12-19,12,Sèche
Est,2022,52,-0.6585676679816851,-0.7064903797623544,1.2837711284841835,0,174,1,2022-12-26,12,Sèche
Est,2023,1,-0.5824022284590041,-1.3212870598751643,1.3879302838675491,0,275,8,2023-01-02,1,Sèche
Est,2023,2,-0.638821072549879,0.3437872820970299,-1.47644648917503,0,178,0,2023-01-09,1,Sèche
Est,2023,3,-0.7093446276634725,-0.4759416247200501,-0.6431732461080985,0,274,13,2023-01-16,1,Sèche
Est,2023,4,-0.6444629569589664,0.190088112068827,-1.059809867641563,0,273,3,2023-01-23,1,Sèche
Est,2023,5,-0.5880441128680916,-0.09169369964954377,-0.7994119791831467,0,167,1,2023-01-30,1,Sèche
Est,2023,6,-0.7037027432543851,0.3181707537589958,-0.3827753576496821,0,250,5,2023-02-06,2,Sèche
Est,2023,7,-0.6811352056180351,-0.6040242664102189,-0.07029789149958307,0,229,3,2023-02-13,2,Sèche
Est,2023,8,-0.6303582459362477,-0.9114226064666247,0.3116190115727613,0,215,13,2023-02-20,2,Sèche
Est,2023,9,-0.661388610186229,0.3950203387730972,-1.5111662076361527,0,272,4,2023-02-27,2,Sèche
Est,2023,10,-0.5739394018453728,2.5724252475059664,-1.667404940711201,0,234,3,2023-03-06,3,Sèche
Est,2023,11,-0.6190744771180727,1.5989971706606845,0.9886535215646446,0,212,3,2023-03-13,3,Sèche
Est,2023,12,-0.6077907082998978,1.7526963406888856,-0.5216542314941703,0,163,11,2023-03-20,3,Sèche
Est,2023,13,-0.6895980322316664,2.136944265759392,-0.452214794571925,0,182,5,2023-03-27,3,Sèche
Est,2023,14,-0.6642095523907726,1.3172153589423128,-0.08765775073014317,0,202,1,2023-04-03,4,Sèche
Est,2023,15,-0.5965069394817228,2.2906434357875947,0.22481971541995588,0,214,13,2023-04-10,4,Sèche
Est,2023,16,-0.7093446276634725,1.9576285673931568,0.6761760554145456,0,210,4,2023-04-17,4,Sèche
Est,2023,17,-0.6867770900271225,1.16351618891411,-0.8688514161053921,0,269,12,2023-04-24,4,Sèche
Est,2023,18,-0.7093446276634725,1.3684484156183792,-0.8167718384137093,0,214,6,2023-05-01,5,Pluvieuse
Est,2023,19,-0.6811352056180351,-1.1932044181849955,-1.5111662076361527,0,243,9,2023-05-08,5,Pluvieuse
Est,2023,20,-0.6416420147544227,-0.1685432846636452,-0.12237746919126584,0,263,13,2023-05-15,5,Pluvieuse
Est,2023,21,-0.5936859972771792,-1.2188209465230295,0.20745985618939577,0,146,14,2023-05-22,5,Pluvieuse
Est,2023,22,2.052357790584851,0.5999525654773665,1.56152887617316,0,274,5,2023-05-29,5,Pluvieuse
Est,2023,23,0.7631872031083611,-1.3725201165512315,0.1727401377282731,0,213,3,2023-06-05,6,Pluvieuse
Est,2023,24,1.6094698644714835,-1.1932044181849955,1.2316915507924984,0,182,0,2023-06-12,6,Pluvieuse
Est,2023,25,0.9550112730173353,0.2925542254209626,-1.45908662994447,0,282,8,2023-06-19,6,Pluvieuse
Est,2023,26,0.20464064660869996,-1.0138887198187594,0.9018542254118392,0,1069,14,2023-06-26,6,Pluvieuse
Est,2023,27,0.6080353818584552,-1.2188209465230295,-0.6084535276469758,0,1205,8,2023-07-03,7,Pluvieuse
Est,2023,28,0.36543435226769333,-0.783339964776456,1.266411269253621,0,1283,0,2023-07-10,7,Pluvieuse
Est,2023,29,0.6023934974493677,-0.962655663142692,1.7004077500176482,0,1372,4,2023-07-17,7,Pluvieuse
Est,2023,30,0.991683521676404,-1.295670531537131,-1.5111662076361527,0,1148,8,2023-07-24,7,Pluvieuse
Est,2023,31,1.6771724773805332,-0.3990920397059496,-1.7194845184028862,0,853,1,2023-07-31,7,Pluvieuse
Est,2023,32,0.08898201622240658,-0.7064903797623544,-1.5458859260972753,0,1370,1,2023-08-07,8,Pluvieuse
Est,2023,33,2.1905839586074944,-0.7577234364384218,-0.1918169061135087,0,944,5,2023-08-14,8,Pluvieuse
Est,2023,34,2.402154623948275,0.6255690938154007,0.9712936623340821,0,1069,5,2023-08-21,8,Pluvieuse
Est,2023,35,2.4952457166982183,-1.116354833170894,-0.6084535276469758,0,1399,8,2023-08-28,8,Pluvieuse
Est,2023,36,1.4994531184942774,0.3181707537589958,0.9365739438729619,0,1124,5,2023-09-04,9,Pluvieuse
Est,2023,37,0.9126971399491792,0.3437872820970299,-0.13973732842182593,0,1008,14,2023-09-11,9,Pluvieuse
Est,2023,38,2.029790252948501,-0.5015581530580843,-1.0771697268721256,0,1049,6,2023-09-18,9,Pluvieuse
Est,2023,39,1.4656018120397525,-0.296625926353814,0.762975351567351,0,1066,9,2023-09-25,9,Pluvieuse
Est,2023,40,1.569976673607871,-1.0907383048328607,0.8671345069507166,0,966,1,2023-10-02,10,Pluvieuse
Est,2023,41,-0.6811352056180351,-1.2188209465230295,1.2837711284841835,0,1290,11,2023-10-09,10,Pluvieuse
Est,2023,42,-0.661388610186229,0.4718699237871978,1.266411269253621,0,1438,1,2023-10-16,10,Pluvieuse
Est,2023,43,-0.5852231706635478,0.4974864521252319,1.3532105654064264,0,1412,12,2023-10-23,10,Pluvieuse
Est,2023,44,-0.6557467257771414,-0.962655663142692,-0.33069577995799937,0,1056,3,2023-10-30,10,Pluvieuse
Est,2023,45,-0.6134325927089853,-1.0138887198187594,-0.1570971876523885,0,1254,9,2023-11-06,11,Sèche
Est,2023,46,-0.6557467257771414,-0.42470856804398277,1.4226500023286717,0,912,2,2023-11-13,11,Sèche
Est,2023,47,-0.5993278816862666,0.4718699237871978,-0.7299725422609038,0,256,3,2023-11-20,11,Sèche
Est,2023,48,-0.6980608588452976,-0.040460642973476436,-0.08765775073014317,0,262,0,2023-11-27,11,Sèche
Est,2023,49,-0.6557467257771414,-1.1932044181849955,1.1622521138702555,0,173,4,2023-12-04,12,Sèche
Est,2023,50,-0.6134325927089853,-0.2710093980157808,0.5372971815700549,0,168,13,2023-12-11,12,Sèche
Est,2023,51,-0.6529257835725977,0.4974864521252319,0.3116190115727613,0,283,8,2023-12-18,12,Sèche
Est,2023,52,-0.6134325927089853,-1.0138887198187594,-1.354927474561102,0,176,10,2023-12-25,12,Sèche
Est,2024,1,-0.6867770900271225,-0.24539286967774668,-0.48693451303304763,0,268,11,2024-01-01,1,Sèche
Est,2024,2,-0.627537303731704,-0.014844114635443224,1.4226500023286717,0,243,9,2024-01-08,1,Sèche
Est,2024,3,-0.6134325927089853,-0.629640794748253,1.1796119731008157,0,260,11,2024-01-15,1,Sèche
Est,2024,4,-0.638821072549879,-0.5271746813961183,-0.2786162022663141,0,248,13,2024-01-22,1,Sèche
Est,2024,5,-0.69241897443621,-0.5784077380721857,1.5441690169426,0,147,4,2024-01-29,1,Sèche
Est,2024,6,-0.6247163615271603,-1.3469035882131983,-1.6326852222500807,0,234,5,2024-02-05,2,Sèche
Est,2024,7,-0.5993278816862666,-1.3469035882131983,0.12066056003659034,0,153,12,2024-02-12,2,Sèche
Est,2024,8,-0.5739394018453728,-0.3990920397059496,0.05122112311434501,0,224,12,2024-02-19,2,Sèche
Est,2024,9,-0.6077907082998978,-1.0907383048328607,-0.9730105714887576,0,221,7,2024-02-26,2,Sèche
Est,2024,10,-0.6218954193226165,1.2659823022662446,-0.1570971876523885,0,171,10,2024-03-04,3,Sèche
Est,2024,11,-0.6416420147544227,2.4187260774777637,0.27689929311163863,0,264,6,2024-03-11,3,Sèche
Est,2024,12,-0.604969766095354,1.3172153589423128,1.0060133807952047,0,245,7,2024-03-18,3,Sèche
Est,2024,13,-0.6980608588452976,2.623658304182035,-1.6500450814806409,0,247,1,2024-03-25,3,Sèche
Est,2024,14,-0.604969766095354,1.0866666039000095,-0.261256343035754,0,205,0,2024-04-01,4,Sèche
Est,2024,15,-0.6980608588452976,1.4709145289705157,0.762975351567351,1,225,9,2024-04-08,4,Sèche
Est,2024,16,-0.5908650550726353,1.0610500755619752,-1.5285260668667129,1,270,11,2024-04-15,4,Sèche
Est,2024,17,-0.7008818010498412,1.3172153589423128,-1.6847647999417636,0,264,8,2024-04-22,4,Sèche
Est,2024,18,-0.6839561478225789,2.3931095491397296,-1.1986887414860536,0,187,6,2024-04-29,4,Sèche
Est,2024,19,-0.6670304945953164,0.42063686711113135,1.5441690169426,0,246,11,2024-05-06,5,Pluvieuse
Est,2024,20,-0.6303582459362477,0.08762199871669235,0.13802041926715045,0,191,13,2024-05-13,5,Pluvieuse
Est,2024,21,-0.6585676679816851,-0.5784077380721857,1.6483281723259653,0,156,12,2024-05-20,5,Pluvieuse
Est,2024,22,0.6475285727220675,-1.3725201165512315,0.05122112311434501,0,222,9,2024-05-27,5,Pluvieuse
Est,2024,23,1.8379661830395266,-0.962655663142692,-1.354927474561102,0,262,13,2024-06-03,6,Pluvieuse
Est,2024,24,2.3259891844255938,-0.6552573230862871,-0.12237746919126584,0,173,10,2024-06-10,6,Pluvieuse
Est,2024,25,1.90848973815312,0.21570464040686113,0.3289788708033239,1,253,13,2024-06-17,6,Pluvieuse
Est,2024,26,2.5403807919709185,-0.9114226064666247,-0.1744570468829486,1,1360,3,2024-06-24,6,Pluvieuse
Est,2024,27,0.8393526426310419,-0.3990920397059496,-1.181328882255491,0,1026,7,2024-07-01,7,Pluvieuse
Est,2024,28,1.0565651923809103,-0.1685432846636452,-0.24389648380519394,0,842,0,2024-07-08,7,Pluvieuse
Est,2024,29,0.5826469020175614,-0.4503250963820169,1.07545281771745,0,819,13,2024-07-15,7,Pluvieuse
Est,2024,30,2.6560394223572117,-1.2188209465230295,1.1622521138702555,0,1024,7,2024-07-22,7,Pluvieuse
Est,2024,31,2.0946719236530074,0.010772413702590895,1.683047890787088,0,1221,13,2024-07-29,7,Pluvieuse
Est,2024,32,2.447289699220975,-0.7321069081003877,0.7803352107979111,0,1306,2,2024-08-05,8,Pluvieuse
Est,2024,33,0.47545109824489923,-1.1419713615089282,0.3289788708033239,0,1347,5,2024-08-12,8,Pluvieuse
Est,2024,34,0.42185319635856816,-1.3469035882131983,1.7177676092482108,0,1025,13,2024-08-19,8,Pluvieuse
Est,2024,35,1.8746384316985951,-0.2710093980157808,-0.40013521688024223,0,1158,8,2024-08-26,8,Pluvieuse
Est,2024,36,0.13975897590419395,-0.7577234364384218,0.06858098234490759,0,1092,13,2024-09-02,9,Pluvieuse
Est,2024,37,1.1158049786763287,-0.7577234364384218,-1.3375676153305418,0,1356,13,2024-09-09,9,Pluvieuse
Est,2024,38,2.2413609182892817,0.08762199871669235,-0.5042943722636102,0,1119,10,2024-09-16,9,Pluvieuse
Est,2024,39,1.9620876400394514,-0.9882721914807252,0.5893767592617402,0,954,10,2024-09-23,9,Pluvieuse
Est,2024,40,0.4528835606085494,0.3181707537589958,-1.5111662076361527,0,922,8,2024-09-30,9,Pluvieuse
Est,2024,41,-0.7037027432543851,0.08762199871669235,-0.20917676534407126,0,970,13,2024-10-07,10,Pluvieuse
Est,2024,42,-0.6331791881407914,-0.6552573230862871,0.6067366184923002,0,876,5,2024-10-14,10,Pluvieuse
Est,2024,43,-0.6190744771180727,0.523102980463266,-0.5216542314941703,0,1259,11,2024-10-21,10,Pluvieuse
Est,2024,44,-0.5739394018453728,0.3694038104350631,1.1275323954091327,0,1186,5,2024-10-28,10,Pluvieuse
Est,2024,45,-0.6895980322316664,0.08762199871669235,-0.573733809185853,0,1206,0,2024-11-04,11,Sèche
Est,2024,46,-0.6218954193226165,-0.34785898302988133,0.6935359146451057,0,1304,8,2024-11-11,11,Sèche
Est,2024,47,-0.6811352056180351,-1.0395052481567935,1.5094492984814771,0,263,0,2024-11-18,11,Sèche
Est,2024,48,-0.5711184596408291,0.5999525654773665,0.24217957465051843,0,244,11,2024-11-25,11,Sèche
Est,2024,49,-0.6867770900271225,-0.4759416247200501,-0.7299725422609038,0,251,4,2024-12-02,12,Sèche
Est,2024,50,-0.6839561478225789,-0.4503250963820169,1.4747295800203546,0,205,1,2024-12-09,12,Sèche
Est,2024,51,-0.5795812862544604,-0.7577234364384218,1.56152887617316,0,140,7,2024-12-16,12,Sèche
Est,2024,52,-0.6980608588452976,-0.6040242664102189,-1.4417267707139074,0,256,10,2024-12-23,12,Sèche
Est,2025,1,-0.6754933212089477,-0.34785898302988133,0.9365739438729619,0,272,14,2025-01-06,1,Sèche
Est,2025,2,-0.6106116505044415,0.5487195088013002,1.7004077500176482,0,245,4,2025-01-13,1,Sèche
Est,2025,3,-0.6839561478225789,0.523102980463266,-0.9730105714887576,0,179,8,2025-01-20,1,Sèche
Est,2025,4,-0.6698514367998601,0.21570464040686113,-1.285488037638859,0,204,1,2025-01-27,1,Sèche
Est,2025,5,-0.7008818010498412,0.03638894204062502,-0.9382908530276374,0,223,0,2025-02-03,2,Sèche
Est,2025,6,-0.6952399166407538,-1.270054003199097,1.2316915507924984,0,183,8,2025-02-10,2,Sèche
Est,2025,7,-0.5936859972771792,-0.4759416247200501,0.9886535215646446,0,248,7,2025-02-17,2,Sèche
Est,2025,8,-0.7093446276634725,-1.3469035882131983,-0.7820521199525866,0,190,9,2025-02-24,2,Sèche
Est,2025,9,-0.6867770900271225,-0.34785898302988133,-1.5979655037889582,0,186,3,2025-03-03,3,Sèche
Est,2025,10,-0.5739394018453728,2.6748913608581013,1.3879302838675491,0,246,9,2025-03-10,3,Sèche
Est,2025,11,-0.5824022284590041,2.3162599641256287,-0.6952528237997811,0,264,12,2025-03-17,3,Sèche
Est,2025,12,-0.6021488238908103,1.4709145289705157,-0.03557817303846041,0,219,7,2025-03-24,3,Sèche
Est,2025,13,-0.5767603440499166,1.1122831322380418,-0.8341316976442694,0,238,12,2025-03-31,3,Sèche
Est,2025,14,-0.5852231706635478,1.0866666039000095,-0.6605331053386585,0,207,8,2025-04-07,4,Sèche
Est,2025,15,-0.6557467257771414,1.5477641139846163,0.5025774631089347,1,200,12,2025-04-14,4,Sèche
Est,2025,16,-0.6670304945953164,1.6502302273367508,0.9192140846423993,1,246,2,2025-04-21,4,Sèche
Est,2025,17,-0.5682975174362854,0.984200490547873,0.38105844849500664,0,250,1,2025-04-28,4,Sèche
Est,2025,18,-0.5965069394817228,1.4709145289705157,-1.1986887414860536,0,224,5,2025-05-05,5,Pluvieuse
Est,2025,19,-0.5908650550726353,0.08762199871669235,0.05122112311434501,0,186,2,2025-05-12,5,Pluvieuse
Est,2025,20,-0.627537303731704,-0.11731022798757788,-1.3722873337916646,0,241,5,2025-05-19,5,Pluvieuse
Est,2025,21,-0.5824022284590041,0.2925542254209626,0.12066056003659034,0,266,1,2025-05-26,5,Pluvieuse
Est,2025,22,0.8167851049946921,-0.19415981300167934,0.27689929311163863,0,189,12,2025-06-02,6,Pluvieuse
Est,2025,23,1.4909902918806464,0.03638894204062502,-0.8341316976442694,0,199,8,2025-06-09,6,Pluvieuse
Est,2025,24,2.6560394223572117,0.010772413702590895,-1.0250901491804427,0,254,11,2025-06-16,6,Pluvieuse
Est,2025,25,0.45852544501763676,-1.3469035882131983,1.6656880315565255,1,224,11,2025-06-23,6,Pluvieuse
Est,2025,26,1.9818342354712577,-1.0907383048328607,-1.3375676153305418,1,1237,2,2025-06-30,6,Pluvieuse
Est,2025,27,1.770263570130477,0.5743360371393342,-0.747332401491464,0,1071,8,2025-07-07,7,Pluvieuse
Est,2025,28,1.8605337206758765,0.4718699237871978,-0.24389648380519394,0,1051,9,2025-07-14,7,Pluvieuse
Est,2025,29,2.0749253282212012,-0.296625926353814,-0.48693451303304763,0,1195,1,2025-07-21,7,Pluvieuse
Est,2025,30,1.0847746144263477,-0.7321069081003877,0.2942591523422012,0,1163,10,2025-07-28,7,Pluvieuse
Est,2025,31,1.5812604424260461,-0.21977634133971255,-1.2507683191777363,0,1297,1,2025-08-04,8,Pluvieuse
Est,2025,32,0.9550112730173353,-0.8089564931144891,1.1796119731008157,0,1152,3,2025-08-11,8,Pluvieuse
Est,2025,33,1.8041148765850017,0.3694038104350631,-0.261256343035754,0,945,2,2025-08-18,8,Pluvieuse
Est,2025,34,-0.10284205368656792,0.6255690938154007,0.6935359146451057,0,823,1,2025-08-25,8,Pluvieuse
Est,2025,35,0.10872861165421276,0.5743360371393342,-0.8341316976442694,0,1287,5,2025-09-01,9,Pluvieuse
Est,2025,36,0.5995725552448239,-0.5784077380721857,1.3879302838675491,0,1210,0,2025-09-08,9,Pluvieuse
Est,2025,37,2.1031347502666384,0.4462533954491655,1.4400098615592318,0,1153,2,2025-09-15,9,Pluvieuse
Est,2025,38,0.3033736237677309,0.42063686711113135,1.1622521138702555,0,1312,7,2025-09-22,9,Pluvieuse
Est,2025,39,1.8182195876077203,-1.2188209465230295,-1.2681281784082965,0,877,12,2025-09-29,9,Pluvieuse
Est,2025,40,1.6151117488805713,-0.8858060781285906,1.07545281771745,0,1114,3,2025-10-06,10,Pluvieuse
Est,2025,41,-0.5682975174362854,-0.34785898302988133,0.8671345069507166,0,1082,11,2025-10-13,10,Pluvieuse
Est,2025,42,-0.6077907082998978,0.3950203387730972,-0.3827753576496821,0,1095,2,2025-10-20,10,Pluvieuse
Est,2025,43,-0.5908650550726353,0.1644715837307938,0.7108957738756658,0,1285,10,2025-10-27,10,Pluvieuse
Est,2025,44,-0.6501048413680539,-0.5271746813961183,-1.45908662994447,0,1228,5,2025-11-03,11,Sèche
Est,2025,45,-0.6529257835725977,0.13885505539275966,1.4747295800203546,0,1085,5,2025-11-10,11,Sèche
Est,2025,46,-0.604969766095354,0.3950203387730972,-0.12237746919126584,0,1311,12,2025-11-17,11,Sèche
Est,2025,47,-0.6811352056180351,-1.1675878898469623,-1.4243669114833473,0,198,8,2025-11-24,11,Sèche
Est,2025,48,-0.5711184596408291,-1.1675878898469623,-1.2507683191777363,0,226,2,2025-12-01,12,Sèche
Est,2025,49,-0.6360001303453352,0.11323852705472555,-1.0771697268721256,0,153,3,2025-12-08,12,Sèche
Est,2025,50,-0.6980608588452976,-0.4503250963820169,-1.5111662076361527,0,248,5,2025-12-15,12,Sèche
Est,2025,51,-0.5767603440499166,-0.4759416247200501,0.7976950700284712,0,175,0,2025-12-22,12,Sèche
Est,2025,52,-0.616253534913529,-0.5784077380721857,-0.6258133868775358,0,227,7,2025-12-29,12,Sèche
Est,2026,1,-0.6783142634134913,-0.3222424546918481,-1.4417267707139074,0,254,11,2026-01-05,1,Sèche
Est,2026,2,-0.661388610186229,-1.270054003199097,-1.4417267707139074,0,212,2,2026-01-12,1,Sèche
Est,2026,3,-0.6021488238908103,0.03638894204062502,0.24217957465051843,0,226,7,2026-01-19,1,Sèche
Est,2026,4,-0.6501048413680539,-0.5271746813961183,-1.2334084599471737,0,165,6,2026-01-26,1,Sèche
Est,2026,5,-0.6642095523907726,-1.2444374748610627,-1.0424500084110029,0,215,3,2026-02-02,2,Sèche
Est,2026,6,-0.6021488238908103,-0.9114226064666247,-0.6258133868775358,0,194,6,2026-02-09,2,Sèche
Est,2026,7,-0.7008818010498412,-0.09169369964954377,-1.667404940711201,0,148,6,2026-02-16,2,Sèche
Est,2026,8,-0.6557467257771414,0.42063686711113135,0.20745985618939577,0,191,4,2026-02-23,2,Sèche
Est,2026,9,-0.6444629569589664,-0.296625926353814,1.3011309877147437,0,167,13,2026-03-02,3,Sèche
Est,2026,10,-0.5880441128680916,2.3931095491397296,1.266411269253621,0,265,0,2026-03-09,3,Sèche
Est,2026,11,-0.6416420147544227,1.7270798123508533,0.9365739438729619,0,212,11,2026-03-16,3,Sèche
Est,2026,12,-0.6501048413680539,2.136944265759392,0.10330070080602778,0,211,8,2026-03-23,3,Sèche
Est,2026,13,-0.5965069394817228,2.3418764924636633,-0.07029789149958307,0,178,8,2026-03-30,3,Sèche
Est,2026,14,-0.5936859972771792,1.009817018885907,-1.3202077560999792,0,188,8,2026-04-06,4,Sèche
Est,2026,15,-0.5824022284590041,1.9063955107170885,-0.6778929645692211,1,176,8,2026-04-13,4,Sèche
Est,2026,16,-0.6726723790044038,2.495575662491866,0.1727401377282731,1,225,0,2026-04-20,4,Sèche
Est,2026,17,-0.5936859972771792,2.3674930208016973,-1.4417267707139074,0,161,5,2026-04-27,4,Sèche
Est,2026,18,-0.6077907082998978,2.5724252475059664,-0.6952528237997811,0,192,10,2026-05-04,5,Pluvieuse
Est,2026,19,-0.6190744771180727,0.08762199871669235,0.8497746477201564,0,201,14,2026-05-11,5,Pluvieuse
Est,2026,20,-0.6360001303453352,-0.8601895497905564,-0.6258133868775358,0,159,14,2026-05-18,5,Pluvieuse
Est,2026,21,-0.5936859972771792,-0.1685432846636452,0.9712936623340821,0,266,6,2026-05-25,5,Pluvieuse
Est,2026,22,0.64188668831298,-0.629640794748253,-1.2681281784082965,0,177,5,2026-06-01,6,Pluvieuse
Est,2026,23,2.207509611834757,0.21570464040686113,0.9018542254118392,0,154,7,2026-06-08,6,Pluvieuse
Est,2026,24,1.5304834827442588,-0.937039134804658,-0.5910936684164156,0,238,10,2026-06-15,6,Pluvieuse
Est,2026,25,2.2498237449029133,0.24132116874489434,-0.8341316976442694,1,264,1,2026-06-22,6,Pluvieuse
Est,2026,26,0.1961778199950688,-0.1685432846636452,1.7177676092482108,1,979,1,2026-06-29,6,Pluvieuse
Est,2026,27,0.27798514392683726,-0.4503250963820169,-0.1918169061135087,0,830,0,2026-07-06,7,Pluvieuse
Est,2026,28,1.888743142721314,0.21570464040686113,0.4504978854172495,0,1255,0,2026-07-13,7,Pluvieuse
Est,2026,29,0.577005017608474,0.1644715837307938,0.762975351567351,0,1001,1,2026-07-20,7,Pluvieuse
Est,2026,30,0.356971525654062,-1.3469035882131983,0.6935359146451057,0,1204,7,2026-07-27,7,Pluvieuse
Est,2026,31,0.08051918960877533,-1.116354833170894,0.7108957738756658,0,1211,9,2026-08-03,8,Pluvieuse
Est,2026,32,1.3894363725170717,0.42063686711113135,-1.1986887414860536,0,1123,6,2026-08-10,8,Pluvieuse
Est,2026,33,1.10170026765361,-1.3725201165512315,-1.6847647999417636,0,903,12,2026-08-17,8,Pluvieuse
Est,2026,34,1.2201798402444473,-0.06607717131151056,0.8671345069507166,0,993,5,2026-08-24,8,Pluvieuse
Est,2026,35,1.3527641238580028,0.2925542254209626,-0.3133359207274368,0,928,13,2026-08-31,8,Pluvieuse
Est,2026,36,0.2751642017222935,0.2925542254209626,0.38105844849500664,0,990,6,2026-09-07,9,Pluvieuse
Est,2026,37,1.3753316614943532,0.2925542254209626,-1.0250901491804427,0,1144,3,2026-09-14,9,Pluvieuse
Est,2026,38,2.4219012193800813,-0.7064903797623544,0.9018542254118392,0,1072,1,2026-09-21,9,Pluvieuse
Est,2026,39,2.447289699220975,0.3437872820970299,0.36369858926444404,0,1075,8,2026-09-28,9,Pluvieuse
Est,2026,40,0.7801128563356233,-0.37347551136791546,-0.3654154984191196,0,1141,12,2026-10-05,10,Pluvieuse
Est,2026,41,-0.6303582459362477,-0.19415981300167934,-0.05293803226902051,0,942,1,2026-10-12,10,Pluvieuse
Est,2026,42,-0.6811352056180351,0.5743360371393342,0.9365739438729619,0,984,7,2026-10-19,10,Pluvieuse
Est,2026,43,-0.6303582459362477,0.1644715837307938,1.56152887617316,0,1235,6,2026-10-26,10,Pluvieuse
Est,2026,44,-0.6726723790044038,-0.937039134804658,0.27689929311163863,0,973,1,2026-11-02,11,Sèche
Est,2026,45,-0.6783142634134913,-1.2444374748610627,0.39841830772556674,0,965,12,2026-11-09,11,Sèche
Est,2026,46,-0.6839561478225789,0.2925542254209626,-1.667404940711201,0,1276,6,2026-11-16,11,Sèche
Est,2026,47,-0.5795812862544604,-0.2710093980157808,0.6935359146451057,0,204,5,2026-11-23,11,Sèche
Est,2026,48,-0.6444629569589664,-0.11731022798757788,0.25953943388107853,0,222,4,2026-11-30,11,Sèche
Est,2026,49,-0.5852231706635478,-0.5527912097341515,-0.4348549353413649,0,229,10,2026-12-07,12,Sèche
Est,2026,50,-0.6698514367998601,-1.1419713615089282,-0.1744570468829486,0,265,6,2026-12-14,12,Sèche
Est,2026,51,-0.6218954193226165,0.3950203387730972,-1.45908662994447,0,189,7,2026-12-21,12,Sèche
Est,2026,52,-0.6529257835725977,-1.0138887198187594,-1.3896471930222245,0,168,8,2026-12-28,12,Sèche
Boucle du Mouhoun,2013,1,-0.6895980322316664,0.26693769708292847,0.5893767592617402,0,204,12,2013-01-07,1,Sèche
Boucle du Mouhoun,2013,2,-0.6247163615271603,-0.2710093980157808,1.266411269253621,0,338,1,2013-01-14,1,Sèche
Boucle du Mouhoun,2013,3,-0.6331791881407914,-0.014844114635443224,-1.1466091637943685,0,345,4,2013-01-21,1,Sèche
Boucle du Mouhoun,2013,4,-0.627537303731704,-1.2188209465230295,-1.47644648917503,0,266,3,2013-01-28,1,Sèche
Boucle du Mouhoun,2013,5,-0.6529257835725977,-0.5527912097341515,-1.4417267707139074,0,204,4,2013-02-04,2,Sèche
Boucle du Mouhoun,2013,6,-0.6077907082998978,-0.09169369964954377,-0.4174950761108048,0,331,6,2013-02-11,2,Sèche
Boucle du Mouhoun,2013,7,-0.661388610186229,0.6255690938154007,0.7803352107979111,0,182,3,2013-02-18,2,Sèche
Boucle du Mouhoun,2013,8,-0.6585676679816851,0.6511856221534348,-1.2160486007166138,0,236,14,2013-02-25,2,Sèche
Boucle du Mouhoun,2013,9,-0.6980608588452976,-0.040460642973476436,-0.4348549353413649,0,318,9,2013-03-04,3,Sèche
Boucle du Mouhoun,2013,10,-0.6190744771180727,2.4187260774777637,-0.3827753576496821,0,216,5,2013-03-11,3,Sèche
Boucle du Mouhoun,2013,11,-0.5852231706635478,1.0866666039000095,-1.0424500084110029,0,230,13,2013-03-18,3,Sèche
Boucle du Mouhoun,2013,12,-0.6472838991635101,1.2403657739282106,-1.0077302899498801,0,233,1,2013-03-25,3,Sèche
Boucle du Mouhoun,2013,13,-0.7008818010498412,1.035433547223941,-1.3896471930222245,0,217,4,2013-04-01,4,Sèche
Boucle du Mouhoun,2013,14,-0.7065236854589287,2.2394103791115283,1.7004077500176482,0,230,4,2013-04-08,4,Sèche
Boucle du Mouhoun,2013,15,-0.6839561478225789,1.9576285673931568,1.56152887617316,0,305,4,2013-04-15,4,Sèche
Boucle du Mouhoun,2013,16,-0.6134325927089853,2.6748913608581013,-0.3133359207274368,0,214,10,2013-04-22,4,Sèche
Boucle du Mouhoun,2013,17,-0.6698514367998601,2.162560794097426,-0.3654154984191196,0,200,3,2013-04-29,4,Sèche
Boucle du Mouhoun,2013,18,-0.6726723790044038,2.4187260774777637,0.6935359146451057,0,276,9,2013-05-06,5,Pluvieuse
Boucle du Mouhoun,2013,19,-0.6557467257771414,-0.962655663142692,0.762975351567351,0,245,11,2013-05-13,5,Pluvieuse
Boucle du Mouhoun,2013,20,-0.6952399166407538,0.24132116874489434,-1.5806056445583956,0,273,6,2013-05-20,5,Pluvieuse
Boucle du Mouhoun,2013,21,-0.6190744771180727,0.6255690938154007,-1.47644648917503,0,204,9,2013-05-27,5,Pluvieuse
Boucle du Mouhoun,2013,22,2.4811410056754997,-0.040460642973476436,-0.2959760614968767,0,225,8,2013-06-03,6,Pluvieuse
Boucle du Mouhoun,2013,23,1.7900101655622829,-0.1685432846636452,0.9539338031035219,0,316,11,2013-06-10,6,Pluvieuse
Boucle du Mouhoun,2013,24,1.6940981306077958,0.3694038104350631,0.7803352107979111,0,189,9,2013-06-17,6,Pluvieuse
Boucle du Mouhoun,2013,25,0.8224269894037795,0.5487195088013002,-0.6258133868775358,0,357,3,2013-06-24,6,Pluvieuse
Boucle du Mouhoun,2013,26,0.2131034732223313,-0.3222424546918481,0.1727401377282731,0,1107,14,2013-07-01,7,Pluvieuse
Boucle du Mouhoun,2013,27,0.2751642017222935,-0.142926756325612,1.0233732400257674,0,1716,13,2013-07-08,7,Pluvieuse
Boucle du Mouhoun,2013,28,0.04102599874516298,-1.295670531537131,-0.12237746919126584,0,1502,10,2013-07-15,7,Pluvieuse
Boucle du Mouhoun,2013,29,0.4698092138358117,-0.11731022798757788,0.8671345069507166,0,1144,13,2013-07-22,7,Pluvieuse
Boucle du Mouhoun,2013,30,0.12001238047238769,-1.295670531537131,-0.8688514161053921,0,1099,7,2013-07-29,7,Pluvieuse
Boucle du Mouhoun,2013,31,1.0763117878127162,-0.5271746813961183,1.6656880315565255,0,1320,4,2013-08-05,8,Pluvieuse
Boucle du Mouhoun,2013,32,0.5459746533584928,-0.5527912097341515,0.10330070080602778,0,1438,1,2013-08-12,8,Pluvieuse
Boucle du Mouhoun,2013,33,1.0847746144263477,-1.270054003199097,-0.5390140907247304,0,1208,14,2013-08-19,8,Pluvieuse
Boucle du Mouhoun,2013,34,1.5445881937669776,-1.3212870598751643,-1.0771697268721256,0,1777,7,2013-08-26,8,Pluvieuse
Boucle du Mouhoun,2013,35,-0.08591640045930543,-0.9882721914807252,-0.3654154984191196,0,1689,5,2013-09-02,9,Pluvieuse
Boucle du Mouhoun,2013,36,1.1129840364717847,-0.7577234364384218,-1.7368443776334463,0,1448,7,2013-09-09,9,Pluvieuse
Boucle du Mouhoun,2013,37,1.1637609961535724,0.08762199871669235,-1.3896471930222245,0,1261,10,2013-09-16,9,Pluvieuse
Boucle du Mouhoun,2013,38,2.3541986064710314,-0.142926756325612,-0.46957465380248753,0,1637,0,2013-09-23,9,Pluvieuse
Boucle du Mouhoun,2013,39,1.2709567999262346,-0.7321069081003877,1.56152887617316,0,1710,13,2013-09-30,9,Pluvieuse
Boucle du Mouhoun,2013,40,2.0382530795621325,-1.3725201165512315,0.3116190115727613,0,1670,2,2013-10-07,10,Pluvieuse
Boucle du Mouhoun,2013,41,-0.7065236854589287,-0.2710093980157808,0.9886535215646446,0,1231,13,2013-10-14,10,Pluvieuse
Boucle du Mouhoun,2013,42,-0.604969766095354,-1.295670531537131,0.9018542254118392,0,1538,6,2013-10-21,10,Pluvieuse
Boucle du Mouhoun,2013,43,-0.5965069394817228,0.2925542254209626,-0.9035711345665147,0,1105,8,2013-10-28,10,Pluvieuse
Boucle du Mouhoun,2013,44,-0.6501048413680539,0.24132116874489434,-0.7646922607220265,0,1692,12,2013-11-04,11,Sèche
Boucle du Mouhoun,2013,45,-0.638821072549879,-0.6040242664102189,1.4400098615592318,0,1086,2,2013-11-11,11,Sèche
Boucle du Mouhoun,2013,46,-0.638821072549879,-0.19415981300167934,1.0407330992563273,0,1637,2,2013-11-18,11,Sèche
Boucle du Mouhoun,2013,47,-0.6952399166407538,-0.296625926353814,1.6309683130954054,0,243,3,2013-11-25,11,Sèche
Boucle du Mouhoun,2013,48,-0.6360001303453352,-0.7064903797623544,-1.6500450814806409,0,235,2,2013-12-02,12,Sèche
Boucle du Mouhoun,2013,49,-0.69241897443621,0.21570464040686113,-1.354927474561102,0,314,2,2013-12-09,12,Sèche
Boucle du Mouhoun,2013,50,-0.616253534913529,-1.0138887198187594,1.144892254639693,0,232,7,2013-12-16,12,Sèche
Boucle du Mouhoun,2013,51,-0.6952399166407538,-0.8601895497905564,0.08594084157546768,0,344,9,2013-12-23,12,Sèche
Boucle du Mouhoun,2013,52,-0.6472838991635101,0.4462533954491655,-0.6084535276469758,0,341,10,2013-12-30,12,Sèche
Boucle du Mouhoun,2014,1,-0.6134325927089853,-0.21977634133971255,-0.9730105714887576,0,263,8,2014-01-06,1,Sèche
Boucle du Mouhoun,2014,2,-0.6416420147544227,-1.270054003199097,-1.47644648917503,0,337,5,2014-01-13,1,Sèche
Boucle du Mouhoun,2014,3,-0.6980608588452976,-0.3990920397059496,0.5372971815700549,0,337,12,2014-01-20,1,Sèche
Boucle du Mouhoun,2014,4,-0.6557467257771414,-1.116354833170894,-1.6847647999417636,0,220,5,2014-01-27,1,Sèche
Boucle du Mouhoun,2014,5,-0.616253534913529,-1.2444374748610627,-1.7021246591723236,0,322,6,2014-02-03,2,Sèche
Boucle du Mouhoun,2014,6,-0.6726723790044038,-1.0395052481567935,0.4504978854172495,0,283,5,2014-02-10,2,Sèche
Boucle du Mouhoun,2014,7,-0.5965069394817228,-0.5527912097341515,1.5094492984814771,0,336,12,2014-02-17,2,Sèche
Boucle du Mouhoun,2014,8,-0.7065236854589287,0.2925542254209626,1.4400098615592318,0,213,6,2014-02-24,2,Sèche
Boucle du Mouhoun,2014,9,-0.6867770900271225,-1.1675878898469623,-1.5111662076361527,0,303,4,2014-03-03,3,Sèche
Boucle du Mouhoun,2014,10,-0.5824022284590041,2.2394103791115283,-0.1918169061135087,0,276,10,2014-03-10,3,Sèche
Boucle du Mouhoun,2014,11,-0.6867770900271225,2.623658304182035,0.4331380261866894,0,261,1,2014-03-17,3,Sèche
Boucle du Mouhoun,2014,12,-0.6331791881407914,1.9320120390551225,1.6309683130954054,0,286,11,2014-03-24,3,Sèche
Boucle du Mouhoun,2014,13,-0.6077907082998978,1.035433547223941,0.7282556331062283,0,239,4,2014-03-31,3,Sèche
Boucle du Mouhoun,2014,14,-0.5767603440499166,2.6492748325200672,1.5441690169426,0,281,8,2014-04-07,4,Sèche
Boucle du Mouhoun,2014,15,-0.6416420147544227,2.623658304182035,-0.40013521688024223,0,350,13,2014-04-14,4,Sèche
Boucle du Mouhoun,2014,16,-0.6811352056180351,1.2915988306042787,0.6935359146451057,0,268,2,2014-04-21,4,Sèche
Boucle du Mouhoun,2014,17,-0.5908650550726353,1.1122831322380418,1.5441690169426,0,295,14,2014-04-28,4,Sèche
Boucle du Mouhoun,2014,18,-0.5936859972771792,1.9320120390551225,0.48521760387837215,0,226,0,2014-05-05,5,Pluvieuse
Boucle du Mouhoun,2014,19,-0.6585676679816851,-0.7577234364384218,0.10330070080602778,0,252,2,2014-05-12,5,Pluvieuse
Boucle du Mouhoun,2014,20,-0.6839561478225789,-0.34785898302988133,1.56152887617316,0,217,1,2014-05-19,5,Pluvieuse
Boucle du Mouhoun,2014,21,-0.6698514367998601,0.4718699237871978,1.144892254639693,0,216,7,2014-05-26,5,Pluvieuse
Boucle du Mouhoun,2014,22,0.6052144396539114,-0.629640794748253,-1.354927474561102,0,273,6,2014-06-02,6,Pluvieuse
Boucle du Mouhoun,2014,23,1.6856353039941647,-1.3469035882131983,-0.7126126830303413,0,261,8,2014-06-09,6,Pluvieuse
Boucle du Mouhoun,2014,24,0.9521903308127918,-0.8601895497905564,1.0233732400257674,0,225,6,2014-06-16,6,Pluvieuse
Boucle du Mouhoun,2014,25,2.2498237449029133,-0.5784077380721857,-0.9730105714887576,0,332,11,2014-06-23,6,Pluvieuse
Boucle du Mouhoun,2014,26,1.0875955566308912,-0.34785898302988133,0.5720169000311776,0,1664,9,2014-06-30,6,Pluvieuse
Boucle du Mouhoun,2014,27,1.5304834827442588,-0.21977634133971255,0.5025774631089347,0,1673,6,2014-07-07,7,Pluvieuse
Boucle du Mouhoun,2014,28,2.36830331749375,-0.24539286967774668,-1.1639690230249309,0,1456,7,2014-07-14,7,Pluvieuse
Boucle du Mouhoun,2014,29,2.148269825539338,-0.5271746813961183,-0.8514915568748319,0,1580,11,2014-07-21,7,Pluvieuse
Boucle du Mouhoun,2014,30,2.1003138080620944,-0.5015581530580843,0.2942591523422012,0,1566,12,2014-07-28,7,Pluvieuse
Boucle du Mouhoun,2014,31,0.7011264746083986,-0.06607717131151056,0.27689929311163863,0,1158,14,2014-08-04,8,Pluvieuse
Boucle du Mouhoun,2014,32,1.7618007435168455,0.42063686711113135,1.7004077500176482,0,1543,9,2014-08-11,8,Pluvieuse
Boucle du Mouhoun,2014,33,2.6193671736981434,-1.3725201165512315,1.0060133807952047,0,1651,0,2014-08-18,8,Pluvieuse
Boucle du Mouhoun,2014,34,1.3160918751989343,-0.5015581530580843,0.13802041926715045,0,1360,2,2014-08-25,8,Pluvieuse
Boucle du Mouhoun,2014,35,2.2977797623801566,-0.6040242664102189,-1.5285260668667129,0,1447,10,2014-09-01,9,Pluvieuse
Boucle du Mouhoun,2014,36,0.004353750086094309,0.523102980463266,-1.2160486007166138,0,1117,3,2014-09-08,9,Pluvieuse
Boucle du Mouhoun,2014,37,1.3837944881079842,-1.0395052481567935,-0.6084535276469758,0,1188,0,2014-09-15,9,Pluvieuse
Boucle du Mouhoun,2014,38,-0.043602267391149294,0.08762199871669235,1.3358507061758664,0,1529,5,2014-09-22,9,Pluvieuse
Boucle du Mouhoun,2014,39,2.5883368094481622,-0.6552573230862871,1.57888873540372,0,1714,13,2014-09-29,9,Pluvieuse
Boucle du Mouhoun,2014,40,1.58408138463059,-0.34785898302988133,0.016501404653222352,0,1059,4,2014-10-06,10,Pluvieuse
Boucle du Mouhoun,2014,41,-0.6811352056180351,-0.7321069081003877,-1.3202077560999792,0,1288,12,2014-10-13,10,Pluvieuse
Boucle du Mouhoun,2014,42,-0.6529257835725977,0.523102980463266,-1.2681281784082965,0,1548,9,2014-10-20,10,Pluvieuse
Boucle du Mouhoun,2014,43,-0.7008818010498412,-1.116354833170894,0.08594084157546768,0,1197,11,2014-10-27,10,Pluvieuse
Boucle du Mouhoun,2014,44,-0.6811352056180351,-0.19415981300167934,1.5441690169426,0,1179,11,2014-11-03,11,Sèche
Boucle du Mouhoun,2014,45,-0.6077907082998978,0.21570464040686113,-1.3028478968694193,0,1273,2,2014-11-10,11,Sèche
Boucle du Mouhoun,2014,46,-0.6190744771180727,-0.5527912097341515,-0.6084535276469758,0,1754,12,2014-11-17,11,Sèche
Boucle du Mouhoun,2014,47,-0.6895980322316664,-1.116354833170894,1.0060133807952047,0,260,0,2014-11-24,11,Sèche
Boucle du Mouhoun,2014,48,-0.6247163615271603,0.3181707537589958,-0.7126126830303413,0,273,11,2014-12-01,12,Sèche
Boucle du Mouhoun,2014,49,-0.69241897443621,-0.8858060781285906,-1.0771697268721256,0,314,11,2014-12-08,12,Sèche
Boucle du Mouhoun,2014,50,-0.6529257835725977,-0.142926756325612,0.08594084157546768,0,288,14,2014-12-15,12,Sèche
Boucle du Mouhoun,2014,51,-0.5965069394817228,-0.9882721914807252,0.3116190115727613,0,307,6,2014-12-22,12,Sèche
Boucle du Mouhoun,2014,52,-0.6106116505044415,-0.19415981300167934,-1.1292493045638083,0,268,8,2014-12-29,12,Sèche
Boucle du Mouhoun,2015,1,-0.6360001303453352,0.08762199871669235,0.4504978854172495,0,174,2,2015-01-05,1,Sèche
Boucle du Mouhoun,2015,2,-0.5908650550726353,0.4462533954491655,-1.3028478968694193,0,338,5,2015-01-12,1,Sèche
Boucle du Mouhoun,2015,3,-0.6218954193226165,0.06200547037865822,-1.5979655037889582,0,266,10,2015-01-19,1,Sèche
Boucle du Mouhoun,2015,4,-0.6021488238908103,0.3181707537589958,-0.6778929645692211,0,236,8,2015-01-26,1,Sèche
Boucle du Mouhoun,2015,5,-0.6247163615271603,0.3950203387730972,1.3011309877147437,0,188,2,2015-02-02,2,Sèche
Boucle du Mouhoun,2015,6,-0.5682975174362854,0.4462533954491655,1.6309683130954054,0,328,0,2015-02-09,2,Sèche
Boucle du Mouhoun,2015,7,-0.69241897443621,0.13885505539275966,0.05122112311434501,0,210,13,2015-02-16,2,Sèche
Boucle du Mouhoun,2015,8,-0.627537303731704,-0.2710093980157808,1.0928126769480102,0,343,3,2015-02-23,2,Sèche
Boucle du Mouhoun,2015,9,-0.627537303731704,-0.4759416247200501,-0.7646922607220265,0,288,2,2015-03-02,3,Sèche
Boucle du Mouhoun,2015,10,-0.6472838991635101,1.3172153589423128,-0.8688514161053921,0,315,5,2015-03-09,3,Sèche
Boucle du Mouhoun,2015,11,-0.5711184596408291,2.4443426058157978,0.08594084157546768,0,243,1,2015-03-16,3,Sèche
Boucle du Mouhoun,2015,12,-0.6980608588452976,1.2403657739282106,-1.354927474561102,0,312,5,2015-03-23,3,Sèche
Boucle du Mouhoun,2015,13,-0.6839561478225789,1.6246136989987168,0.1727401377282731,0,197,11,2015-03-30,3,Sèche
Boucle du Mouhoun,2015,14,-0.6585676679816851,1.4196814722944475,-1.0077302899498801,0,233,11,2015-04-06,4,Sèche
Boucle du Mouhoun,2015,15,-0.5993278816862666,1.0866666039000095,-0.05293803226902051,0,291,2,2015-04-13,4,Sèche
Boucle du Mouhoun,2015,16,-0.6218954193226165,2.2394103791115283,-1.2681281784082965,0,309,9,2015-04-20,4,Sèche
Boucle du Mouhoun,2015,17,-0.6698514367998601,2.2394103791115283,1.7177676092482108,0,280,14,2015-04-27,4,Sèche
Boucle du Mouhoun,2015,18,-0.5880441128680916,2.18817732243546,0.1727401377282731,0,339,6,2015-05-04,5,Pluvieuse
Boucle du Mouhoun,2015,19,-0.6529257835725977,-1.295670531537131,1.144892254639693,0,250,6,2015-05-11,5,Pluvieuse
Boucle du Mouhoun,2015,20,-0.6952399166407538,-1.3725201165512315,-1.3028478968694193,0,302,14,2015-05-18,5,Pluvieuse
Boucle du Mouhoun,2015,21,-0.7037027432543851,-0.6552573230862871,-0.6431732461080985,0,188,3,2015-05-25,5,Pluvieuse
Boucle du Mouhoun,2015,22,2.1680164209711443,-1.1675878898469623,-0.5910936684164156,0,269,3,2015-06-01,6,Pluvieuse
Boucle du Mouhoun,2015,23,1.5304834827442588,0.1644715837307938,0.9365739438729619,0,276,4,2015-06-08,6,Pluvieuse
Boucle du Mouhoun,2015,24,1.5530510203806087,0.3950203387730972,-1.1292493045638083,0,285,4,2015-06-15,6,Pluvieuse
Boucle du Mouhoun,2015,25,2.5206341965391124,-0.4503250963820169,-1.3202077560999792,0,199,2,2015-06-22,6,Pluvieuse
Boucle du Mouhoun,2015,26,1.6687096507669021,-0.8858060781285906,-1.1292493045638083,0,1496,12,2015-06-29,6,Pluvieuse
Boucle du Mouhoun,2015,27,1.4261086211761405,-0.8089564931144891,1.7351274684787708,0,1705,14,2015-07-06,7,Pluvieuse
Boucle du Mouhoun,2015,28,0.9239809087673543,-0.9882721914807252,0.3289788708033239,0,1039,12,2015-07-13,7,Pluvieuse
Boucle du Mouhoun,2015,29,1.736412263675952,-1.2188209465230295,-0.6952528237997811,0,1045,14,2015-07-20,7,Pluvieuse
Boucle du Mouhoun,2015,30,2.0805672126302888,0.4462533954491655,0.2942591523422012,0,1483,4,2015-07-27,7,Pluvieuse
Boucle du Mouhoun,2015,31,2.0946719236530074,0.13885505539275966,-0.3480556391885595,0,1596,8,2015-08-03,8,Pluvieuse
Boucle du Mouhoun,2015,32,2.3654823752892065,0.03638894204062502,1.57888873540372,0,1706,5,2015-08-10,8,Pluvieuse
Boucle du Mouhoun,2015,33,0.05795165197242537,-0.6552573230862871,1.3532105654064264,0,1518,10,2015-08-17,8,Pluvieuse
Boucle du Mouhoun,2015,34,2.4077965083573627,0.1644715837307938,1.266411269253621,0,1505,7,2015-08-24,8,Pluvieuse
Boucle du Mouhoun,2015,35,0.7152311856311173,-0.9882721914807252,1.3358507061758664,0,1562,3,2015-08-31,8,Pluvieuse
Boucle du Mouhoun,2015,36,2.514992312130025,-0.4759416247200501,0.3289788708033239,0,1538,13,2015-09-07,9,Pluvieuse
Boucle du Mouhoun,2015,37,-0.14233524455018026,-1.270054003199097,1.0580929584868874,0,1541,6,2015-09-14,9,Pluvieuse
Boucle du Mouhoun,2015,38,0.7688290875174484,-1.1419713615089282,-1.45908662994447,0,1446,4,2015-09-21,9,Pluvieuse
Boucle du Mouhoun,2015,39,1.99875988869852,-0.19415981300167934,-1.7368443776334463,0,1177,2,2015-09-28,9,Pluvieuse
Boucle du Mouhoun,2015,40,0.7095893012220298,-0.3222424546918481,-1.3202077560999792,0,1098,12,2015-10-05,10,Pluvieuse
Boucle du Mouhoun,2015,41,-0.5852231706635478,0.11323852705472555,0.4331380261866894,0,1394,1,2015-10-12,10,Pluvieuse
Boucle du Mouhoun,2015,42,-0.7065236854589287,-0.8601895497905564,0.4157781669561293,0,1079,1,2015-10-19,10,Pluvieuse
Boucle du Mouhoun,2015,43,-0.6190744771180727,-0.937039134804658,1.1275323954091327,0,1572,7,2015-10-26,10,Pluvieuse
Boucle du Mouhoun,2015,44,-0.6895980322316664,-0.24539286967774668,0.6935359146451057,0,1541,4,2015-11-02,11,Sèche
Boucle du Mouhoun,2015,45,-0.6867770900271225,0.21570464040686113,-1.5111662076361527,0,1608,2,2015-11-09,11,Sèche
Boucle du Mouhoun,2015,46,-0.7093446276634725,-1.0651217764948266,1.144892254639693,0,1303,7,2015-11-16,11,Sèche
Boucle du Mouhoun,2015,47,-0.5936859972771792,-0.5015581530580843,-0.07029789149958307,0,267,8,2015-11-23,11,Sèche
Boucle du Mouhoun,2015,48,-0.6726723790044038,-0.42470856804398277,1.683047890787088,0,336,8,2015-11-30,11,Sèche
Boucle du Mouhoun,2015,49,-0.661388610186229,0.190088112068827,-1.1466091637943685,0,205,10,2015-12-07,12,Sèche
Boucle du Mouhoun,2015,50,-0.5739394018453728,0.11323852705472555,0.3289788708033239,0,293,1,2015-12-14,12,Sèche
Boucle du Mouhoun,2015,51,-0.5852231706635478,-1.270054003199097,0.36369858926444404,0,275,3,2015-12-21,12,Sèche
Boucle du Mouhoun,2015,52,-0.6444629569589664,0.6511856221534348,1.249051410023061,0,238,5,2015-12-28,12,Sèche
Boucle du Mouhoun,2016,1,-0.6698514367998601,-0.21977634133971255,0.46785774464781205,0,249,10,2016-01-04,1,Sèche
Boucle du Mouhoun,2016,2,-0.5993278816862666,-0.040460642973476436,1.2143316915619382,0,292,0,2016-01-11,1,Sèche
Boucle du Mouhoun,2016,3,-0.6895980322316664,-0.8601895497905564,-0.13973732842182593,0,319,10,2016-01-18,1,Sèche
Boucle du Mouhoun,2016,4,-0.6303582459362477,-0.296625926353814,-1.5458859260972753,0,323,7,2016-01-25,1,Sèche
Boucle du Mouhoun,2016,5,-0.5936859972771792,-1.3725201165512315,-0.9209309937970748,0,298,6,2016-02-01,2,Sèche
Boucle du Mouhoun,2016,6,-0.6190744771180727,-1.3469035882131983,-1.0250901491804427,0,221,14,2016-02-08,2,Sèche
Boucle du Mouhoun,2016,7,-0.6811352056180351,-1.116354833170894,-0.6431732461080985,0,170,10,2016-02-15,2,Sèche
Boucle du Mouhoun,2016,8,-0.7065236854589287,-1.0651217764948266,-0.1744570468829486,0,223,11,2016-02-22,2,Sèche
Boucle du Mouhoun,2016,9,-0.5993278816862666,-1.0395052481567935,0.24217957465051843,0,189,13,2016-02-29,2,Sèche
Boucle du Mouhoun,2016,10,-0.5880441128680916,2.0857112090833256,0.27689929311163863,0,262,10,2016-03-07,3,Sèche
Boucle du Mouhoun,2016,11,-0.6529257835725977,1.0610500755619752,1.0928126769480102,0,310,6,2016-03-14,3,Sèche
Boucle du Mouhoun,2016,12,-0.604969766095354,2.3162599641256287,-0.3654154984191196,0,302,10,2016-03-21,3,Sèche
Boucle du Mouhoun,2016,13,-0.616253534913529,2.2394103791115283,-0.8514915568748319,0,208,10,2016-03-28,3,Sèche
Boucle du Mouhoun,2016,14,-0.616253534913529,1.3684484156183792,-0.9382908530276374,0,267,7,2016-04-04,4,Sèche
Boucle du Mouhoun,2016,15,-0.6839561478225789,1.2403657739282106,0.8671345069507166,0,315,9,2016-04-11,4,Sèche
Boucle du Mouhoun,2016,16,-0.6247163615271603,1.5477641139846163,-0.452214794571925,0,263,10,2016-04-18,4,Sèche
Boucle du Mouhoun,2016,17,-0.6698514367998601,1.2403657739282106,-1.285488037638859,0,176,5,2016-04-25,4,Sèche
Boucle du Mouhoun,2016,18,-0.7065236854589287,2.7005078891961354,1.2143316915619382,0,226,1,2016-05-02,5,Pluvieuse
Boucle du Mouhoun,2016,19,-0.5936859972771792,0.13885505539275966,0.658816196183983,0,232,14,2016-05-09,5,Pluvieuse
Boucle du Mouhoun,2016,20,-0.6698514367998601,0.3694038104350631,1.0580929584868874,0,257,0,2016-05-16,5,Pluvieuse
Boucle du Mouhoun,2016,21,-0.6839561478225789,-0.937039134804658,1.0233732400257674,0,217,3,2016-05-23,5,Pluvieuse
Boucle du Mouhoun,2016,22,1.7053818994259706,-0.6040242664102189,0.7282556331062283,0,179,8,2016-05-30,5,Pluvieuse
Boucle du Mouhoun,2016,23,0.1820731089723501,-1.3469035882131983,1.1622521138702555,0,173,9,2016-06-06,6,Pluvieuse
Boucle du Mouhoun,2016,24,2.4331849881982563,0.3437872820970299,0.7282556331062283,0,259,10,2016-06-13,6,Pluvieuse
Boucle du Mouhoun,2016,25,1.6743515351759897,0.523102980463266,-0.24389648380519394,0,244,13,2016-06-20,6,Pluvieuse
Boucle du Mouhoun,2016,26,-0.11694676470928662,0.11323852705472555,0.9886535215646446,0,1058,11,2016-06-27,6,Pluvieuse
Boucle du Mouhoun,2016,27,1.2455683200853407,0.6255690938154007,-0.6952528237997811,0,1508,10,2016-07-04,7,Pluvieuse
Boucle du Mouhoun,2016,28,0.881666775699198,-0.34785898302988133,1.3358507061758664,0,1512,6,2016-07-11,7,Pluvieuse
Boucle du Mouhoun,2016,29,0.47263015604035546,0.6511856221534348,0.10330070080602778,0,1569,9,2016-07-18,7,Pluvieuse
Boucle du Mouhoun,2016,30,1.0057882326991225,-0.42470856804398277,-1.667404940711201,0,1116,5,2016-07-25,7,Pluvieuse
Boucle du Mouhoun,2016,31,2.1454488833347947,-1.1932044181849955,-0.8514915568748319,0,1442,8,2016-08-01,8,Pluvieuse
Boucle du Mouhoun,2016,32,2.227256207266563,0.5743360371393342,0.5546570408006175,0,1672,2,2016-08-08,8,Pluvieuse
Boucle du Mouhoun,2016,33,0.32029927699499344,-1.1675878898469623,1.249051410023061,0,1372,8,2016-08-15,8,Pluvieuse
Boucle du Mouhoun,2016,34,0.9268018509718979,-0.296625926353814,0.38105844849500664,0,1242,1,2016-08-22,8,Pluvieuse
Boucle du Mouhoun,2016,35,1.9282363335849264,-1.1932044181849955,1.3358507061758664,0,1545,11,2016-08-29,8,Pluvieuse
Boucle du Mouhoun,2016,36,1.49381123408519,-0.5784077380721857,-0.8341316976442694,0,1493,14,2016-09-05,9,Pluvieuse
Boucle du Mouhoun,2016,37,2.3316310688346813,-1.270054003199097,1.5094492984814771,0,1016,12,2016-09-12,9,Pluvieuse
Boucle du Mouhoun,2016,38,1.0198929437218414,0.4462533954491655,1.196971832331378,0,1059,7,2016-09-19,9,Pluvieuse
Boucle du Mouhoun,2016,39,1.0396395391536477,0.2925542254209626,1.2316915507924984,0,1454,13,2016-09-26,9,Pluvieuse
Boucle du Mouhoun,2016,40,0.9634740996309665,-0.296625926353814,-1.2681281784082965,0,1048,10,2016-10-03,10,Pluvieuse
Boucle du Mouhoun,2016,41,-0.7065236854589287,-0.06607717131151056,0.5372971815700549,0,1687,12,2016-10-10,10,Pluvieuse
Boucle du Mouhoun,2016,42,-0.6247163615271603,-0.5271746813961183,-1.5111662076361527,0,1354,1,2016-10-17,10,Pluvieuse
Boucle du Mouhoun,2016,43,-0.6077907082998978,0.13885505539275966,1.4400098615592318,0,1249,11,2016-10-24,10,Pluvieuse
Boucle du Mouhoun,2016,44,-0.6952399166407538,-1.270054003199097,0.5199373223394949,0,1067,11,2016-10-31,10,Pluvieuse
Boucle du Mouhoun,2016,45,-0.6726723790044038,0.3694038104350631,1.4747295800203546,0,1558,1,2016-11-07,11,Sèche
Boucle du Mouhoun,2016,46,-0.5908650550726353,-0.7064903797623544,0.2942591523422012,0,1661,2,2016-11-14,11,Sèche
Boucle du Mouhoun,2016,47,-0.6585676679816851,0.06200547037865822,1.144892254639693,0,246,1,2016-11-21,11,Sèche
Boucle du Mouhoun,2016,48,-0.638821072549879,0.08762199871669235,1.3184908469453038,0,220,5,2016-11-28,11,Sèche
Boucle du Mouhoun,2016,49,-0.5965069394817228,-0.11731022798757788,-0.22653662457463136,0,213,8,2016-12-05,12,Sèche
Boucle du Mouhoun,2016,50,-0.6557467257771414,0.3437872820970299,-0.8341316976442694,0,337,0,2016-12-12,12,Sèche
Boucle du Mouhoun,2016,51,-0.6134325927089853,-0.06607717131151056,-1.1466091637943685,0,186,6,2016-12-19,12,Sèche
Boucle du Mouhoun,2016,52,-0.6980608588452976,0.08762199871669235,-1.5111662076361527,0,208,6,2016-12-26,12,Sèche
Boucle du Mouhoun,2017,1,-0.5993278816862666,-0.142926756325612,-0.9903704307193201,0,202,2,2017-01-02,1,Sèche
Boucle du Mouhoun,2017,2,-0.7065236854589287,-1.0907383048328607,1.4573697207897944,0,304,13,2017-01-09,1,Sèche
Boucle du Mouhoun,2017,3,-0.616253534913529,-0.6808738514243203,-1.1466091637943685,0,273,2,2017-01-16,1,Sèche
Boucle du Mouhoun,2017,4,-0.5965069394817228,-1.1675878898469623,1.5962485946342826,0,240,9,2017-01-23,1,Sèche
Boucle du Mouhoun,2017,5,-0.6698514367998601,-0.4759416247200501,1.6309683130954054,0,172,12,2017-01-30,1,Sèche
Boucle du Mouhoun,2017,6,-0.5711184596408291,-0.1685432846636452,1.1796119731008157,0,188,11,2017-02-06,2,Sèche
Boucle du Mouhoun,2017,7,-0.5739394018453728,-0.34785898302988133,-0.556373949955293,0,209,13,2017-02-13,2,Sèche
Boucle du Mouhoun,2017,8,-0.6895980322316664,0.3437872820970299,-1.45908662994447,0,259,2,2017-02-20,2,Sèche
Boucle du Mouhoun,2017,9,-0.6783142634134913,-0.4503250963820169,0.05122112311434501,0,231,14,2017-02-27,2,Sèche
Boucle du Mouhoun,2017,10,-0.627537303731704,2.0857112090833256,-0.7126126830303413,0,303,8,2017-03-06,3,Sèche
Boucle du Mouhoun,2017,11,-0.6529257835725977,1.0610500755619752,0.05122112311434501,0,315,14,2017-03-13,3,Sèche
Boucle du Mouhoun,2017,12,-0.6077907082998978,1.0610500755619752,1.2143316915619382,0,194,8,2017-03-20,3,Sèche
Boucle du Mouhoun,2017,13,-0.6444629569589664,1.496531057308548,1.1622521138702555,0,218,8,2017-03-27,3,Sèche
Boucle du Mouhoun,2017,14,-0.6783142634134913,2.18817732243546,-1.2681281784082965,0,264,9,2017-04-03,4,Sèche
Boucle du Mouhoun,2017,15,-0.5936859972771792,1.8807789823790544,-0.40013521688024223,0,211,3,2017-04-10,4,Sèche
Boucle du Mouhoun,2017,16,-0.6218954193226165,1.6502302273367508,1.4920894392509145,0,218,8,2017-04-17,4,Sèche
Boucle du Mouhoun,2017,17,-0.6106116505044415,2.6748913608581013,-1.5632457853278354,0,273,2,2017-04-24,4,Sèche
Boucle du Mouhoun,2017,18,-0.6585676679816851,1.983245095731191,-0.5390140907247304,0,255,2,2017-05-01,5,Pluvieuse
Boucle du Mouhoun,2017,19,-0.6360001303453352,0.6255690938154007,0.10330070080602778,0,256,5,2017-05-08,5,Pluvieuse
Boucle du Mouhoun,2017,20,-0.6557467257771414,-0.19415981300167934,0.36369858926444404,0,264,7,2017-05-15,5,Pluvieuse
Boucle du Mouhoun,2017,21,-0.7037027432543851,-0.4759416247200501,-1.667404940711201,0,244,9,2017-05-22,5,Pluvieuse
Boucle du Mouhoun,2017,22,1.231463609062622,-1.2444374748610627,-0.3654154984191196,0,270,3,2017-05-29,5,Pluvieuse
Boucle du Mouhoun,2017,23,1.1919704181990098,-1.1675878898469623,-0.3480556391885595,0,247,12,2017-06-05,6,Pluvieuse
Boucle du Mouhoun,2017,24,0.5177652313130554,-0.629640794748253,0.5720169000311776,0,207,2,2017-06-12,6,Pluvieuse
Boucle du Mouhoun,2017,25,0.8478154692446733,-0.142926756325612,-0.556373949955293,0,322,7,2017-06-19,6,Pluvieuse
Boucle du Mouhoun,2017,26,0.8901296023128294,-0.014844114635443224,-0.8514915568748319,0,1179,8,2017-06-26,6,Pluvieuse
Boucle du Mouhoun,2017,27,2.08903003924392,0.3437872820970299,0.38105844849500664,0,1614,1,2017-07-03,7,Pluvieuse
Boucle du Mouhoun,2017,28,2.3231682422210502,-0.11731022798757788,-1.47644648917503,0,1149,0,2017-07-10,7,Pluvieuse
Boucle du Mouhoun,2017,29,1.6799934195850772,-0.2710093980157808,-0.07029789149958307,0,1120,3,2017-07-17,7,Pluvieuse
Boucle du Mouhoun,2017,30,0.30055268156318715,0.4718699237871978,0.5546570408006175,0,1615,3,2017-07-24,7,Pluvieuse
Boucle du Mouhoun,2017,31,2.5290970231527434,-0.06607717131151056,1.3879302838675491,0,1176,9,2017-07-31,7,Pluvieuse
Boucle du Mouhoun,2017,32,1.725128494857777,-0.629640794748253,-0.8862112753359521,0,1066,7,2017-08-07,8,Pluvieuse
Boucle du Mouhoun,2017,33,1.6658887085623584,-0.6040242664102189,-0.48693451303304763,0,1280,0,2017-08-14,8,Pluvieuse
Boucle du Mouhoun,2017,34,1.273777742130778,0.08762199871669235,-1.4938063484055901,0,1569,12,2017-08-21,8,Pluvieuse
Boucle du Mouhoun,2017,35,2.5629483296072686,-0.8601895497905564,-0.7994119791831467,0,1608,6,2017-08-28,8,Pluvieuse
Boucle du Mouhoun,2017,36,0.7603662609038173,-1.1675878898469623,-1.5111662076361527,0,1618,10,2017-09-04,9,Pluvieuse
Boucle du Mouhoun,2017,37,2.2441818604938257,-1.0651217764948266,1.3011309877147437,0,1271,0,2017-09-11,9,Pluvieuse
Boucle du Mouhoun,2017,38,1.0960583832445225,-1.3212870598751643,-1.4417267707139074,0,1082,2,2017-09-18,9,Pluvieuse
Boucle du Mouhoun,2017,39,0.24695477967685608,-0.8089564931144891,-1.5806056445583956,0,1543,3,2017-09-25,9,Pluvieuse
Boucle du Mouhoun,2017,40,1.7082028416305146,-0.5015581530580843,-0.5910936684164156,0,1483,7,2017-10-02,10,Pluvieuse
Boucle du Mouhoun,2017,41,-0.6444629569589664,-1.1419713615089282,-0.48693451303304763,0,1004,0,2017-10-09,10,Pluvieuse
Boucle du Mouhoun,2017,42,-0.616253534913529,-1.3212870598751643,0.1900999969588332,0,1648,2,2017-10-16,10,Pluvieuse
Boucle du Mouhoun,2017,43,-0.69241897443621,-0.3222424546918481,-1.5458859260972753,0,1432,9,2017-10-23,10,Pluvieuse
Boucle du Mouhoun,2017,44,-0.5711184596408291,0.3181707537589958,1.2316915507924984,0,1650,7,2017-10-30,10,Pluvieuse
Boucle du Mouhoun,2017,45,-0.6444629569589664,-0.4759416247200501,-0.1918169061135087,0,1225,4,2017-11-06,11,Sèche
Boucle du Mouhoun,2017,46,-0.5936859972771792,-0.1685432846636452,0.8150549292590338,0,1123,8,2017-11-13,11,Sèche
Boucle du Mouhoun,2017,47,-0.5993278816862666,-0.142926756325612,0.22481971541995588,0,171,11,2017-11-20,11,Sèche
Boucle du Mouhoun,2017,48,-0.6134325927089853,0.4462533954491655,1.1275323954091327,0,203,7,2017-11-27,11,Sèche
Boucle du Mouhoun,2017,49,-0.6134325927089853,-0.040460642973476436,1.1101725361785728,0,234,9,2017-12-04,12,Sèche
Boucle du Mouhoun,2017,50,-0.5824022284590041,-0.42470856804398277,-0.0008584545773377481,0,300,13,2017-12-11,12,Sèche
Boucle du Mouhoun,2017,51,-0.6106116505044415,-0.8858060781285906,-1.0077302899498801,0,188,11,2017-12-18,12,Sèche
Boucle du Mouhoun,2017,52,-0.5824022284590041,-0.09169369964954377,-0.7994119791831467,0,202,13,2017-12-25,12,Sèche
Boucle du Mouhoun,2018,1,-0.6134325927089853,-0.4503250963820169,0.641456336953423,0,238,9,2018-01-01,1,Sèche
Boucle du Mouhoun,2018,2,-0.5795812862544604,-0.9114226064666247,0.20745985618939577,0,280,1,2018-01-08,1,Sèche
Boucle du Mouhoun,2018,3,-0.616253534913529,-0.040460642973476436,-0.07029789149958307,0,316,1,2018-01-15,1,Sèche
Boucle du Mouhoun,2018,4,-0.5824022284590041,-0.040460642973476436,0.4331380261866894,0,188,9,2018-01-22,1,Sèche
Boucle du Mouhoun,2018,5,-0.6077907082998978,-0.3990920397059496,0.1900999969588332,0,289,6,2018-01-29,1,Sèche
Boucle du Mouhoun,2018,6,-0.6980608588452976,-0.8089564931144891,-0.018218313807897846,0,277,0,2018-02-05,2,Sèche
Boucle du Mouhoun,2018,7,-0.6980608588452976,0.4974864521252319,0.5199373223394949,0,251,1,2018-02-12,2,Sèche
Boucle du Mouhoun,2018,8,-0.6585676679816851,0.4462533954491655,-0.08765775073014317,0,210,2,2018-02-19,2,Sèche
Boucle du Mouhoun,2018,9,-0.6698514367998601,-0.8858060781285906,-1.1292493045638083,0,249,10,2018-02-26,2,Sèche
Boucle du Mouhoun,2018,10,-0.7037027432543851,2.623658304182035,0.4504978854172495,0,177,5,2018-03-05,3,Sèche
Boucle du Mouhoun,2018,11,-0.627537303731704,1.983245095731191,1.3879302838675491,0,278,13,2018-03-12,3,Sèche
Boucle du Mouhoun,2018,12,-0.6331791881407914,1.3172153589423128,0.033861263883784916,0,301,0,2018-03-19,3,Sèche
Boucle du Mouhoun,2018,13,-0.6501048413680539,2.0600946807452916,-1.0077302899498801,0,237,8,2018-03-26,3,Sèche
Boucle du Mouhoun,2018,14,-0.7037027432543851,1.855162454041022,0.24217957465051843,0,321,2,2018-04-02,4,Sèche
Boucle du Mouhoun,2018,15,-0.6077907082998978,1.6246136989987168,1.196971832331378,0,310,13,2018-04-09,4,Sèche
Boucle du Mouhoun,2018,16,-0.6867770900271225,2.3418764924636633,1.1101725361785728,0,191,11,2018-04-16,4,Sèche
Boucle du Mouhoun,2018,17,-0.6839561478225789,1.5989971706606845,-1.181328882255491,0,283,3,2018-04-23,4,Sèche
Boucle du Mouhoun,2018,18,-0.661388610186229,1.855162454041022,1.0928126769480102,0,231,6,2018-04-30,4,Sèche
Boucle du Mouhoun,2018,19,-0.5767603440499166,0.06200547037865822,-0.07029789149958307,0,234,7,2018-05-07,5,Pluvieuse
Boucle du Mouhoun,2018,20,-0.6416420147544227,0.24132116874489434,-1.2507683191777363,0,221,10,2018-05-14,5,Pluvieuse
Boucle du Mouhoun,2018,21,-0.6811352056180351,-1.0907383048328607,1.0580929584868874,0,196,6,2018-05-21,5,Pluvieuse
Boucle du Mouhoun,2018,22,1.6094698644714835,-1.116354833170894,0.05122112311434501,0,313,8,2018-05-28,5,Pluvieuse
Boucle du Mouhoun,2018,23,2.4219012193800813,-0.5784077380721857,-0.261256343035754,0,199,7,2018-06-04,6,Pluvieuse
Boucle du Mouhoun,2018,24,2.5714111562208997,0.11323852705472555,-1.5979655037889582,0,286,3,2018-06-11,6,Pluvieuse
Boucle du Mouhoun,2018,25,2.3090635311983316,-0.11731022798757788,0.1727401377282731,0,281,11,2018-06-18,6,Pluvieuse
Boucle du Mouhoun,2018,26,0.3174783347904496,0.24132116874489434,0.016501404653222352,0,1153,7,2018-06-25,6,Pluvieuse
Boucle du Mouhoun,2018,27,2.1934049008120384,0.2925542254209626,-0.13973732842182593,0,1362,13,2018-07-02,7,Pluvieuse
Boucle du Mouhoun,2018,28,0.8449945270401296,-0.19415981300167934,1.4052901430981093,0,1436,0,2018-07-09,7,Pluvieuse
Boucle du Mouhoun,2018,29,1.4853484074715588,-0.5527912097341515,1.6656880315565255,0,1098,0,2018-07-16,7,Pluvieuse
Boucle du Mouhoun,2018,30,0.6813798791765924,0.11323852705472555,0.762975351567351,0,1461,14,2018-07-23,7,Pluvieuse
Boucle du Mouhoun,2018,31,2.1680164209711443,-1.3725201165512315,-0.3654154984191196,0,1362,7,2018-07-30,7,Pluvieuse
Boucle du Mouhoun,2018,32,-0.08591640045930543,-0.24539286967774668,-0.3480556391885595,0,1304,12,2018-08-06,8,Pluvieuse
Boucle du Mouhoun,2018,33,0.6898427057902237,-1.2444374748610627,1.7004077500176482,0,1302,3,2018-08-13,8,Pluvieuse
Boucle du Mouhoun,2018,34,1.5107368873124527,-0.4503250963820169,0.7803352107979111,0,1256,5,2018-08-20,8,Pluvieuse
Boucle du Mouhoun,2018,35,1.2540311466989718,-1.0138887198187594,-0.7299725422609038,0,1500,1,2018-08-27,8,Pluvieuse
Boucle du Mouhoun,2018,36,0.6193191506766301,-0.5784077380721857,1.0580929584868874,0,1098,7,2018-09-03,9,Pluvieuse
Boucle du Mouhoun,2018,37,0.7547243764947297,-0.2710093980157808,0.5546570408006175,0,1274,7,2018-09-10,9,Pluvieuse
Boucle du Mouhoun,2018,38,1.0847746144263477,-0.09169369964954377,-0.3133359207274368,0,974,13,2018-09-17,9,Pluvieuse
Boucle du Mouhoun,2018,39,2.478320063470956,-0.5271746813961183,0.3116190115727613,0,1283,3,2018-09-24,9,Pluvieuse
Boucle du Mouhoun,2018,40,1.866175605084964,-0.629640794748253,1.5441690169426,0,1064,4,2018-10-01,10,Pluvieuse
Boucle du Mouhoun,2018,41,-0.7093446276634725,-0.937039134804658,1.7177676092482108,0,1344,13,2018-10-08,10,Pluvieuse
Boucle du Mouhoun,2018,42,-0.5767603440499166,-0.7321069081003877,-1.0250901491804427,0,958,9,2018-10-15,10,Pluvieuse
Boucle du Mouhoun,2018,43,-0.7008818010498412,-0.014844114635443224,-1.1466091637943685,0,1396,8,2018-10-22,10,Pluvieuse
Boucle du Mouhoun,2018,44,-0.7065236854589287,-1.2188209465230295,-0.3480556391885595,0,1027,9,2018-10-29,10,Pluvieuse
Boucle du Mouhoun,2018,45,-0.616253534913529,-1.3469035882131983,1.6656880315565255,0,952,11,2018-11-05,11,Sèche
Boucle du Mouhoun,2018,46,-0.5852231706635478,-0.8858060781285906,-1.3896471930222245,0,1134,13,2018-11-12,11,Sèche
Boucle du Mouhoun,2018,47,-0.6190744771180727,-1.3212870598751643,-0.3654154984191196,0,188,11,2018-11-19,11,Sèche
Boucle du Mouhoun,2018,48,-0.6557467257771414,-0.937039134804658,-1.2507683191777363,0,190,4,2018-11-26,11,Sèche
Boucle du Mouhoun,2018,49,-0.6021488238908103,-0.11731022798757788,0.7803352107979111,0,288,5,2018-12-03,12,Sèche
Boucle du Mouhoun,2018,50,-0.6444629569589664,0.5743360371393342,-0.452214794571925,0,178,5,2018-12-10,12,Sèche
Boucle du Mouhoun,2018,51,-0.6501048413680539,-0.11731022798757788,0.5372971815700549,0,167,0,2018-12-17,12,Sèche
Boucle du Mouhoun,2018,52,-0.604969766095354,-0.4759416247200501,-0.261256343035754,0,248,3,2018-12-24,12,Sèche
Boucle du Mouhoun,2019,1,-0.7093446276634725,-0.5527912097341515,-1.45908662994447,0,222,4,2019-01-07,1,Sèche
Boucle du Mouhoun,2019,2,-0.6444629569589664,0.24132116874489434,-1.059809867641563,0,286,11,2019-01-14,1,Sèche
Boucle du Mouhoun,2019,3,-0.6331791881407914,-1.0138887198187594,0.3289788708033239,0,303,7,2019-01-21,1,Sèche
Boucle du Mouhoun,2019,4,-0.5824022284590041,0.2925542254209626,-1.6847647999417636,0,201,6,2019-01-28,1,Sèche
Boucle du Mouhoun,2019,5,-0.5824022284590041,-0.142926756325612,-1.4417267707139074,0,189,0,2019-02-04,2,Sèche
Boucle du Mouhoun,2019,6,-0.6726723790044038,-0.937039134804658,0.39841830772556674,0,296,12,2019-02-11,2,Sèche
Boucle du Mouhoun,2019,7,-0.6529257835725977,0.21570464040686113,-1.2160486007166138,0,203,9,2019-02-18,2,Sèche
Boucle du Mouhoun,2019,8,-0.6839561478225789,-1.0907383048328607,0.15538027849771302,0,187,5,2019-02-25,2,Sèche
Boucle du Mouhoun,2019,9,-0.6247163615271603,-0.014844114635443224,-0.9903704307193201,0,248,5,2019-03-04,3,Sèche
Boucle du Mouhoun,2019,10,-0.6839561478225789,1.035433547223941,1.2316915507924984,0,190,10,2019-03-11,3,Sèche
Boucle du Mouhoun,2019,11,-0.6360001303453352,2.2394103791115283,0.8324147884895938,0,275,11,2019-03-18,3,Sèche
Boucle du Mouhoun,2019,12,-0.6642095523907726,1.1122831322380418,1.6136084538648428,0,186,11,2019-03-25,3,Sèche
Boucle du Mouhoun,2019,13,-0.6895980322316664,2.2650269074495606,0.5025774631089347,0,252,2,2019-04-01,4,Sèche
Boucle du Mouhoun,2019,14,-0.5880441128680916,1.1378996605760758,-1.3028478968694193,0,267,12,2019-04-08,4,Sèche
Boucle du Mouhoun,2019,15,-0.5795812862544604,1.7526963406888856,-1.4417267707139074,0,283,2,2019-04-15,4,Sèche
Boucle du Mouhoun,2019,16,-0.69241897443621,1.829545925702988,-0.22653662457463136,0,198,4,2019-04-22,4,Sèche
Boucle du Mouhoun,2019,17,-0.7093446276634725,2.2906434357875947,-0.48693451303304763,0,208,7,2019-04-29,4,Sèche
Boucle du Mouhoun,2019,18,-0.6360001303453352,1.214749245590178,0.8150549292590338,0,265,4,2019-05-06,5,Pluvieuse
Boucle du Mouhoun,2019,19,-0.6698514367998601,0.24132116874489434,0.8671345069507166,0,274,11,2019-05-13,5,Pluvieuse
Boucle du Mouhoun,2019,20,-0.6557467257771414,0.06200547037865822,-0.747332401491464,0,289,6,2019-05-20,5,Pluvieuse
Boucle du Mouhoun,2019,21,-0.7037027432543851,0.2925542254209626,0.6935359146451057,0,226,12,2019-05-27,5,Pluvieuse
Boucle du Mouhoun,2019,22,1.6884562461987083,0.3181707537589958,-1.0077302899498801,0,207,6,2019-06-03,6,Pluvieuse
Boucle du Mouhoun,2019,23,0.03538411433607541,-0.937039134804658,-1.4070070522527847,0,228,10,2019-06-10,6,Pluvieuse
Boucle du Mouhoun,2019,24,1.234284551267166,-1.2444374748610627,1.4400098615592318,0,279,7,2019-06-17,6,Pluvieuse
Boucle du Mouhoun,2019,25,-0.13951430234563658,-1.1419713615089282,0.15538027849771302,0,262,14,2019-06-24,6,Pluvieuse
Boucle du Mouhoun,2019,26,0.6362448039038926,-0.37347551136791546,-0.03557817303846041,0,1198,14,2019-07-01,7,Pluvieuse
Boucle du Mouhoun,2019,27,0.34568775683588704,-1.2188209465230295,0.762975351567351,0,1516,2,2019-07-08,7,Pluvieuse
Boucle du Mouhoun,2019,28,1.231463609062622,0.5999525654773665,1.1101725361785728,0,1526,1,2019-07-15,7,Pluvieuse
Boucle du Mouhoun,2019,29,2.1341651145166196,0.3950203387730972,1.1101725361785728,0,1397,11,2019-07-22,7,Pluvieuse
Boucle du Mouhoun,2019,30,0.9437275041991606,-0.3990920397059496,-1.5458859260972753,0,1235,8,2019-07-29,7,Pluvieuse
Boucle du Mouhoun,2019,31,0.10872861165421276,0.4718699237871978,0.8150549292590338,0,930,9,2019-08-05,8,Pluvieuse
Boucle du Mouhoun,2019,32,2.224435265062019,0.6511856221534348,-0.1570971876523885,0,1083,6,2019-08-12,8,Pluvieuse
Boucle du Mouhoun,2019,33,1.626395517698746,-0.06607717131151056,-0.9035711345665147,0,946,1,2019-08-19,8,Pluvieuse
Boucle du Mouhoun,2019,34,1.7110237838350582,0.3437872820970299,1.6483281723259653,0,1438,10,2019-08-26,8,Pluvieuse
Boucle du Mouhoun,2019,35,0.4613463872221805,-1.3212870598751643,0.6067366184923002,0,1250,3,2019-09-02,9,Pluvieuse
Boucle du Mouhoun,2019,36,1.0847746144263477,0.6511856221534348,-1.1292493045638083,0,1121,9,2019-09-09,9,Pluvieuse
Boucle du Mouhoun,2019,37,1.767442627925933,0.3694038104350631,-0.0008584545773377481,0,1115,6,2019-09-16,9,Pluvieuse
Boucle du Mouhoun,2019,38,1.5050950029033652,0.11323852705472555,-1.4243669114833473,0,1225,9,2019-09-23,9,Pluvieuse
Boucle du Mouhoun,2019,39,2.36830331749375,0.3694038104350631,1.4052901430981093,0,1128,14,2019-09-30,9,Pluvieuse
Boucle du Mouhoun,2019,40,1.2709567999262346,-0.06607717131151056,-1.1986887414860536,0,1186,6,2019-10-07,10,Pluvieuse
Boucle du Mouhoun,2019,41,-0.6190744771180727,-0.962655663142692,1.7004077500176482,0,1494,2,2019-10-14,10,Pluvieuse
Boucle du Mouhoun,2019,42,-0.7065236854589287,0.13885505539275966,0.5025774631089347,0,1344,11,2019-10-21,10,Pluvieuse
Boucle du Mouhoun,2019,43,-0.616253534913529,-0.937039134804658,-0.33069577995799937,0,1491,13,2019-10-28,10,Pluvieuse
Boucle du Mouhoun,2019,44,-0.6134325927089853,-0.7577234364384218,0.7108957738756658,0,1078,13,2019-11-04,11,Sèche
Boucle du Mouhoun,2019,45,-0.5767603440499166,-0.962655663142692,1.3879302838675491,0,1525,4,2019-11-11,11,Sèche
Boucle du Mouhoun,2019,46,-0.6867770900271225,0.3181707537589958,1.5268091577120373,0,1176,10,2019-11-18,11,Sèche
Boucle du Mouhoun,2019,47,-0.5880441128680916,-0.7064903797623544,-1.5979655037889582,0,216,13,2019-11-25,11,Sèche
Boucle du Mouhoun,2019,48,-0.6106116505044415,-0.040460642973476436,1.0407330992563273,0,270,9,2019-12-02,12,Sèche
Boucle du Mouhoun,2019,49,-0.6557467257771414,-0.37347551136791546,-0.8688514161053921,0,192,1,2019-12-09,12,Sèche
Boucle du Mouhoun,2019,50,-0.7065236854589287,-0.962655663142692,-1.0771697268721256,0,288,0,2019-12-16,12,Sèche
Boucle du Mouhoun,2019,51,-0.6303582459362477,0.21570464040686113,0.38105844849500664,0,241,9,2019-12-23,12,Sèche
Boucle du Mouhoun,2019,52,-0.5908650550726353,0.010772413702590895,1.6309683130954054,0,224,11,2019-12-30,12,Sèche
Boucle du Mouhoun,2020,1,-0.6360001303453352,-1.1675878898469623,0.6240964777228604,0,238,0,2020-01-06,1,Sèche
Boucle du Mouhoun,2020,2,-0.6218954193226165,-0.3222424546918481,0.5372971815700549,0,198,1,2020-01-13,1,Sèche
Boucle du Mouhoun,2020,3,-0.5824022284590041,-0.21977634133971255,0.8150549292590338,0,292,4,2020-01-20,1,Sèche
Boucle du Mouhoun,2020,4,-0.6557467257771414,-1.3981366448892656,-1.0945295861026856,0,296,4,2020-01-27,1,Sèche
Boucle du Mouhoun,2020,5,-0.5965069394817228,-1.295670531537131,-1.7368443776334463,0,167,13,2020-02-03,2,Sèche
Boucle du Mouhoun,2020,6,-0.6585676679816851,-0.783339964776456,0.4157781669561293,0,177,11,2020-02-10,2,Sèche
Boucle du Mouhoun,2020,7,-0.5880441128680916,-0.783339964776456,-1.6847647999417636,0,233,5,2020-02-17,2,Sèche
Boucle du Mouhoun,2020,8,-0.661388610186229,-1.1932044181849955,1.5094492984814771,0,305,2,2020-02-24,2,Sèche
Boucle du Mouhoun,2020,9,-0.616253534913529,-0.3222424546918481,0.7976950700284712,0,307,8,2020-03-02,3,Sèche
Boucle du Mouhoun,2020,10,-0.6585676679816851,1.8807789823790544,-1.4070070522527847,0,207,12,2020-03-09,3,Sèche
Boucle du Mouhoun,2020,11,-0.661388610186229,2.034478152407257,-0.3827753576496821,0,244,6,2020-03-16,3,Sèche
Boucle du Mouhoun,2020,12,-0.6585676679816851,2.18817732243546,0.9539338031035219,0,273,6,2020-03-23,3,Sèche
Boucle du Mouhoun,2020,13,-0.7037027432543851,2.2394103791115283,1.4747295800203546,0,157,9,2020-03-30,3,Sèche
Boucle du Mouhoun,2020,14,-0.6585676679816851,1.0866666039000095,-1.3375676153305418,0,293,5,2020-04-06,4,Sèche
Boucle du Mouhoun,2020,15,-0.5739394018453728,2.7005078891961354,-0.4174950761108048,0,175,4,2020-04-13,4,Sèche
Boucle du Mouhoun,2020,16,-0.6557467257771414,2.623658304182035,-1.2681281784082965,0,279,12,2020-04-20,4,Sèche
Boucle du Mouhoun,2020,17,-0.6444629569589664,1.2915988306042787,-0.018218313807897846,0,278,8,2020-04-27,4,Sèche
Boucle du Mouhoun,2020,18,-0.6529257835725977,0.9329674338718065,-0.8862112753359521,0,219,4,2020-05-04,5,Pluvieuse
Boucle du Mouhoun,2020,19,-0.6698514367998601,-0.2710093980157808,1.07545281771745,0,193,10,2020-05-11,5,Pluvieuse
Boucle du Mouhoun,2020,20,-0.5795812862544604,-0.21977634133971255,0.8844943661812766,0,263,2,2020-05-18,5,Pluvieuse
Boucle du Mouhoun,2020,21,-0.6895980322316664,-0.8858060781285906,-1.5806056445583956,0,253,14,2020-05-25,5,Pluvieuse
Boucle du Mouhoun,2020,22,1.1637609961535724,0.3950203387730972,-0.6258133868775358,0,207,10,2020-06-01,6,Pluvieuse
Boucle du Mouhoun,2020,23,1.166581938358116,-1.1419713615089282,-1.5979655037889582,0,205,10,2020-06-08,6,Pluvieuse
Boucle du Mouhoun,2020,24,1.7900101655622829,0.3181707537589958,0.06858098234490759,0,275,9,2020-06-15,6,Pluvieuse
Boucle du Mouhoun,2020,25,2.060820617198482,-1.3212870598751643,1.1796119731008157,0,266,10,2020-06-22,6,Pluvieuse
Boucle du Mouhoun,2020,26,2.4331849881982563,-0.5784077380721857,0.13802041926715045,0,1133,5,2020-06-29,6,Pluvieuse
Boucle du Mouhoun,2020,27,0.11154955385875653,0.06200547037865822,-1.7021246591723236,0,1204,7,2020-07-06,7,Pluvieuse
Boucle du Mouhoun,2020,28,1.5191997139260838,0.5487195088013002,-0.3480556391885595,0,1075,0,2020-07-13,7,Pluvieuse
Boucle du Mouhoun,2020,29,0.6023934974493677,0.21570464040686113,1.1101725361785728,0,1251,0,2020-07-20,7,Pluvieuse
Boucle du Mouhoun,2020,30,0.1623265135405438,-1.3469035882131983,0.4331380261866894,0,1109,13,2020-07-27,7,Pluvieuse
Boucle du Mouhoun,2020,31,1.4458552166079466,0.190088112068827,-1.2334084599471737,0,1537,12,2020-08-03,8,Pluvieuse
Boucle du Mouhoun,2020,32,1.7759054545395643,-1.1675878898469623,-0.9209309937970748,0,1506,13,2020-08-10,8,Pluvieuse
Boucle du Mouhoun,2020,33,1.6546049397441833,0.4974864521252319,-0.40013521688024223,0,1128,4,2020-08-17,8,Pluvieuse
Boucle du Mouhoun,2020,34,2.1539117099484257,0.11323852705472555,-1.4417267707139074,0,1494,11,2020-08-24,8,Pluvieuse
Boucle du Mouhoun,2020,35,0.9296227931764419,-1.0138887198187594,0.27689929311163863,0,1390,7,2020-08-31,8,Pluvieuse
Boucle du Mouhoun,2020,36,-0.11976770691383042,-0.8345730214525232,-1.4938063484055901,0,1390,12,2020-09-07,9,Pluvieuse
Boucle du Mouhoun,2020,37,2.117239461289357,-1.0395052481567935,0.38105844849500664,0,1348,7,2020-09-14,9,Pluvieuse
Boucle du Mouhoun,2020,38,0.22720818424505002,-0.24539286967774668,0.38105844849500664,0,1236,5,2020-09-21,9,Pluvieuse
Boucle du Mouhoun,2020,39,0.09180295842695026,0.6255690938154007,0.9886535215646446,0,1417,1,2020-09-28,9,Pluvieuse
Boucle du Mouhoun,2020,40,2.4444687570164314,0.03638894204062502,1.4226500023286717,0,1240,12,2020-10-05,10,Pluvieuse
Boucle du Mouhoun,2020,41,-0.6218954193226165,-0.42470856804398277,-1.5285260668667129,0,1420,9,2020-10-12,10,Pluvieuse
Boucle du Mouhoun,2020,42,-0.6021488238908103,0.6255690938154007,-0.33069577995799937,0,1544,10,2020-10-19,10,Pluvieuse
Boucle du Mouhoun,2020,43,-0.6247163615271603,0.523102980463266,-0.0008584545773377481,0,1271,6,2020-10-26,10,Pluvieuse
Boucle du Mouhoun,2020,44,-0.6670304945953164,-0.9882721914807252,1.5962485946342826,0,1254,7,2020-11-02,11,Sèche
Boucle du Mouhoun,2020,45,-0.7065236854589287,-0.9882721914807252,-0.3480556391885595,0,1216,7,2020-11-09,11,Sèche
Boucle du Mouhoun,2020,46,-0.6218954193226165,0.3950203387730972,-1.285488037638859,0,936,7,2020-11-16,11,Sèche
Boucle du Mouhoun,2020,47,-0.6247163615271603,-1.116354833170894,0.6067366184923002,0,168,10,2020-11-23,11,Sèche
Boucle du Mouhoun,2020,48,-0.6021488238908103,0.5743360371393342,-0.8167718384137093,0,225,14,2020-11-30,11,Sèche
Boucle du Mouhoun,2020,49,-0.6980608588452976,0.21570464040686113,0.24217957465051843,0,233,2,2020-12-07,12,Sèche
Boucle du Mouhoun,2020,50,-0.6895980322316664,0.6511856221534348,1.5962485946342826,0,277,9,2020-12-14,12,Sèche
Boucle du Mouhoun,2020,51,-0.661388610186229,-0.937039134804658,-0.8514915568748319,0,261,12,2020-12-21,12,Sèche
Boucle du Mouhoun,2020,52,-0.6472838991635101,-0.11731022798757788,0.6067366184923002,0,248,12,2020-12-28,12,Sèche
Boucle du Mouhoun,2021,1,-0.6557467257771414,-0.5527912097341515,0.3116190115727613,0,301,0,2021-01-04,1,Sèche
Boucle du Mouhoun,2021,2,-0.6077907082998978,-0.2710093980157808,-1.0771697268721256,0,185,13,2021-01-11,1,Sèche
Boucle du Mouhoun,2021,3,-0.6585676679816851,-0.8601895497905564,0.9018542254118392,0,216,13,2021-01-18,1,Sèche
Boucle du Mouhoun,2021,4,-0.6472838991635101,0.010772413702590895,-0.40013521688024223,0,221,14,2021-01-25,1,Sèche
Boucle du Mouhoun,2021,5,-0.6642095523907726,-1.0138887198187594,0.22481971541995588,0,277,12,2021-02-01,2,Sèche
Boucle du Mouhoun,2021,6,-0.638821072549879,0.6255690938154007,-1.4938063484055901,0,183,5,2021-02-08,2,Sèche
Boucle du Mouhoun,2021,7,-0.5880441128680916,-0.6808738514243203,1.1622521138702555,0,175,11,2021-02-15,2,Sèche
Boucle du Mouhoun,2021,8,-0.5852231706635478,0.06200547037865822,-0.8167718384137093,0,160,10,2021-02-22,2,Sèche
Boucle du Mouhoun,2021,9,-0.6360001303453352,-0.24539286967774668,-0.7126126830303413,0,233,1,2021-03-01,3,Sèche
Boucle du Mouhoun,2021,10,-0.6360001303453352,2.1113277374213597,-1.5632457853278354,0,192,13,2021-03-08,3,Sèche
Boucle du Mouhoun,2021,11,-0.5767603440499166,1.5989971706606845,0.24217957465051843,0,235,14,2021-03-15,3,Sèche
Boucle du Mouhoun,2021,12,-0.6811352056180351,1.6246136989987168,0.7282556331062283,0,230,8,2021-03-22,3,Sèche
Boucle du Mouhoun,2021,13,-0.6218954193226165,2.3674930208016973,1.144892254639693,0,232,6,2021-03-29,3,Sèche
Boucle du Mouhoun,2021,14,-0.6867770900271225,2.213793850773494,-1.0077302899498801,0,272,7,2021-04-05,4,Sèche
Boucle du Mouhoun,2021,15,-0.6754933212089477,1.6502302273367508,-1.2507683191777363,0,218,11,2021-04-12,4,Sèche
Boucle du Mouhoun,2021,16,-0.5880441128680916,2.2906434357875947,-0.573733809185853,0,174,6,2021-04-19,4,Sèche
Boucle du Mouhoun,2021,17,-0.627537303731704,1.9320120390551225,-0.573733809185853,0,232,12,2021-04-26,4,Sèche
Boucle du Mouhoun,2021,18,-0.6726723790044038,0.9073509055337724,-0.07029789149958307,0,221,6,2021-05-03,5,Pluvieuse
Boucle du Mouhoun,2021,19,-0.6077907082998978,-0.7064903797623544,1.0060133807952047,0,287,12,2021-05-10,5,Pluvieuse
Boucle du Mouhoun,2021,20,-0.5965069394817228,-0.5271746813961183,0.7456154923367885,0,278,1,2021-05-17,5,Pluvieuse
Boucle du Mouhoun,2021,21,-0.5993278816862666,-1.2188209465230295,1.196971832331378,0,207,13,2021-05-24,5,Pluvieuse
Boucle du Mouhoun,2021,22,0.8083222783810607,-0.19415981300167934,1.249051410023061,0,260,8,2021-05-31,5,Pluvieuse
Boucle du Mouhoun,2021,23,2.4303640459937124,0.5999525654773665,-0.6258133868775358,0,242,1,2021-06-07,6,Pluvieuse
Boucle du Mouhoun,2021,24,1.5812604424260461,-1.0138887198187594,-0.03557817303846041,0,151,4,2021-06-14,6,Pluvieuse
Boucle du Mouhoun,2021,25,0.7124102434265736,-0.296625926353814,-0.8341316976442694,0,238,14,2021-06-21,6,Pluvieuse
Boucle du Mouhoun,2021,26,1.7730845123350205,0.190088112068827,1.1101725361785728,0,975,1,2021-06-28,6,Pluvieuse
Boucle du Mouhoun,2021,27,1.1045212098581536,-1.3212870598751643,-1.4417267707139074,0,1119,11,2021-07-05,7,Pluvieuse
Boucle du Mouhoun,2021,28,0.7321568388583798,-0.19415981300167934,-0.40013521688024223,0,1266,11,2021-07-12,7,Pluvieuse
Boucle du Mouhoun,2021,29,1.2794196265398656,-0.629640794748253,1.2837711284841835,0,1131,13,2021-07-19,7,Pluvieuse
Boucle du Mouhoun,2021,30,2.517813254334569,-0.6552573230862871,0.48521760387837215,0,1251,10,2021-07-26,7,Pluvieuse
Boucle du Mouhoun,2021,31,0.1679683979496314,-1.0907383048328607,0.5893767592617402,0,922,14,2021-08-02,8,Pluvieuse
Boucle du Mouhoun,2021,32,1.8746384316985951,0.3437872820970299,-1.059809867641563,0,1348,10,2021-08-09,8,Pluvieuse
Boucle du Mouhoun,2021,33,0.20464064660869996,-0.9114226064666247,-0.40013521688024223,0,1338,2,2021-08-16,8,Pluvieuse
Boucle du Mouhoun,2021,34,0.09180295842695026,-0.21977634133971255,0.38105844849500664,0,939,1,2021-08-23,8,Pluvieuse
Boucle du Mouhoun,2021,35,1.8577127784713328,0.24132116874489434,0.033861263883784916,0,929,12,2021-08-30,8,Pluvieuse
Boucle du Mouhoun,2021,36,2.5826949250390747,0.2925542254209626,1.3879302838675491,0,990,1,2021-09-06,9,Pluvieuse
Boucle du Mouhoun,2021,37,1.9790132932667137,-0.8858060781285906,0.4157781669561293,0,1014,9,2021-09-13,9,Pluvieuse
Boucle du Mouhoun,2021,38,1.801293934380458,-0.7577234364384218,-1.6153253630195181,0,890,8,2021-09-20,9,Pluvieuse
Boucle du Mouhoun,2021,39,1.3048081063807595,0.3950203387730972,0.9886535215646446,0,1167,9,2021-09-27,9,Pluvieuse
Boucle du Mouhoun,2021,40,0.5487955955630366,-1.3212870598751643,1.0407330992563273,0,1186,9,2021-10-04,10,Pluvieuse
Boucle du Mouhoun,2021,41,-0.616253534913529,-0.9114226064666247,-0.9382908530276374,0,1003,14,2021-10-11,10,Pluvieuse
Boucle du Mouhoun,2021,42,-0.6303582459362477,-1.0651217764948266,-0.018218313807897846,0,899,2,2021-10-18,10,Pluvieuse
Boucle du Mouhoun,2021,43,-0.5880441128680916,-0.19415981300167934,1.07545281771745,0,1341,14,2021-10-25,10,Pluvieuse
Boucle du Mouhoun,2021,44,-0.6980608588452976,-0.5015581530580843,1.0928126769480102,0,1418,9,2021-11-01,11,Sèche
Boucle du Mouhoun,2021,45,-0.6303582459362477,-1.2188209465230295,-1.2507683191777363,0,970,1,2021-11-08,11,Sèche
Boucle du Mouhoun,2021,46,-0.5824022284590041,-1.0395052481567935,-1.45908662994447,0,1286,11,2021-11-15,11,Sèche
Boucle du Mouhoun,2021,47,-0.6529257835725977,0.4718699237871978,1.2143316915619382,0,163,12,2021-11-22,11,Sèche
Boucle du Mouhoun,2021,48,-0.7065236854589287,-0.5015581530580843,-1.6153253630195181,0,253,1,2021-11-29,11,Sèche
Boucle du Mouhoun,2021,49,-0.6726723790044038,-0.3990920397059496,-1.2334084599471737,0,274,4,2021-12-06,12,Sèche
Boucle du Mouhoun,2021,50,-0.6360001303453352,0.3950203387730972,0.7976950700284712,0,166,11,2021-12-13,12,Sèche
Boucle du Mouhoun,2021,51,-0.627537303731704,-0.7577234364384218,-0.7820521199525866,0,172,7,2021-12-20,12,Sèche
Boucle du Mouhoun,2021,52,-0.7037027432543851,-0.3222424546918481,1.4052901430981093,0,163,12,2021-12-27,12,Sèche
Boucle du Mouhoun,2022,1,-0.5824022284590041,-0.629640794748253,-0.8341316976442694,0,206,4,2022-01-03,1,Sèche
Boucle du Mouhoun,2022,2,-0.6416420147544227,0.4462533954491655,0.8671345069507166,0,180,12,2022-01-10,1,Sèche
Boucle du Mouhoun,2022,3,-0.5993278816862666,-0.5015581530580843,1.07545281771745,0,212,10,2022-01-17,1,Sèche
Boucle du Mouhoun,2022,4,-0.6980608588452976,-0.3222424546918481,-0.2959760614968767,0,204,1,2022-01-24,1,Sèche
Boucle du Mouhoun,2022,5,-0.6642095523907726,0.523102980463266,0.8671345069507166,0,178,12,2022-01-31,1,Sèche
Boucle du Mouhoun,2022,6,-0.7065236854589287,-0.24539286967774668,1.4920894392509145,0,244,9,2022-02-07,2,Sèche
Boucle du Mouhoun,2022,7,-0.5993278816862666,-0.8601895497905564,0.05122112311434501,0,239,3,2022-02-14,2,Sèche
Boucle du Mouhoun,2022,8,-0.6218954193226165,-1.0907383048328607,0.2942591523422012,0,230,10,2022-02-21,2,Sèche
Boucle du Mouhoun,2022,9,-0.7037027432543851,0.42063686711113135,-1.5285260668667129,0,176,14,2022-02-28,2,Sèche
Boucle du Mouhoun,2022,10,-0.6895980322316664,2.5980417758440004,-1.354927474561102,0,186,2,2022-03-07,3,Sèche
Boucle du Mouhoun,2022,11,-0.7037027432543851,1.035433547223941,-0.5910936684164156,0,249,12,2022-03-14,3,Sèche
Boucle du Mouhoun,2022,12,-0.6867770900271225,2.2906434357875947,0.36369858926444404,0,233,11,2022-03-21,3,Sèche
Boucle du Mouhoun,2022,13,-0.69241897443621,1.3172153589423128,1.266411269253621,0,260,3,2022-03-28,3,Sèche
Boucle du Mouhoun,2022,14,-0.5908650550726353,1.7270798123508533,0.8671345069507166,0,203,0,2022-04-04,4,Sèche
Boucle du Mouhoun,2022,15,-0.5965069394817228,2.2650269074495606,0.346338730033884,0,172,5,2022-04-11,4,Sèche
Boucle du Mouhoun,2022,16,-0.6134325927089853,1.6246136989987168,1.6656880315565255,0,160,5,2022-04-18,4,Sèche
Boucle du Mouhoun,2022,17,-0.6811352056180351,1.7270798123508533,0.8844943661812766,0,181,11,2022-04-25,4,Sèche
Boucle du Mouhoun,2022,18,-0.604969766095354,1.3172153589423128,-1.5285260668667129,0,260,7,2022-05-02,5,Pluvieuse
Boucle du Mouhoun,2022,19,-0.5880441128680916,0.5999525654773665,-1.3202077560999792,0,173,9,2022-05-09,5,Pluvieuse
Boucle du Mouhoun,2022,20,-0.6642095523907726,-0.7577234364384218,-0.48693451303304763,0,232,14,2022-05-16,5,Pluvieuse
Boucle du Mouhoun,2022,21,-0.6190744771180727,0.523102980463266,-0.7299725422609038,0,272,10,2022-05-23,5,Pluvieuse
Boucle du Mouhoun,2022,22,1.56151384699424,-0.9114226064666247,0.12066056003659034,0,235,10,2022-05-30,5,Pluvieuse
Boucle du Mouhoun,2022,23,0.7829337985401671,-0.783339964776456,0.36369858926444404,0,223,11,2022-06-06,6,Pluvieuse
Boucle du Mouhoun,2022,24,1.1750447649717473,0.4718699237871978,-1.47644648917503,0,186,7,2022-06-13,6,Pluvieuse
Boucle du Mouhoun,2022,25,0.8760248912901107,0.4718699237871978,0.20745985618939577,0,229,0,2022-06-20,6,Pluvieuse
Boucle du Mouhoun,2022,26,1.8831012583122266,-1.3469035882131983,-1.3028478968694193,0,1066,14,2022-06-27,6,Pluvieuse
Boucle du Mouhoun,2022,27,1.3527641238580028,-1.3981366448892656,0.08594084157546768,0,1172,11,2022-07-04,7,Pluvieuse
Boucle du Mouhoun,2022,28,2.4134383927664502,-0.2710093980157808,-0.573733809185853,0,930,4,2022-07-11,7,Pluvieuse
Boucle du Mouhoun,2022,29,-0.07181168943658671,-0.6040242664102189,-1.5111662076361527,0,1193,6,2022-07-18,7,Pluvieuse
Boucle du Mouhoun,2022,30,2.02132742633487,-0.5527912097341515,0.27689929311163863,0,1180,2,2022-07-25,7,Pluvieuse
Boucle du Mouhoun,2022,31,0.19335687779052502,0.3437872820970299,0.3289788708033239,0,1354,10,2022-08-01,8,Pluvieuse
Boucle du Mouhoun,2022,32,0.5121233469039678,-0.296625926353814,0.08594084157546768,0,1045,13,2022-08-08,8,Pluvieuse
Boucle du Mouhoun,2022,33,1.5756185580169586,-1.116354833170894,0.1727401377282731,0,1445,7,2022-08-15,8,Pluvieuse
Boucle du Mouhoun,2022,34,1.90848973815312,-1.1419713615089282,-1.2681281784082965,0,1038,8,2022-08-22,8,Pluvieuse
Boucle du Mouhoun,2022,35,1.7110237838350582,-0.296625926353814,0.016501404653222352,0,1243,2,2022-08-29,8,Pluvieuse
Boucle du Mouhoun,2022,36,2.4388268726073434,-0.37347551136791546,-1.4417267707139074,0,1099,8,2022-09-05,9,Pluvieuse
Boucle du Mouhoun,2022,37,2.379587086311925,0.2925542254209626,-0.747332401491464,0,965,1,2022-09-12,9,Pluvieuse
Boucle du Mouhoun,2022,38,1.4599599276306654,-1.2444374748610627,-1.4938063484055901,0,899,13,2022-09-19,9,Pluvieuse
Boucle du Mouhoun,2022,39,0.08898201622240658,-0.5015581530580843,1.5962485946342826,0,947,13,2022-09-26,9,Pluvieuse
Boucle du Mouhoun,2022,40,1.637679286516921,0.4974864521252319,-0.9382908530276374,0,1251,2,2022-10-03,10,Pluvieuse
Boucle du Mouhoun,2022,41,-0.6783142634134913,0.26693769708292847,1.6656880315565255,0,1150,0,2022-10-10,10,Pluvieuse
Boucle du Mouhoun,2022,42,-0.6839561478225789,-1.116354833170894,0.36369858926444404,0,1288,8,2022-10-17,10,Pluvieuse
Boucle du Mouhoun,2022,43,-0.6642095523907726,-0.7321069081003877,-0.573733809185853,0,1421,11,2022-10-24,10,Pluvieuse
Boucle du Mouhoun,2022,44,-0.6501048413680539,0.11323852705472555,1.5094492984814771,0,1148,6,2022-10-31,10,Pluvieuse
Boucle du Mouhoun,2022,45,-0.6218954193226165,-1.0395052481567935,-1.3722873337916646,0,1376,4,2022-11-07,11,Sèche
Boucle du Mouhoun,2022,46,-0.6247163615271603,-1.270054003199097,-1.5806056445583956,0,897,7,2022-11-14,11,Sèche
Boucle du Mouhoun,2022,47,-0.7008818010498412,0.010772413702590895,-1.2507683191777363,0,202,1,2022-11-21,11,Sèche
Boucle du Mouhoun,2022,48,-0.6529257835725977,-1.270054003199097,1.0060133807952047,0,202,10,2022-11-28,11,Sèche
Boucle du Mouhoun,2022,49,-0.604969766095354,-0.5527912097341515,1.6656880315565255,0,149,0,2022-12-05,12,Sèche
Boucle du Mouhoun,2022,50,-0.6585676679816851,0.3950203387730972,-0.9382908530276374,0,150,5,2022-12-12,12,Sèche
Boucle du Mouhoun,2022,51,-0.5824022284590041,-0.6552573230862871,-0.3480556391885595,0,223,8,2022-12-19,12,Sèche
Boucle du Mouhoun,2022,52,-0.6331791881407914,0.4718699237871978,1.683047890787088,0,171,4,2022-12-26,12,Sèche
Boucle du Mouhoun,2023,1,-0.6077907082998978,-0.19415981300167934,0.8324147884895938,0,154,12,2023-01-02,1,Sèche
Boucle du Mouhoun,2023,2,-0.7065236854589287,-0.783339964776456,0.36369858926444404,0,241,9,2023-01-09,1,Sèche
Boucle du Mouhoun,2023,3,-0.6021488238908103,-0.8601895497905564,0.1727401377282731,0,167,2,2023-01-16,1,Sèche
Boucle du Mouhoun,2023,4,-0.638821072549879,0.190088112068827,-1.181328882255491,0,255,11,2023-01-23,1,Sèche
Boucle du Mouhoun,2023,5,-0.6839561478225789,-1.0138887198187594,-1.4938063484055901,0,190,13,2023-01-30,1,Sèche
Boucle du Mouhoun,2023,6,-0.6839561478225789,-0.5527912097341515,-0.5042943722636102,0,187,3,2023-02-06,2,Sèche
Boucle du Mouhoun,2023,7,-0.5824022284590041,-0.6040242664102189,1.249051410023061,0,283,2,2023-02-13,2,Sèche
Boucle du Mouhoun,2023,8,-0.6754933212089477,0.3694038104350631,0.762975351567351,0,217,7,2023-02-20,2,Sèche
Boucle du Mouhoun,2023,9,-0.6585676679816851,-0.6552573230862871,0.641456336953423,0,223,13,2023-02-27,2,Sèche
Boucle du Mouhoun,2023,10,-0.6134325927089853,0.9073509055337724,-0.24389648380519394,0,198,12,2023-03-06,3,Sèche
Boucle du Mouhoun,2023,11,-0.6895980322316664,1.5733806423226504,-1.6847647999417636,0,232,11,2023-03-13,3,Sèche
Boucle du Mouhoun,2023,12,-0.6529257835725977,1.7014632840128192,-0.1570971876523885,0,272,8,2023-03-20,3,Sèche
Boucle du Mouhoun,2023,13,-0.6811352056180351,1.2659823022662446,0.8671345069507166,0,256,9,2023-03-27,3,Sèche
Boucle du Mouhoun,2023,14,-0.6895980322316664,1.9320120390551225,0.5372971815700549,0,233,6,2023-04-03,4,Sèche
Boucle du Mouhoun,2023,15,-0.5993278816862666,1.5477641139846163,-0.018218313807897846,0,174,6,2023-04-10,4,Sèche
Boucle du Mouhoun,2023,16,-0.5711184596408291,1.5477641139846163,-1.5458859260972753,0,237,7,2023-04-17,4,Sèche
Boucle du Mouhoun,2023,17,-0.6726723790044038,1.0610500755619752,-1.45908662994447,0,177,2,2023-04-24,4,Sèche
Boucle du Mouhoun,2023,18,-0.7008818010498412,1.7783128690269197,0.762975351567351,0,285,7,2023-05-01,5,Pluvieuse
Boucle du Mouhoun,2023,19,-0.6642095523907726,0.21570464040686113,0.346338730033884,0,209,4,2023-05-08,5,Pluvieuse
Boucle du Mouhoun,2023,20,-0.6726723790044038,0.5999525654773665,0.06858098234490759,0,193,5,2023-05-15,5,Pluvieuse
Boucle du Mouhoun,2023,21,-0.6077907082998978,-0.7577234364384218,0.1727401377282731,0,198,13,2023-05-22,5,Pluvieuse
Boucle du Mouhoun,2023,22,1.2512102044944282,-0.5527912097341515,-1.7021246591723236,0,151,13,2023-05-29,5,Pluvieuse
Boucle du Mouhoun,2023,23,0.27798514392683726,-1.3212870598751643,-0.3133359207274368,0,256,9,2023-06-05,6,Pluvieuse
Boucle du Mouhoun,2023,24,2.120060403493901,-1.3212870598751643,1.0233732400257674,0,158,0,2023-06-12,6,Pluvieuse
Boucle du Mouhoun,2023,25,1.888743142721314,-0.6808738514243203,-0.7299725422609038,0,272,6,2023-06-19,6,Pluvieuse
Boucle du Mouhoun,2023,26,2.6729650755844747,-0.8345730214525232,0.033861263883784916,0,1039,0,2023-06-26,6,Pluvieuse
Boucle du Mouhoun,2023,27,1.7871892233577393,-0.7321069081003877,0.24217957465051843,0,1312,12,2023-07-03,7,Pluvieuse
Boucle du Mouhoun,2023,28,2.032611195153045,0.3437872820970299,-1.2160486007166138,0,915,7,2023-07-10,7,Pluvieuse
Boucle du Mouhoun,2023,29,2.6391137691299495,-1.0395052481567935,1.2143316915619382,0,1022,13,2023-07-17,7,Pluvieuse
Boucle du Mouhoun,2023,30,0.47263015604035546,0.2925542254209626,1.6483281723259653,0,1293,5,2023-07-24,7,Pluvieuse
Boucle du Mouhoun,2023,31,0.43031602297219934,-1.116354833170894,-0.8514915568748319,0,1076,8,2023-07-31,7,Pluvieuse
Boucle du Mouhoun,2023,32,0.5798259598130178,0.4974864521252319,1.0928126769480102,0,1117,13,2023-08-07,8,Pluvieuse
Boucle du Mouhoun,2023,33,-0.09155828486839299,-0.962655663142692,1.1796119731008157,0,1011,13,2023-08-14,8,Pluvieuse
Boucle du Mouhoun,2023,34,0.5375118267448616,-0.8089564931144891,0.25953943388107853,0,1005,2,2023-08-21,8,Pluvieuse
Boucle du Mouhoun,2023,35,0.11437049606330021,0.13885505539275966,-1.1986887414860536,0,1265,14,2023-08-28,8,Pluvieuse
Boucle du Mouhoun,2023,36,2.342914837652857,-0.5784077380721857,0.9886535215646446,0,1008,8,2023-09-04,9,Pluvieuse
Boucle du Mouhoun,2023,37,1.2088960714262722,0.5999525654773665,-0.24389648380519394,0,1340,8,2023-09-11,9,Pluvieuse
Boucle du Mouhoun,2023,38,2.215972438448388,-0.34785898302988133,1.2837711284841835,0,1179,3,2023-09-18,9,Pluvieuse
Boucle du Mouhoun,2023,39,2.6475765957435806,-1.1932044181849955,-0.8341316976442694,0,1303,3,2023-09-25,9,Pluvieuse
Boucle du Mouhoun,2023,40,1.3217337596080219,0.42063686711113135,-0.7994119791831467,0,1154,0,2023-10-02,10,Pluvieuse
Boucle du Mouhoun,2023,41,-0.6754933212089477,0.6255690938154007,0.48521760387837215,0,892,2,2023-10-09,10,Pluvieuse
Boucle du Mouhoun,2023,42,-0.6077907082998978,-1.0138887198187594,-1.059809867641563,0,962,14,2023-10-16,10,Pluvieuse
Boucle du Mouhoun,2023,43,-0.616253534913529,-0.8345730214525232,1.4747295800203546,0,1223,0,2023-10-23,10,Pluvieuse
Boucle du Mouhoun,2023,44,-0.69241897443621,-0.34785898302988133,0.7803352107979111,0,961,6,2023-10-30,10,Pluvieuse
Boucle du Mouhoun,2023,45,-0.5795812862544604,0.3950203387730972,1.7351274684787708,0,965,6,2023-11-06,11,Sèche
Boucle du Mouhoun,2023,46,-0.6077907082998978,0.21570464040686113,-1.1466091637943685,0,949,6,2023-11-13,11,Sèche
Boucle du Mouhoun,2023,47,-0.7037027432543851,0.21570464040686113,1.1796119731008157,0,192,4,2023-11-20,11,Sèche
Boucle du Mouhoun,2023,48,-0.6698514367998601,-0.5784077380721857,0.4331380261866894,0,256,10,2023-11-27,11,Sèche
Boucle du Mouhoun,2023,49,-0.6077907082998978,0.26693769708292847,-0.6431732461080985,0,232,5,2023-12-04,12,Sèche
Boucle du Mouhoun,2023,50,-0.6783142634134913,-0.7064903797623544,0.7456154923367885,0,175,9,2023-12-11,12,Sèche
Boucle du Mouhoun,2023,51,-0.5993278816862666,-1.295670531537131,1.0580929584868874,0,146,9,2023-12-18,12,Sèche
Boucle du Mouhoun,2023,52,-0.6754933212089477,-1.2444374748610627,-1.3722873337916646,0,192,6,2023-12-25,12,Sèche
Boucle du Mouhoun,2024,1,-0.6867770900271225,-1.295670531537131,-0.40013521688024223,0,153,3,2024-01-01,1,Sèche
Boucle du Mouhoun,2024,2,-0.6585676679816851,-0.6552573230862871,1.3532105654064264,0,261,7,2024-01-08,1,Sèche
Boucle du Mouhoun,2024,3,-0.6106116505044415,-0.4503250963820169,1.6483281723259653,0,195,6,2024-01-15,1,Sèche
Boucle du Mouhoun,2024,4,-0.6698514367998601,0.523102980463266,-1.0250901491804427,0,193,11,2024-01-22,1,Sèche
Boucle du Mouhoun,2024,5,-0.5795812862544604,0.11323852705472555,1.5962485946342826,0,155,8,2024-01-29,1,Sèche
Boucle du Mouhoun,2024,6,-0.6247163615271603,-0.06607717131151056,-0.2959760614968767,0,185,5,2024-02-05,2,Sèche
Boucle du Mouhoun,2024,7,-0.6218954193226165,0.42063686711113135,-1.0077302899498801,0,208,4,2024-02-12,2,Sèche
Boucle du Mouhoun,2024,8,-0.7037027432543851,-0.4759416247200501,1.0060133807952047,0,196,14,2024-02-19,2,Sèche
Boucle du Mouhoun,2024,9,-0.5908650550726353,-0.6808738514243203,0.658816196183983,0,200,2,2024-02-26,2,Sèche
Boucle du Mouhoun,2024,10,-0.6642095523907726,1.5733806423226504,-0.8688514161053921,0,278,12,2024-03-04,3,Sèche
Boucle du Mouhoun,2024,11,-0.6754933212089477,1.6246136989987168,-0.46957465380248753,0,240,10,2024-03-11,3,Sèche
Boucle du Mouhoun,2024,12,-0.6077907082998978,1.16351618891411,1.0233732400257674,0,222,7,2024-03-18,3,Sèche
Boucle du Mouhoun,2024,13,-0.6698514367998601,1.0866666039000095,1.07545281771745,0,199,14,2024-03-25,3,Sèche
Boucle du Mouhoun,2024,14,-0.5711184596408291,1.1378996605760758,0.8844943661812766,0,198,13,2024-04-01,4,Sèche
Boucle du Mouhoun,2024,15,-0.5767603440499166,1.9063955107170885,-0.6431732461080985,1,141,8,2024-04-08,4,Sèche
Boucle du Mouhoun,2024,16,-0.6642095523907726,1.9320120390551225,-1.45908662994447,1,146,2,2024-04-15,4,Sèche
Boucle du Mouhoun,2024,17,-0.616253534913529,1.3940649439564134,-1.5111662076361527,0,246,7,2024-04-22,4,Sèche
Boucle du Mouhoun,2024,18,-0.6895980322316664,1.829545925702988,1.6136084538648428,0,186,7,2024-04-29,4,Sèche
Boucle du Mouhoun,2024,19,-0.5880441128680916,0.08762199871669235,-0.747332401491464,0,148,13,2024-05-06,5,Pluvieuse
Boucle du Mouhoun,2024,20,-0.6501048413680539,-0.6040242664102189,0.15538027849771302,0,267,14,2024-05-13,5,Pluvieuse
Boucle du Mouhoun,2024,21,-0.6472838991635101,-1.270054003199097,-1.47644648917503,0,206,11,2024-05-20,5,Pluvieuse
Boucle du Mouhoun,2024,22,1.5276625405397148,-0.11731022798757788,1.57888873540372,0,212,10,2024-05-27,5,Pluvieuse
Boucle du Mouhoun,2024,23,1.6461421131305523,-0.7577234364384218,1.4747295800203546,0,223,14,2024-06-03,6,Pluvieuse
Boucle du Mouhoun,2024,24,1.2117170136308157,-1.3981366448892656,-0.3133359207274368,0,266,14,2024-06-10,6,Pluvieuse
Boucle du Mouhoun,2024,25,1.4797065230624713,0.3950203387730972,-0.22653662457463136,1,220,14,2024-06-17,6,Pluvieuse
Boucle du Mouhoun,2024,26,0.8393526426310419,-0.06607717131151056,-0.12237746919126584,1,1382,13,2024-06-24,6,Pluvieuse
Boucle du Mouhoun,2024,27,1.428929563380684,-1.0395052481567935,-0.8688514161053921,0,852,11,2024-07-01,7,Pluvieuse
Boucle du Mouhoun,2024,28,2.0044017731076074,-0.9114226064666247,0.8671345069507166,0,932,14,2024-07-08,7,Pluvieuse
Boucle du Mouhoun,2024,29,0.5121233469039678,0.3181707537589958,0.346338730033884,0,1159,5,2024-07-15,7,Pluvieuse
Boucle du Mouhoun,2024,30,2.2018677274256695,-1.295670531537131,-1.6153253630195181,0,949,12,2024-07-22,7,Pluvieuse
Boucle du Mouhoun,2024,31,2.06646250160757,0.3437872820970299,-0.1744570468829486,0,954,8,2024-07-29,7,Pluvieuse
Boucle du Mouhoun,2024,32,1.49381123408519,-0.8601895497905564,0.20745985618939577,0,1187,11,2024-08-05,8,Pluvieuse
Boucle du Mouhoun,2024,33,2.4839619478800437,-1.1419713615089282,1.2316915507924984,0,1094,3,2024-08-12,8,Pluvieuse
Boucle du Mouhoun,2024,34,1.7476960324941269,0.3694038104350631,1.4573697207897944,0,960,8,2024-08-19,8,Pluvieuse
Boucle du Mouhoun,2024,35,2.4360059304028,-0.6040242664102189,-0.24389648380519394,0,883,3,2024-08-26,8,Pluvieuse
Boucle du Mouhoun,2024,36,1.307629048585303,-1.1675878898469623,0.4331380261866894,0,1187,5,2024-09-02,9,Pluvieuse
Boucle du Mouhoun,2024,37,0.5008395780857929,-0.19415981300167934,-1.5632457853278354,0,824,4,2024-09-09,9,Pluvieuse
Boucle du Mouhoun,2024,38,0.29773173935864355,-0.4503250963820169,0.8150549292590338,0,958,7,2024-09-16,9,Pluvieuse
Boucle du Mouhoun,2024,39,0.27798514392683726,-0.42470856804398277,-1.2507683191777363,0,1216,4,2024-09-23,9,Pluvieuse
Boucle du Mouhoun,2024,40,2.252644687107457,0.5487195088013002,0.6761760554145456,0,1284,10,2024-09-30,9,Pluvieuse
Boucle du Mouhoun,2024,41,-0.627537303731704,-1.0907383048328607,0.15538027849771302,0,1381,2,2024-10-07,10,Pluvieuse
Boucle du Mouhoun,2024,42,-0.6726723790044038,-0.6552573230862871,0.25953943388107853,0,1107,3,2024-10-14,10,Pluvieuse
Boucle du Mouhoun,2024,43,-0.6670304945953164,-0.42470856804398277,0.36369858926444404,0,1397,14,2024-10-21,10,Pluvieuse
Boucle du Mouhoun,2024,44,-0.7065236854589287,-0.962655663142692,-1.7368443776334463,0,914,10,2024-10-28,10,Pluvieuse
Boucle du Mouhoun,2024,45,-0.6134325927089853,-1.2444374748610627,-0.7646922607220265,0,1374,14,2024-11-04,11,Sèche
Boucle du Mouhoun,2024,46,-0.6303582459362477,0.523102980463266,-0.40013521688024223,0,1031,1,2024-11-11,11,Sèche
Boucle du Mouhoun,2024,47,-0.6754933212089477,-0.142926756325612,-0.5216542314941703,0,206,0,2024-11-18,11,Sèche
Boucle du Mouhoun,2024,48,-0.6980608588452976,-0.5271746813961183,-0.6258133868775358,0,254,0,2024-11-25,11,Sèche
Boucle du Mouhoun,2024,49,-0.7008818010498412,0.010772413702590895,-1.4070070522527847,0,143,1,2024-12-02,12,Sèche
Boucle du Mouhoun,2024,50,-0.5795812862544604,-1.0138887198187594,-1.3896471930222245,0,168,4,2024-12-09,12,Sèche
Boucle du Mouhoun,2024,51,-0.6360001303453352,-0.040460642973476436,-0.452214794571925,0,168,11,2024-12-16,12,Sèche
Boucle du Mouhoun,2024,52,-0.6331791881407914,0.6255690938154007,0.10330070080602778,0,263,3,2024-12-23,12,Sèche
Boucle du Mouhoun,2025,1,-0.5936859972771792,-1.0138887198187594,0.8324147884895938,0,272,12,2025-01-06,1,Sèche
Boucle du Mouhoun,2025,2,-0.5908650550726353,-0.24539286967774668,-0.556373949955293,0,242,5,2025-01-13,1,Sèche
Boucle du Mouhoun,2025,3,-0.5936859972771792,-0.8089564931144891,0.6067366184923002,0,147,11,2025-01-20,1,Sèche
Boucle du Mouhoun,2025,4,-0.6501048413680539,-0.629640794748253,-1.45908662994447,0,191,0,2025-01-27,1,Sèche
Boucle du Mouhoun,2025,5,-0.5908650550726353,0.5743360371393342,-0.1570971876523885,0,243,0,2025-02-03,2,Sèche
Boucle du Mouhoun,2025,6,-0.5711184596408291,0.06200547037865822,0.7456154923367885,0,147,13,2025-02-10,2,Sèche
Boucle du Mouhoun,2025,7,-0.6444629569589664,-0.34785898302988133,-0.9903704307193201,0,208,0,2025-02-17,2,Sèche
Boucle du Mouhoun,2025,8,-0.6867770900271225,-0.8089564931144891,0.12066056003659034,0,204,5,2025-02-24,2,Sèche
Boucle du Mouhoun,2025,9,-0.5936859972771792,-0.09169369964954377,1.1275323954091327,0,189,1,2025-03-03,3,Sèche
Boucle du Mouhoun,2025,10,-0.5711184596408291,1.2403657739282106,1.370570424636989,0,256,10,2025-03-10,3,Sèche
Boucle du Mouhoun,2025,11,-0.6839561478225789,0.984200490547873,-0.1570971876523885,0,230,6,2025-03-17,3,Sèche
Boucle du Mouhoun,2025,12,-0.6726723790044038,1.2915988306042787,0.346338730033884,0,263,4,2025-03-24,3,Sèche
Boucle du Mouhoun,2025,13,-0.6642095523907726,1.035433547223941,-1.285488037638859,0,271,8,2025-03-31,3,Sèche
Boucle du Mouhoun,2025,14,-0.6783142634134913,1.2915988306042787,0.5546570408006175,0,173,2,2025-04-07,4,Sèche
Boucle du Mouhoun,2025,15,-0.6021488238908103,1.983245095731191,1.1622521138702555,1,262,12,2025-04-14,4,Sèche
Boucle du Mouhoun,2025,16,-0.6021488238908103,1.6246136989987168,-1.1639690230249309,1,230,13,2025-04-21,4,Sèche
Boucle du Mouhoun,2025,17,-0.6895980322316664,2.4443426058157978,-0.7646922607220265,0,272,11,2025-04-28,4,Sèche
Boucle du Mouhoun,2025,18,-0.616253534913529,1.6758467556747851,0.3116190115727613,0,139,6,2025-05-05,5,Pluvieuse
Boucle du Mouhoun,2025,19,-0.7008818010498412,-0.3222424546918481,1.2143316915619382,0,148,7,2025-05-12,5,Pluvieuse
Boucle du Mouhoun,2025,20,-0.6444629569589664,-1.116354833170894,0.4157781669561293,0,197,2,2025-05-19,5,Pluvieuse
Boucle du Mouhoun,2025,21,-0.5993278816862666,0.3437872820970299,1.1796119731008157,0,173,6,2025-05-26,5,Pluvieuse
Boucle du Mouhoun,2025,22,1.702560957221427,0.4974864521252319,0.1900999969588332,0,164,8,2025-06-02,6,Pluvieuse
Boucle du Mouhoun,2025,23,2.1454488833347947,-1.3212870598751643,-0.20917676534407126,0,255,4,2025-06-09,6,Pluvieuse
Boucle du Mouhoun,2025,24,1.8718174894940516,-0.8345730214525232,0.46785774464781205,0,139,6,2025-06-16,6,Pluvieuse
Boucle du Mouhoun,2025,25,2.4754991212664126,-0.8858060781285906,1.0580929584868874,1,152,14,2025-06-23,6,Pluvieuse
Boucle du Mouhoun,2025,26,2.5262760809482,0.010772413702590895,-0.6431732461080985,1,1127,13,2025-06-30,6,Pluvieuse
Boucle du Mouhoun,2025,27,0.5290490001312304,-1.2444374748610627,0.15538027849771302,0,870,12,2025-07-07,7,Pluvieuse
Boucle du Mouhoun,2025,28,0.6898427057902237,0.2925542254209626,-1.354927474561102,0,908,11,2025-07-14,7,Pluvieuse
Boucle du Mouhoun,2025,29,1.6630677663578144,-0.7064903797623544,-1.2160486007166138,0,1360,4,2025-07-21,7,Pluvieuse
Boucle du Mouhoun,2025,30,1.6094698644714835,-0.142926756325612,1.2316915507924984,0,1059,0,2025-07-28,7,Pluvieuse
Boucle du Mouhoun,2025,31,2.4642153524482375,0.3950203387730972,-0.05293803226902051,0,885,14,2025-08-04,8,Pluvieuse
Boucle du Mouhoun,2025,32,1.4458552166079466,0.3694038104350631,0.05122112311434501,0,813,11,2025-08-11,8,Pluvieuse
Boucle du Mouhoun,2025,33,0.07487730519968787,-0.8601895497905564,-0.6778929645692211,0,1141,9,2025-08-18,8,Pluvieuse
Boucle du Mouhoun,2025,34,1.0932374410399788,-0.8345730214525232,1.2837711284841835,0,1217,0,2025-08-25,8,Pluvieuse
Boucle du Mouhoun,2025,35,1.9395201024031015,0.3950203387730972,1.6309683130954054,0,988,4,2025-09-01,9,Pluvieuse
Boucle du Mouhoun,2025,36,0.861920180267392,0.5999525654773665,0.6761760554145456,0,1151,4,2025-09-08,9,Pluvieuse
Boucle du Mouhoun,2025,37,1.3217337596080219,0.5999525654773665,0.6935359146451057,0,1344,10,2025-09-15,9,Pluvieuse
Boucle du Mouhoun,2025,38,-0.060527920618411786,0.08762199871669235,-1.6500450814806409,0,1329,10,2025-09-22,9,Pluvieuse
Boucle du Mouhoun,2025,39,1.2568520889035157,0.21570464040686113,1.1622521138702555,0,812,4,2025-09-29,9,Pluvieuse
Boucle du Mouhoun,2025,40,1.603827980062396,-1.1675878898469623,1.4920894392509145,0,1143,6,2025-10-06,10,Pluvieuse
Boucle du Mouhoun,2025,41,-0.6021488238908103,-0.4503250963820169,-1.0771697268721256,0,988,13,2025-10-13,10,Pluvieuse
Boucle du Mouhoun,2025,42,-0.6360001303453352,-0.629640794748253,0.1727401377282731,0,1038,5,2025-10-20,10,Pluvieuse
Boucle du Mouhoun,2025,43,-0.6867770900271225,-0.9114226064666247,0.25953943388107853,0,1266,0,2025-10-27,10,Pluvieuse
Boucle du Mouhoun,2025,44,-0.5739394018453728,0.3694038104350631,-1.5111662076361527,0,1139,13,2025-11-03,11,Sèche
Boucle du Mouhoun,2025,45,-0.6416420147544227,-0.3222424546918481,-1.2334084599471737,0,1000,2,2025-11-10,11,Sèche
Boucle du Mouhoun,2025,46,-0.6811352056180351,-1.0395052481567935,-0.4174950761108048,0,1094,5,2025-11-17,11,Sèche
Boucle du Mouhoun,2025,47,-0.6472838991635101,-1.3725201165512315,0.5372971815700549,0,252,9,2025-11-24,11,Sèche
Boucle du Mouhoun,2025,48,-0.616253534913529,0.4462533954491655,-1.6153253630195181,0,142,2,2025-12-01,12,Sèche
Boucle du Mouhoun,2025,49,-0.69241897443621,0.5999525654773665,0.5893767592617402,0,238,1,2025-12-08,12,Sèche
Boucle du Mouhoun,2025,50,-0.5739394018453728,0.11323852705472555,-1.5806056445583956,0,192,3,2025-12-15,12,Sèche
Boucle du Mouhoun,2025,51,-0.6218954193226165,-0.3990920397059496,-0.4348549353413649,0,218,5,2025-12-22,12,Sèche
Boucle du Mouhoun,2025,52,-0.616253534913529,-0.4503250963820169,0.39841830772556674,0,177,0,2025-12-29,12,Sèche
Boucle du Mouhoun,2026,1,-0.6021488238908103,-0.014844114635443224,-0.018218313807897846,0,264,8,2026-01-05,1,Sèche
Boucle du Mouhoun,2026,2,-0.5880441128680916,0.3181707537589958,-0.573733809185853,0,136,10,2026-01-12,1,Sèche
Boucle du Mouhoun,2026,3,-0.6190744771180727,0.3694038104350631,-1.3896471930222245,0,155,10,2026-01-19,1,Sèche
Boucle du Mouhoun,2026,4,-0.6895980322316664,0.03638894204062502,0.658816196183983,0,202,3,2026-01-26,1,Sèche
Boucle du Mouhoun,2026,5,-0.5965069394817228,-1.0651217764948266,-1.3722873337916646,0,222,13,2026-02-02,2,Sèche
Boucle du Mouhoun,2026,6,-0.6895980322316664,0.24132116874489434,1.1796119731008157,0,236,11,2026-02-09,2,Sèche
Boucle du Mouhoun,2026,7,-0.6472838991635101,0.11323852705472555,-0.8688514161053921,0,264,13,2026-02-16,2,Sèche
Boucle du Mouhoun,2026,8,-0.6839561478225789,-0.6040242664102189,-1.667404940711201,0,190,8,2026-02-23,2,Sèche
Boucle du Mouhoun,2026,9,-0.6501048413680539,0.24132116874489434,1.3879302838675491,0,136,2,2026-03-02,3,Sèche
Boucle du Mouhoun,2026,10,-0.6839561478225789,2.3418764924636633,-0.6605331053386585,0,260,13,2026-03-09,3,Sèche
Boucle du Mouhoun,2026,11,-0.6839561478225789,1.1378996605760758,1.6309683130954054,0,211,0,2026-03-16,3,Sèche
Boucle du Mouhoun,2026,12,-0.5711184596408291,2.0857112090833256,-1.6500450814806409,0,224,2,2026-03-23,3,Sèche
Boucle du Mouhoun,2026,13,-0.6952399166407538,2.5724252475059664,-1.7194845184028862,0,196,12,2026-03-30,3,Sèche
Boucle du Mouhoun,2026,14,-0.6021488238908103,2.3931095491397296,1.2316915507924984,0,234,9,2026-04-06,4,Sèche
Boucle du Mouhoun,2026,15,-0.6529257835725977,2.0857112090833256,0.641456336953423,1,229,9,2026-04-13,4,Sèche
Boucle du Mouhoun,2026,16,-0.69241897443621,1.6246136989987168,-0.08765775073014317,1,234,11,2026-04-20,4,Sèche
Boucle du Mouhoun,2026,17,-0.661388610186229,1.3684484156183792,0.36369858926444404,0,143,12,2026-04-27,4,Sèche
Boucle du Mouhoun,2026,18,-0.6867770900271225,1.1122831322380418,1.5268091577120373,0,254,5,2026-05-04,5,Pluvieuse
Boucle du Mouhoun,2026,19,-0.6783142634134913,-0.5271746813961183,1.370570424636989,0,153,1,2026-05-11,5,Pluvieuse
Boucle du Mouhoun,2026,20,-0.6501048413680539,0.5999525654773665,1.0233732400257674,0,211,11,2026-05-18,5,Pluvieuse
Boucle du Mouhoun,2026,21,-0.5824022284590041,-0.296625926353814,1.4052901430981093,0,152,10,2026-05-25,5,Pluvieuse
Boucle du Mouhoun,2026,22,2.306242588993788,0.21570464040686113,1.0580929584868874,0,166,12,2026-06-01,6,Pluvieuse
Boucle du Mouhoun,2026,23,0.29773173935864355,-0.37347551136791546,-0.5216542314941703,0,187,0,2026-06-08,6,Pluvieuse
Boucle du Mouhoun,2026,24,2.3203473000165067,-1.116354833170894,-1.4243669114833473,0,205,6,2026-06-15,6,Pluvieuse
Boucle du Mouhoun,2026,25,0.038205056540619196,-1.3725201165512315,-1.1986887414860536,1,159,14,2026-06-22,6,Pluvieuse
Boucle du Mouhoun,2026,26,1.0227138859263853,-0.4503250963820169,0.06858098234490759,1,1156,13,2026-06-29,6,Pluvieuse
Boucle du Mouhoun,2026,27,2.263928455925632,-0.9882721914807252,-1.285488037638859,0,1093,3,2026-07-06,7,Pluvieuse
Boucle du Mouhoun,2026,28,0.23567101085868117,-0.937039134804658,0.5893767592617402,0,910,8,2026-07-13,7,Pluvieuse
Boucle du Mouhoun,2026,29,1.2596730311080595,-1.2188209465230295,0.4157781669561293,0,1088,7,2026-07-20,7,Pluvieuse
Boucle du Mouhoun,2026,30,2.447289699220975,-0.8858060781285906,1.0580929584868874,0,1232,4,2026-07-27,7,Pluvieuse
Boucle du Mouhoun,2026,31,2.5742320984254436,-0.7321069081003877,-0.747332401491464,0,783,4,2026-08-03,8,Pluvieuse
Boucle du Mouhoun,2026,32,1.4176457945625092,-0.19415981300167934,-0.1744570468829486,0,865,2,2026-08-10,8,Pluvieuse
Boucle du Mouhoun,2026,33,0.20464064660869996,-0.7577234364384218,-0.6258133868775358,0,1253,14,2026-08-17,8,Pluvieuse
Boucle du Mouhoun,2026,34,2.215972438448388,0.3181707537589958,-0.13973732842182593,0,1226,9,2026-08-24,8,Pluvieuse
Boucle du Mouhoun,2026,35,0.7236940122447485,-0.8601895497905564,0.8324147884895938,0,1094,0,2026-08-31,8,Pluvieuse
Boucle du Mouhoun,2026,36,0.7265149544492923,-1.3725201165512315,-0.261256343035754,0,841,7,2026-09-07,9,Pluvieuse
Boucle du Mouhoun,2026,37,1.406362025744334,-1.3212870598751643,0.39841830772556674,0,1308,8,2026-09-14,9,Pluvieuse
Boucle du Mouhoun,2026,38,2.3090635311983316,-0.5015581530580843,-1.0077302899498801,0,1143,1,2026-09-21,9,Pluvieuse
Boucle du Mouhoun,2026,39,2.2780331669483505,0.26693769708292847,-1.4938063484055901,0,1328,1,2026-09-28,9,Pluvieuse
Boucle du Mouhoun,2026,40,0.5431537111539491,-1.3212870598751643,-0.08765775073014317,0,822,10,2026-10-05,10,Pluvieuse
Boucle du Mouhoun,2026,41,-0.604969766095354,0.190088112068827,-0.4348549353413649,0,1135,11,2026-10-12,10,Pluvieuse
Boucle du Mouhoun,2026,42,-0.5852231706635478,-0.19415981300167934,0.762975351567351,0,801,4,2026-10-19,10,Pluvieuse
Boucle du Mouhoun,2026,43,-0.6472838991635101,-1.116354833170894,1.683047890787088,0,1177,0,2026-10-26,10,Pluvieuse
Boucle du Mouhoun,2026,44,-0.6783142634134913,-0.24539286967774668,1.1622521138702555,0,1190,12,2026-11-02,11,Sèche
Boucle du Mouhoun,2026,45,-0.6331791881407914,-1.0651217764948266,-1.6153253630195181,0,1137,11,2026-11-09,11,Sèche
Boucle du Mouhoun,2026,46,-0.7065236854589287,-0.4759416247200501,-1.0945295861026856,0,979,14,2026-11-16,11,Sèche
Boucle du Mouhoun,2026,47,-0.6218954193226165,-1.1932044181849955,-1.0945295861026856,0,197,0,2026-11-23,11,Sèche
Boucle du Mouhoun,2026,48,-0.6218954193226165,0.26693769708292847,1.57888873540372,0,201,8,2026-11-30,11,Sèche
Boucle du Mouhoun,2026,49,-0.6895980322316664,-1.3212870598751643,0.2942591523422012,0,181,6,2026-12-07,12,Sèche
Boucle du Mouhoun,2026,50,-0.6529257835725977,-1.2188209465230295,1.4226500023286717,0,231,3,2026-12-14,12,Sèche
Boucle du Mouhoun,2026,51,-0.6980608588452976,0.6255690938154007,-0.4174950761108048,0,259,10,2026-12-21,12,Sèche
Boucle du Mouhoun,2026,52,-0.6698514367998601,0.5999525654773665,-1.6847647999417636,0,145,5,2026-12-28,12,Sèche
Cascades,2013,1,-0.6077907082998978,-0.142926756325612,-1.354927474561102,0,323,1,2013-01-07,1,Sèche
Cascades,2013,2,-0.6501048413680539,0.24132116874489434,-0.573733809185853,0,286,14,2013-01-14,1,Sèche
Cascades,2013,3,-0.627537303731704,-0.6808738514243203,1.6309683130954054,0,258,3,2013-01-21,1,Sèche
Cascades,2013,4,-0.638821072549879,-0.7064903797623544,-0.6084535276469758,0,343,9,2013-01-28,1,Sèche
Cascades,2013,5,-0.5767603440499166,0.24132116874489434,1.5094492984814771,0,317,1,2013-02-04,2,Sèche
Cascades,2013,6,-0.7093446276634725,0.24132116874489434,-0.7994119791831467,0,300,3,2013-02-11,2,Sèche
Cascades,2013,7,-0.6754933212089477,-0.783339964776456,-0.07029789149958307,0,323,2,2013-02-18,2,Sèche
Cascades,2013,8,-0.5965069394817228,0.13885505539275966,-0.8862112753359521,0,228,14,2013-02-25,2,Sèche
Cascades,2013,9,-0.6472838991635101,-0.09169369964954377,-1.5632457853278354,0,301,11,2013-03-04,3,Sèche
Cascades,2013,10,-0.6670304945953164,1.2403657739282106,-1.4070070522527847,0,244,3,2013-03-11,3,Sèche
Cascades,2013,11,-0.6895980322316664,1.009817018885907,1.7004077500176482,0,192,14,2013-03-18,3,Sèche
Cascades,2013,12,-0.7037027432543851,2.3674930208016973,1.5441690169426,0,335,2,2013-03-25,3,Sèche
Cascades,2013,13,-0.6077907082998978,1.8807789823790544,-0.7994119791831467,0,184,1,2013-04-01,4,Sèche
Cascades,2013,14,-0.6839561478225789,0.9329674338718065,-0.452214794571925,0,184,4,2013-04-08,4,Sèche
Cascades,2013,15,-0.6585676679816851,2.18817732243546,0.5893767592617402,0,338,4,2013-04-15,4,Sèche
Cascades,2013,16,-0.69241897443621,1.3940649439564134,1.7177676092482108,0,329,2,2013-04-22,4,Sèche
Cascades,2013,17,-0.6021488238908103,1.6502302273367508,0.8844943661812766,0,342,11,2013-04-29,4,Sèche
Cascades,2013,18,-0.6952399166407538,1.1122831322380418,0.016501404653222352,0,183,13,2013-05-06,5,Pluvieuse
Cascades,2013,19,-0.5936859972771792,-1.1419713615089282,-0.3654154984191196,0,268,10,2013-05-13,5,Pluvieuse
Cascades,2013,20,-0.6331791881407914,-1.1419713615089282,1.0407330992563273,0,296,12,2013-05-20,5,Pluvieuse
Cascades,2013,21,-0.6754933212089477,0.6255690938154007,0.06858098234490759,0,260,1,2013-05-27,5,Pluvieuse
Cascades,2013,22,1.5248415983351713,0.190088112068827,0.4157781669561293,0,182,8,2013-06-03,6,Pluvieuse
Cascades,2013,23,0.07769824740423155,-0.142926756325612,-1.4070070522527847,0,279,13,2013-06-10,6,Pluvieuse
Cascades,2013,24,0.38236000549495586,-0.42470856804398277,-1.5632457853278354,0,197,1,2013-06-17,6,Pluvieuse
Cascades,2013,25,1.3809735459034402,-1.0395052481567935,-0.556373949955293,0,184,1,2013-06-24,6,Pluvieuse
Cascades,2013,26,2.650397537948124,0.190088112068827,-0.6952528237997811,0,1272,5,2013-07-01,7,Pluvieuse
Cascades,2013,27,0.09180295842695026,-0.8345730214525232,-0.40013521688024223,0,1053,9,2013-07-08,7,Pluvieuse
Cascades,2013,28,2.4642153524482375,-0.2710093980157808,0.1727401377282731,0,1288,14,2013-07-15,7,Pluvieuse
Cascades,2013,29,0.4331369651767431,-0.09169369964954377,-0.4348549353413649,0,1391,1,2013-07-22,7,Pluvieuse
Cascades,2013,30,2.6080834048799684,-0.6040242664102189,1.4920894392509145,0,1606,8,2013-07-29,7,Pluvieuse
Cascades,2013,31,1.395078256926159,-1.1675878898469623,-1.1118894453332482,0,1472,7,2013-08-05,8,Pluvieuse
Cascades,2013,32,0.25541760629048743,0.2925542254209626,-0.33069577995799937,0,1290,12,2013-08-12,8,Pluvieuse
Cascades,2013,33,0.7349777810629237,-0.142926756325612,0.9886535215646446,0,1144,2,2013-08-19,8,Pluvieuse
Cascades,2013,34,1.6179326910851148,-0.42470856804398277,-0.9556507122581974,0,1791,10,2013-08-26,8,Pluvieuse
Cascades,2013,35,1.3781526036988967,-0.42470856804398277,-1.2160486007166138,0,1616,13,2013-09-02,9,Pluvieuse
Cascades,2013,36,1.6433211709260087,-0.6040242664102189,0.6240964777228604,0,1372,11,2013-09-09,9,Pluvieuse
Cascades,2013,37,2.447289699220975,-0.4503250963820169,0.7108957738756658,0,1601,12,2013-09-16,9,Pluvieuse
Cascades,2013,38,1.7928311077668269,0.5743360371393342,-0.46957465380248753,0,1275,13,2013-09-23,9,Pluvieuse
Cascades,2013,39,2.6560394223572117,-0.7321069081003877,0.5025774631089347,0,1433,4,2013-09-30,9,Pluvieuse
Cascades,2013,40,0.39646471651767456,-0.06607717131151056,1.2316915507924984,0,1189,0,2013-10-07,10,Pluvieuse
Cascades,2013,41,-0.5936859972771792,-0.7321069081003877,-0.12237746919126584,0,1736,0,2013-10-14,10,Pluvieuse
Cascades,2013,42,-0.627537303731704,0.42063686711113135,0.8844943661812766,0,1211,10,2013-10-21,10,Pluvieuse
Cascades,2013,43,-0.6839561478225789,0.03638894204062502,-0.6605331053386585,0,1669,3,2013-10-28,10,Pluvieuse
Cascades,2013,44,-0.6952399166407538,-1.270054003199097,-0.8514915568748319,0,1512,3,2013-11-04,11,Sèche
Cascades,2013,45,-0.6472838991635101,-0.8345730214525232,-0.7820521199525866,0,1665,5,2013-11-11,11,Sèche
Cascades,2013,46,-0.5711184596408291,-0.8089564931144891,1.196971832331378,0,1259,11,2013-11-18,11,Sèche
Cascades,2013,47,-0.6557467257771414,-1.1675878898469623,-1.3722873337916646,0,214,5,2013-11-25,11,Sèche
Cascades,2013,48,-0.6952399166407538,0.5743360371393342,0.46785774464781205,0,311,6,2013-12-02,12,Sèche
Cascades,2013,49,-0.6557467257771414,0.3694038104350631,-0.1570971876523885,0,287,12,2013-12-09,12,Sèche
Cascades,2013,50,-0.5993278816862666,-1.0651217764948266,-0.1570971876523885,0,353,0,2013-12-16,12,Sèche
Cascades,2013,51,-0.6529257835725977,-0.962655663142692,1.5962485946342826,0,359,8,2013-12-23,12,Sèche
Cascades,2013,52,-0.638821072549879,-0.040460642973476436,0.6067366184923002,0,354,11,2013-12-30,12,Sèche
Cascades,2014,1,-0.5936859972771792,-0.8089564931144891,-0.5042943722636102,0,205,4,2014-01-06,1,Sèche
Cascades,2014,2,-0.6726723790044038,0.5743360371393342,1.1796119731008157,0,320,2,2014-01-13,1,Sèche
Cascades,2014,3,-0.6021488238908103,0.1644715837307938,0.25953943388107853,0,304,0,2014-01-20,1,Sèche
Cascades,2014,4,-0.6416420147544227,0.5743360371393342,-0.8514915568748319,0,192,6,2014-01-27,1,Sèche
Cascades,2014,5,-0.5908650550726353,-0.42470856804398277,-0.747332401491464,0,246,9,2014-02-03,2,Sèche
Cascades,2014,6,-0.661388610186229,-1.0651217764948266,0.6240964777228604,0,242,7,2014-02-10,2,Sèche
Cascades,2014,7,-0.5739394018453728,-0.5784077380721857,1.1622521138702555,0,200,13,2014-02-17,2,Sèche
Cascades,2014,8,-0.5852231706635478,-0.783339964776456,-0.6258133868775358,0,261,3,2014-02-24,2,Sèche
Cascades,2014,9,-0.5767603440499166,0.26693769708292847,-1.4243669114833473,0,248,2,2014-03-03,3,Sèche
Cascades,2014,10,-0.6952399166407538,1.7526963406888856,-0.8167718384137093,0,345,3,2014-03-10,3,Sèche
Cascades,2014,11,-0.7093446276634725,1.7526963406888856,-0.5390140907247304,0,274,2,2014-03-17,3,Sèche
Cascades,2014,12,-0.5965069394817228,2.4187260774777637,-0.573733809185853,0,198,1,2014-03-24,3,Sèche
Cascades,2014,13,-0.5936859972771792,1.6758467556747851,-0.12237746919126584,0,177,1,2014-03-31,3,Sèche
Cascades,2014,14,-0.6867770900271225,1.7014632840128192,0.7976950700284712,0,310,14,2014-04-07,4,Sèche
Cascades,2014,15,-0.6867770900271225,2.3418764924636633,1.3184908469453038,0,224,0,2014-04-14,4,Sèche
Cascades,2014,16,-0.6670304945953164,1.0866666039000095,0.20745985618939577,0,202,13,2014-04-21,4,Sèche
Cascades,2014,17,-0.6247163615271603,1.4196814722944475,-1.285488037638859,0,212,6,2014-04-28,4,Sèche
Cascades,2014,18,-0.6754933212089477,1.522147585646582,-0.20917676534407126,0,237,8,2014-05-05,5,Pluvieuse
Cascades,2014,19,-0.6218954193226165,0.08762199871669235,-0.6431732461080985,0,199,12,2014-05-12,5,Pluvieuse
Cascades,2014,20,-0.5993278816862666,-0.21977634133971255,1.249051410023061,0,346,6,2014-05-19,5,Pluvieuse
Cascades,2014,21,-0.7008818010498412,-1.1932044181849955,0.39841830772556674,0,238,7,2014-05-26,5,Pluvieuse
Cascades,2014,22,2.1990467852211255,-1.3725201165512315,-1.3202077560999792,0,181,0,2014-06-02,6,Pluvieuse
Cascades,2014,23,2.077746270425745,0.24132116874489434,1.1622521138702555,0,266,14,2014-06-09,6,Pluvieuse
Cascades,2014,24,2.0015808309030634,0.42063686711113135,-1.4243669114833473,0,327,8,2014-06-16,6,Pluvieuse
Cascades,2014,25,0.31183645038136226,-0.9114226064666247,1.6656880315565255,0,205,4,2014-06-23,6,Pluvieuse
Cascades,2014,26,2.551664560789093,-0.040460642973476436,0.4331380261866894,0,1139,10,2014-06-30,6,Pluvieuse
Cascades,2014,27,-0.10284205368656792,-0.8858060781285906,0.8844943661812766,0,1362,0,2014-07-07,7,Pluvieuse
Cascades,2014,28,2.2328980916756507,0.13885505539275966,0.9018542254118392,0,1186,7,2014-07-14,7,Pluvieuse
Cascades,2014,29,0.9296227931764419,-0.7321069081003877,-0.48693451303304763,0,1535,12,2014-07-21,7,Pluvieuse
Cascades,2014,30,0.36261341006314957,0.1644715837307938,1.6136084538648428,0,1313,0,2014-07-28,7,Pluvieuse
Cascades,2014,31,0.1961778199950688,-1.270054003199097,1.1622521138702555,0,1253,9,2014-08-04,8,Pluvieuse
Cascades,2014,32,1.200433244812641,-0.5271746813961183,-1.285488037638859,0,1706,13,2014-08-11,8,Pluvieuse
Cascades,2014,33,2.6109043470845124,-0.06607717131151056,1.5094492984814771,0,1403,4,2014-08-18,8,Pluvieuse
Cascades,2014,34,0.024100345517900485,-0.3990920397059496,0.033861263883784916,0,1535,11,2014-08-25,8,Pluvieuse
Cascades,2014,35,0.34850869904043086,0.190088112068827,-1.0424500084110029,0,1730,0,2014-09-01,9,Pluvieuse
Cascades,2014,36,1.911310680357664,-1.295670531537131,0.1900999969588332,0,1635,0,2014-09-08,9,Pluvieuse
Cascades,2014,37,1.0452814235627352,-0.937039134804658,-1.0077302899498801,0,1457,4,2014-09-15,9,Pluvieuse
Cascades,2014,38,-0.09155828486839299,0.3950203387730972,-1.1118894453332482,0,1402,5,2014-09-22,9,Pluvieuse
Cascades,2014,39,1.0283557703354729,-0.21977634133971255,1.266411269253621,0,1125,3,2014-09-29,9,Pluvieuse
Cascades,2014,40,-0.009750960936624403,0.21570464040686113,0.9365739438729619,0,1576,4,2014-10-06,10,Pluvieuse
Cascades,2014,41,-0.6134325927089853,0.21570464040686113,0.8671345069507166,0,1744,7,2014-10-13,10,Pluvieuse
Cascades,2014,42,-0.5795812862544604,-1.0395052481567935,1.3358507061758664,0,1079,2,2014-10-20,10,Pluvieuse
Cascades,2014,43,-0.6867770900271225,-0.37347551136791546,1.1101725361785728,0,1505,3,2014-10-27,10,Pluvieuse
Cascades,2014,44,-0.5795812862544604,-1.1932044181849955,0.6761760554145456,0,1499,12,2014-11-03,11,Sèche
Cascades,2014,45,-0.6698514367998601,-0.014844114635443224,0.5025774631089347,0,1382,14,2014-11-10,11,Sèche
Cascades,2014,46,-0.5795812862544604,-1.1419713615089282,-1.2334084599471737,0,1558,2,2014-11-17,11,Sèche
Cascades,2014,47,-0.6106116505044415,-1.3469035882131983,-1.2160486007166138,0,200,4,2014-11-24,11,Sèche
Cascades,2014,48,-0.6106116505044415,0.523102980463266,1.6136084538648428,0,273,7,2014-12-01,12,Sèche
Cascades,2014,49,-0.6670304945953164,-1.295670531537131,-0.6952528237997811,0,184,6,2014-12-08,12,Sèche
Cascades,2014,50,-0.6726723790044038,-0.9114226064666247,-1.5979655037889582,0,232,12,2014-12-15,12,Sèche
Cascades,2014,51,-0.5739394018453728,-0.8601895497905564,-0.2786162022663141,0,340,11,2014-12-22,12,Sèche
Cascades,2014,52,-0.6895980322316664,0.08762199871669235,0.1900999969588332,0,337,13,2014-12-29,12,Sèche
Cascades,2015,1,-0.5936859972771792,-0.5271746813961183,-0.3133359207274368,0,182,10,2015-01-05,1,Sèche
Cascades,2015,2,-0.69241897443621,-1.0395052481567935,1.2316915507924984,0,228,1,2015-01-12,1,Sèche
Cascades,2015,3,-0.6077907082998978,-0.7064903797623544,-1.3028478968694193,0,219,9,2015-01-19,1,Sèche
Cascades,2015,4,-0.6529257835725977,-1.3469035882131983,-0.08765775073014317,0,305,6,2015-01-26,1,Sèche
Cascades,2015,5,-0.661388610186229,0.06200547037865822,1.266411269253621,0,272,8,2015-02-02,2,Sèche
Cascades,2015,6,-0.6811352056180351,-1.2188209465230295,-1.7194845184028862,0,269,13,2015-02-09,2,Sèche
Cascades,2015,7,-0.6670304945953164,0.6511856221534348,-0.5216542314941703,0,207,6,2015-02-16,2,Sèche
Cascades,2015,8,-0.6980608588452976,-0.7577234364384218,0.22481971541995588,0,241,5,2015-02-23,2,Sèche
Cascades,2015,9,-0.7037027432543851,-1.116354833170894,-0.12237746919126584,0,192,0,2015-03-02,3,Sèche
Cascades,2015,10,-0.6783142634134913,1.8039293973649537,-1.354927474561102,0,189,11,2015-03-09,3,Sèche
Cascades,2015,11,-0.6218954193226165,2.5468087191679323,-0.4174950761108048,0,318,0,2015-03-16,3,Sèche
Cascades,2015,12,-0.6303582459362477,1.1378996605760758,-0.05293803226902051,0,199,0,2015-03-23,3,Sèche
Cascades,2015,13,-0.5993278816862666,2.521192190829898,-1.3896471930222245,0,336,10,2015-03-30,3,Sèche
Cascades,2015,14,-0.6557467257771414,1.5477641139846163,0.9886535215646446,0,199,12,2015-04-06,4,Sèche
Cascades,2015,15,-0.6218954193226165,2.162560794097426,-0.2786162022663141,0,238,8,2015-04-13,4,Sèche
Cascades,2015,16,-0.6839561478225789,2.2394103791115283,1.5268091577120373,0,310,12,2015-04-20,4,Sèche
Cascades,2015,17,-0.6134325927089853,1.3684484156183792,-0.9903704307193201,0,207,11,2015-04-27,4,Sèche
Cascades,2015,18,-0.6980608588452976,1.214749245590178,-1.5111662076361527,0,186,10,2015-05-04,5,Pluvieuse
Cascades,2015,19,-0.6444629569589664,0.010772413702590895,0.6067366184923002,0,325,0,2015-05-11,5,Pluvieuse
Cascades,2015,20,-0.6529257835725977,-0.5015581530580843,-1.1292493045638083,0,238,9,2015-05-18,5,Pluvieuse
Cascades,2015,21,-0.6247163615271603,-1.116354833170894,0.3289788708033239,0,261,4,2015-05-25,5,Pluvieuse
Cascades,2015,22,1.866175605084964,0.3950203387730972,1.3879302838675491,0,185,4,2015-06-01,6,Pluvieuse
Cascades,2015,23,2.165195478766601,-0.5784077380721857,0.6761760554145456,0,190,1,2015-06-08,6,Pluvieuse
Cascades,2015,24,1.1919704181990098,-0.014844114635443224,-0.747332401491464,0,224,1,2015-06-15,6,Pluvieuse
Cascades,2015,25,1.330196586221653,-0.296625926353814,1.0233732400257674,0,343,5,2015-06-22,6,Pluvieuse
Cascades,2015,26,0.3033736237677309,-1.3212870598751643,1.3358507061758664,0,1235,10,2015-06-29,6,Pluvieuse
Cascades,2015,27,0.5036605202903367,-1.0395052481567935,-0.452214794571925,0,1261,12,2015-07-06,7,Pluvieuse
Cascades,2015,28,1.4768855808579278,-0.21977634133971255,0.6067366184923002,0,1117,2,2015-07-13,7,Pluvieuse
Cascades,2015,29,1.9423410446076452,-0.296625926353814,-1.47644648917503,0,1336,12,2015-07-20,7,Pluvieuse
Cascades,2015,30,1.6912771884032518,-1.295670531537131,0.016501404653222352,0,1495,6,2015-07-27,7,Pluvieuse
Cascades,2015,31,1.428929563380684,-0.24539286967774668,1.196971832331378,0,1617,2,2015-08-03,8,Pluvieuse
Cascades,2015,32,1.4797065230624713,0.13885505539275966,-0.20917676534407126,0,1111,7,2015-08-10,8,Pluvieuse
Cascades,2015,33,1.6771724773805332,-0.5271746813961183,-0.7820521199525866,0,1582,4,2015-08-17,8,Pluvieuse
Cascades,2015,34,2.50370854331185,-0.11731022798757788,0.8844943661812766,0,1577,4,2015-08-24,8,Pluvieuse
Cascades,2015,35,2.3852289707210126,-1.3212870598751643,0.36369858926444404,0,1170,12,2015-08-31,8,Pluvieuse
Cascades,2015,36,-0.09720016927748046,0.6255690938154007,1.1622521138702555,0,1645,14,2015-09-07,9,Pluvieuse
Cascades,2015,37,1.6715305929714461,-1.3469035882131983,0.8497746477201564,0,1071,10,2015-09-14,9,Pluvieuse
Cascades,2015,38,0.6588123415402425,-0.4759416247200501,-1.7021246591723236,0,1303,8,2015-09-21,9,Pluvieuse
Cascades,2015,39,0.1002657850405815,0.21570464040686113,0.22481971541995588,0,1018,0,2015-09-28,9,Pluvieuse
Cascades,2015,40,1.9818342354712577,-1.3212870598751643,-1.45908662994447,0,1286,0,2015-10-05,10,Pluvieuse
Cascades,2015,41,-0.6416420147544227,-0.5784077380721857,-0.747332401491464,0,1206,1,2015-10-12,10,Pluvieuse
Cascades,2015,42,-0.6190744771180727,0.3950203387730972,1.196971832331378,0,1396,11,2015-10-19,10,Pluvieuse
Cascades,2015,43,-0.6444629569589664,-0.7321069081003877,0.5199373223394949,0,1199,6,2015-10-26,10,Pluvieuse
Cascades,2015,44,-0.6642095523907726,0.03638894204062502,-1.6500450814806409,0,1468,12,2015-11-02,11,Sèche
Cascades,2015,45,-0.6557467257771414,0.42063686711113135,0.1900999969588332,0,1285,14,2015-11-09,11,Sèche
Cascades,2015,46,-0.6247163615271603,-0.5784077380721857,1.07545281771745,0,1563,4,2015-11-16,11,Sèche
Cascades,2015,47,-0.5824022284590041,-0.7321069081003877,1.4573697207897944,0,185,13,2015-11-23,11,Sèche
Cascades,2015,48,-0.6501048413680539,-0.9882721914807252,0.15538027849771302,0,343,10,2015-11-30,11,Sèche
Cascades,2015,49,-0.6811352056180351,0.3437872820970299,-0.48693451303304763,0,273,3,2015-12-07,12,Sèche
Cascades,2015,50,-0.6529257835725977,0.4462533954491655,0.22481971541995588,0,234,10,2015-12-14,12,Sèche
Cascades,2015,51,-0.6811352056180351,-1.270054003199097,0.5372971815700549,0,266,11,2015-12-21,12,Sèche
Cascades,2015,52,-0.6134325927089853,-0.014844114635443224,-1.47644648917503,0,297,10,2015-12-28,12,Sèche
Cascades,2016,1,-0.6867770900271225,-0.4759416247200501,0.8671345069507166,0,195,4,2016-01-04,1,Sèche
Cascades,2016,2,-0.6218954193226165,-0.09169369964954377,1.4052901430981093,0,290,4,2016-01-11,1,Sèche
Cascades,2016,3,-0.5908650550726353,-0.11731022798757788,1.249051410023061,0,266,12,2016-01-18,1,Sèche
Cascades,2016,4,-0.5795812862544604,-0.014844114635443224,0.7976950700284712,0,306,1,2016-01-25,1,Sèche
Cascades,2016,5,-0.604969766095354,0.08762199871669235,0.9018542254118392,0,315,13,2016-02-01,2,Sèche
Cascades,2016,6,-0.5824022284590041,0.2925542254209626,-0.261256343035754,0,316,6,2016-02-08,2,Sèche
Cascades,2016,7,-0.6134325927089853,0.2925542254209626,-0.5910936684164156,0,300,3,2016-02-15,2,Sèche
Cascades,2016,8,-0.616253534913529,-0.142926756325612,-0.8514915568748319,0,173,13,2016-02-22,2,Sèche
Cascades,2016,9,-0.6218954193226165,0.24132116874489434,0.5372971815700549,0,325,8,2016-02-29,2,Sèche
Cascades,2016,10,-0.5936859972771792,1.522147585646582,-1.3375676153305418,0,227,11,2016-03-07,3,Sèche
Cascades,2016,11,-0.5852231706635478,2.495575662491866,-0.6084535276469758,0,192,8,2016-03-14,3,Sèche
Cascades,2016,12,-0.7037027432543851,1.983245095731191,-1.4417267707139074,0,258,2,2016-03-21,3,Sèche
Cascades,2016,13,-0.6726723790044038,1.496531057308548,-1.0771697268721256,0,330,6,2016-03-28,3,Sèche
Cascades,2016,14,-0.6077907082998978,1.9576285673931568,-0.6084535276469758,0,238,10,2016-04-04,4,Sèche
Cascades,2016,15,-0.6952399166407538,1.5477641139846163,-0.12237746919126584,0,256,13,2016-04-11,4,Sèche
Cascades,2016,16,-0.6867770900271225,1.855162454041022,1.07545281771745,0,229,4,2016-04-18,4,Sèche
Cascades,2016,17,-0.5965069394817228,1.496531057308548,-1.6326852222500807,0,217,8,2016-04-25,4,Sèche
Cascades,2016,18,-0.6585676679816851,1.2915988306042787,-0.3827753576496821,0,260,8,2016-05-02,5,Pluvieuse
Cascades,2016,19,-0.5993278816862666,-0.09169369964954377,-0.6084535276469758,0,204,2,2016-05-09,5,Pluvieuse
Cascades,2016,20,-0.6077907082998978,-1.3469035882131983,-1.4070070522527847,0,248,1,2016-05-16,5,Pluvieuse
Cascades,2016,21,-0.6360001303453352,0.1644715837307938,-0.5216542314941703,0,275,1,2016-05-23,5,Pluvieuse
Cascades,2016,22,0.5149442891085116,0.13885505539275966,0.9018542254118392,0,203,3,2016-05-30,5,Pluvieuse
Cascades,2016,23,2.393691797334644,-0.11731022798757788,-0.7994119791831467,0,253,3,2016-06-06,6,Pluvieuse
Cascades,2016,24,1.1496562851308536,0.3437872820970299,1.5962485946342826,0,284,9,2016-06-13,6,Pluvieuse
Cascades,2016,25,1.0734908456081727,-0.6040242664102189,1.5268091577120373,0,318,5,2016-06-20,6,Pluvieuse
Cascades,2016,26,-0.06899074723204303,-0.11731022798757788,-0.8514915568748319,0,1244,6,2016-06-27,6,Pluvieuse
Cascades,2016,27,0.45006261840400563,-0.040460642973476436,-0.018218313807897846,0,1399,7,2016-07-04,7,Pluvieuse
Cascades,2016,28,0.1820731089723501,0.21570464040686113,1.7351274684787708,0,1247,4,2016-07-11,7,Pluvieuse
Cascades,2016,29,2.0382530795621325,-0.5271746813961183,-1.3028478968694193,0,1672,7,2016-07-18,7,Pluvieuse
Cascades,2016,30,2.379587086311925,-1.270054003199097,-0.7646922607220265,0,1268,13,2016-07-25,7,Pluvieuse
Cascades,2016,31,1.2258217246535343,-0.37347551136791546,-0.0008584545773377481,0,1577,9,2016-08-01,8,Pluvieuse
Cascades,2016,32,0.6249610350857175,-0.8601895497905564,0.27689929311163863,0,1416,3,2016-08-08,8,Pluvieuse
Cascades,2016,33,2.3908708551301,0.5999525654773665,1.1101725361785728,0,1448,8,2016-08-15,8,Pluvieuse
Cascades,2016,34,1.2286426668580783,0.4718699237871978,-0.24389648380519394,0,1383,13,2016-08-22,8,Pluvieuse
Cascades,2016,35,1.2371054934717096,-1.2188209465230295,1.07545281771745,0,1218,11,2016-08-29,8,Pluvieuse
Cascades,2016,36,2.4924247744936747,-0.142926756325612,-0.22653662457463136,0,1656,0,2016-09-05,9,Pluvieuse
Cascades,2016,37,0.15386368692691266,0.523102980463266,1.5441690169426,0,1155,10,2016-09-12,9,Pluvieuse
Cascades,2016,38,2.661681306766299,-0.6552573230862871,0.27689929311163863,0,1233,7,2016-09-19,9,Pluvieuse
Cascades,2016,39,0.3541505834495184,0.4974864521252319,1.6483281723259653,0,1597,14,2016-09-26,9,Pluvieuse
Cascades,2016,40,1.6433211709260087,-1.295670531537131,1.1622521138702555,0,1511,6,2016-10-03,10,Pluvieuse
Cascades,2016,41,-0.6416420147544227,-0.8601895497905564,-1.6153253630195181,0,1306,14,2016-10-10,10,Pluvieuse
Cascades,2016,42,-0.6360001303453352,-0.5784077380721857,1.0407330992563273,0,1051,0,2016-10-17,10,Pluvieuse
Cascades,2016,43,-0.6783142634134913,-1.0395052481567935,0.2942591523422012,0,1488,1,2016-10-24,10,Pluvieuse
Cascades,2016,44,-0.5908650550726353,-0.4503250963820169,1.1622521138702555,0,1531,13,2016-10-31,10,Pluvieuse
Cascades,2016,45,-0.5852231706635478,-1.3981366448892656,-1.0945295861026856,0,1492,6,2016-11-07,11,Sèche
Cascades,2016,46,-0.6021488238908103,-0.937039134804658,-0.747332401491464,0,1421,11,2016-11-14,11,Sèche
Cascades,2016,47,-0.5767603440499166,-0.296625926353814,0.6240964777228604,0,193,8,2016-11-21,11,Sèche
Cascades,2016,48,-0.6472838991635101,-0.11731022798757788,0.46785774464781205,0,312,11,2016-11-28,11,Sèche
Cascades,2016,49,-0.6642095523907726,0.6511856221534348,0.4157781669561293,0,325,7,2016-12-05,12,Sèche
Cascades,2016,50,-0.638821072549879,-0.4759416247200501,-0.07029789149958307,0,169,11,2016-12-12,12,Sèche
Cascades,2016,51,-0.5795812862544604,0.5487195088013002,1.370570424636989,0,269,7,2016-12-19,12,Sèche
Cascades,2016,52,-0.5936859972771792,-0.37347551136791546,0.4331380261866894,0,286,4,2016-12-26,12,Sèche
Cascades,2017,1,-0.5993278816862666,0.1644715837307938,1.6483281723259653,0,210,11,2017-01-02,1,Sèche
Cascades,2017,2,-0.6952399166407538,-0.5271746813961183,1.5094492984814771,0,217,3,2017-01-09,1,Sèche
Cascades,2017,3,-0.7008818010498412,0.21570464040686113,0.658816196183983,0,257,0,2017-01-16,1,Sèche
Cascades,2017,4,-0.6952399166407538,-0.4503250963820169,-0.3654154984191196,0,328,8,2017-01-23,1,Sèche
Cascades,2017,5,-0.6642095523907726,-0.5784077380721857,0.38105844849500664,0,195,8,2017-01-30,1,Sèche
Cascades,2017,6,-0.5711184596408291,-1.295670531537131,-0.6258133868775358,0,323,5,2017-02-06,2,Sèche
Cascades,2017,7,-0.6360001303453352,-0.6040242664102189,1.2837711284841835,0,190,8,2017-02-13,2,Sèche
Cascades,2017,8,-0.661388610186229,-0.7064903797623544,1.7177676092482108,0,230,2,2017-02-20,2,Sèche
Cascades,2017,9,-0.6642095523907726,-0.06607717131151056,-0.10501760996070328,0,205,7,2017-02-27,2,Sèche
Cascades,2017,10,-0.5795812862544604,1.983245095731191,-0.0008584545773377481,0,194,1,2017-03-06,3,Sèche
Cascades,2017,11,-0.6980608588452976,1.3172153589423128,1.5441690169426,0,242,11,2017-03-13,3,Sèche
Cascades,2017,12,-0.6585676679816851,1.6246136989987168,-0.05293803226902051,0,197,7,2017-03-20,3,Sèche
Cascades,2017,13,-0.6331791881407914,2.5980417758440004,-0.48693451303304763,0,242,13,2017-03-27,3,Sèche
Cascades,2017,14,-0.5880441128680916,1.2659823022662446,1.6483281723259653,0,300,11,2017-04-03,4,Sèche
Cascades,2017,15,-0.5908650550726353,2.5980417758440004,0.6067366184923002,0,324,0,2017-04-10,4,Sèche
Cascades,2017,16,-0.7065236854589287,1.829545925702988,0.4504978854172495,0,296,11,2017-04-17,4,Sèche
Cascades,2017,17,-0.5936859972771792,1.8807789823790544,0.36369858926444404,0,166,1,2017-04-24,4,Sèche
Cascades,2017,18,-0.5993278816862666,2.213793850773494,1.0928126769480102,0,185,14,2017-05-01,5,Pluvieuse
Cascades,2017,19,-0.6698514367998601,-1.0395052481567935,0.46785774464781205,0,269,0,2017-05-08,5,Pluvieuse
Cascades,2017,20,-0.6980608588452976,-0.1685432846636452,1.266411269253621,0,272,7,2017-05-15,5,Pluvieuse
Cascades,2017,21,-0.6811352056180351,0.6511856221534348,0.8671345069507166,0,324,12,2017-05-22,5,Pluvieuse
Cascades,2017,22,1.891564084925858,-0.8601895497905564,1.4400098615592318,0,276,6,2017-05-29,5,Pluvieuse
Cascades,2017,23,2.4811410056754997,-0.8345730214525232,-0.6778929645692211,0,192,1,2017-06-05,6,Pluvieuse
Cascades,2017,24,1.299166221971672,-0.6808738514243203,0.39841830772556674,0,322,2,2017-06-12,6,Pluvieuse
Cascades,2017,25,1.702560957221427,-1.2444374748610627,-0.12237746919126584,0,265,4,2017-06-19,6,Pluvieuse
Cascades,2017,26,0.6672751681538737,0.4462533954491655,1.3532105654064264,0,1235,2,2017-06-26,6,Pluvieuse
Cascades,2017,27,2.2893169357665255,0.42063686711113135,-0.5216542314941703,0,1313,5,2017-07-03,7,Pluvieuse
Cascades,2017,28,1.307629048585303,-0.24539286967774668,0.6067366184923002,0,1297,12,2017-07-10,7,Pluvieuse
Cascades,2017,29,1.702560957221427,-0.19415981300167934,-1.5458859260972753,0,1613,5,2017-07-17,7,Pluvieuse
Cascades,2017,30,0.14540086031328142,-0.7064903797623544,-0.3133359207274368,0,1007,10,2017-07-24,7,Pluvieuse
Cascades,2017,31,2.6306509425163185,-0.4503250963820169,0.5199373223394949,0,1374,0,2017-07-31,7,Pluvieuse
Cascades,2017,32,2.3570195486755754,0.010772413702590895,-0.2786162022663141,0,1055,1,2017-08-07,8,Pluvieuse
Cascades,2017,33,1.637679286516921,-0.7321069081003877,0.9018542254118392,0,1445,3,2017-08-14,8,Pluvieuse
Cascades,2017,34,1.2088960714262722,0.11323852705472555,-1.0250901491804427,0,973,8,2017-08-21,8,Pluvieuse
Cascades,2017,35,0.07769824740423155,-0.8089564931144891,-0.2959760614968767,0,1299,13,2017-08-28,8,Pluvieuse
Cascades,2017,36,2.280854109152894,-0.34785898302988133,0.4504978854172495,0,1035,13,2017-09-04,9,Pluvieuse
Cascades,2017,37,-0.10284205368656792,-0.8089564931144891,-0.24389648380519394,0,1223,13,2017-09-11,9,Pluvieuse
Cascades,2017,38,0.390822832108587,-0.5271746813961183,1.1796119731008157,0,1574,7,2017-09-18,9,Pluvieuse
Cascades,2017,39,1.4148248523579652,-1.3725201165512315,-0.7820521199525866,0,1228,14,2017-09-25,9,Pluvieuse
Cascades,2017,40,0.8562782958583045,0.21570464040686113,0.22481971541995588,0,1554,7,2017-10-02,10,Pluvieuse
Cascades,2017,41,-0.5880441128680916,0.010772413702590895,-0.1570971876523885,0,1151,10,2017-10-09,10,Pluvieuse
Cascades,2017,42,-0.6360001303453352,0.08762199871669235,0.8150549292590338,0,1432,4,2017-10-16,10,Pluvieuse
Cascades,2017,43,-0.69241897443621,-0.34785898302988133,-0.13973732842182593,0,1234,13,2017-10-23,10,Pluvieuse
Cascades,2017,44,-0.6331791881407914,-0.1685432846636452,-1.5285260668667129,0,1318,0,2017-10-30,10,Pluvieuse
Cascades,2017,45,-0.6331791881407914,-1.3212870598751643,1.2143316915619382,0,1587,9,2017-11-06,11,Sèche
Cascades,2017,46,-0.6077907082998978,-0.9114226064666247,0.8497746477201564,0,1580,11,2017-11-13,11,Sèche
Cascades,2017,47,-0.6247163615271603,-0.629640794748253,-1.1986887414860536,0,282,1,2017-11-20,11,Sèche
Cascades,2017,48,-0.6980608588452976,-0.6808738514243203,-0.2786162022663141,0,264,10,2017-11-27,11,Sèche
Cascades,2017,49,-0.6895980322316664,-0.11731022798757788,-0.3133359207274368,0,306,11,2017-12-04,12,Sèche
Cascades,2017,50,-0.661388610186229,-0.24539286967774668,0.033861263883784916,0,278,6,2017-12-11,12,Sèche
Cascades,2017,51,-0.6472838991635101,-0.783339964776456,1.57888873540372,0,301,2,2017-12-18,12,Sèche
Cascades,2017,52,-0.638821072549879,-0.42470856804398277,-0.1744570468829486,0,288,4,2017-12-25,12,Sèche
Cascades,2018,1,-0.5767603440499166,-0.937039134804658,0.7456154923367885,0,249,9,2018-01-01,1,Sèche
Cascades,2018,2,-0.6529257835725977,-0.34785898302988133,1.683047890787088,0,186,7,2018-01-08,1,Sèche
Cascades,2018,3,-0.6980608588452976,0.6255690938154007,0.25953943388107853,0,266,0,2018-01-15,1,Sèche
Cascades,2018,4,-0.5824022284590041,-0.09169369964954377,-0.8341316976442694,0,261,9,2018-01-22,1,Sèche
Cascades,2018,5,-0.5880441128680916,-1.0907383048328607,-1.4938063484055901,0,230,3,2018-01-29,1,Sèche
Cascades,2018,6,-0.6642095523907726,-1.3212870598751643,1.1275323954091327,0,285,9,2018-02-05,2,Sèche
Cascades,2018,7,-0.5993278816862666,-1.2188209465230295,-0.3480556391885595,0,204,4,2018-02-12,2,Sèche
Cascades,2018,8,-0.6501048413680539,0.13885505539275966,-0.9209309937970748,0,288,10,2018-02-19,2,Sèche
Cascades,2018,9,-0.6585676679816851,-0.937039134804658,-1.7368443776334463,0,292,0,2018-02-26,2,Sèche
Cascades,2018,10,-0.5852231706635478,2.4443426058157978,-0.5390140907247304,0,320,1,2018-03-05,3,Sèche
Cascades,2018,11,-0.627537303731704,1.3428318872803469,1.4920894392509145,0,244,13,2018-03-12,3,Sèche
Cascades,2018,12,-0.6557467257771414,2.0857112090833256,0.5372971815700549,0,279,10,2018-03-19,3,Sèche
Cascades,2018,13,-0.5682975174362854,2.469959134153832,0.6935359146451057,0,180,8,2018-03-26,3,Sèche
Cascades,2018,14,-0.6303582459362477,1.7014632840128192,-0.1918169061135087,0,297,14,2018-04-02,4,Sèche
Cascades,2018,15,-0.6726723790044038,2.034478152407257,1.1275323954091327,0,280,2,2018-04-09,4,Sèche
Cascades,2018,16,-0.6134325927089853,1.3172153589423128,-0.1918169061135087,0,170,10,2018-04-16,4,Sèche
Cascades,2018,17,-0.661388610186229,1.4452980006324816,-0.20917676534407126,0,186,6,2018-04-23,4,Sèche
Cascades,2018,18,-0.7065236854589287,2.162560794097426,1.0407330992563273,0,319,12,2018-04-30,4,Sèche
Cascades,2018,19,-0.7008818010498412,0.3437872820970299,-1.3375676153305418,0,293,11,2018-05-07,5,Pluvieuse
Cascades,2018,20,-0.6021488238908103,-0.296625926353814,1.1101725361785728,0,282,7,2018-05-14,5,Pluvieuse
Cascades,2018,21,-0.5711184596408291,-0.9114226064666247,-0.46957465380248753,0,262,2,2018-05-21,5,Pluvieuse
Cascades,2018,22,2.4726781790618686,-1.270054003199097,-0.018218313807897846,0,317,3,2018-05-28,5,Pluvieuse
Cascades,2018,23,1.0481023657672788,-0.937039134804658,0.7976950700284712,0,265,11,2018-06-04,6,Pluvieuse
Cascades,2018,24,2.3288101266301378,-0.09169369964954377,0.4504978854172495,0,214,2,2018-06-11,6,Pluvieuse
Cascades,2018,25,1.93105727578947,-0.142926756325612,-0.6431732461080985,0,304,2,2018-06-18,6,Pluvieuse
Cascades,2018,26,2.3259891844255938,0.4718699237871978,-0.3827753576496821,0,1206,7,2018-06-25,6,Pluvieuse
Cascades,2018,27,0.9437275041991606,-1.0138887198187594,1.6136084538648428,0,1279,6,2018-07-02,7,Pluvieuse
Cascades,2018,28,0.6249610350857175,-1.1932044181849955,1.196971832331378,0,1457,9,2018-07-09,7,Pluvieuse
Cascades,2018,29,-0.03231849857297436,-0.1685432846636452,0.6067366184923002,0,1026,0,2018-07-16,7,Pluvieuse
Cascades,2018,30,2.012864599721239,-0.3990920397059496,1.2316915507924984,0,1520,2,2018-07-23,7,Pluvieuse
Cascades,2018,31,1.891564084925858,0.6255690938154007,0.46785774464781205,0,1357,3,2018-07-30,7,Pluvieuse
Cascades,2018,32,0.9126971399491792,-0.9114226064666247,0.5199373223394949,0,1490,1,2018-08-06,8,Pluvieuse
Cascades,2018,33,1.933878217994014,0.24132116874489434,-0.48693451303304763,0,1081,5,2018-08-13,8,Pluvieuse
Cascades,2018,34,0.18489405117689378,-0.09169369964954377,-0.4348549353413649,0,1357,10,2018-08-20,8,Pluvieuse
Cascades,2018,35,2.2893169357665255,0.5487195088013002,-1.5111662076361527,0,1212,5,2018-08-27,8,Pluvieuse
Cascades,2018,36,0.038205056540619196,-0.9114226064666247,1.4226500023286717,0,1497,3,2018-09-03,9,Pluvieuse
Cascades,2018,37,0.7913966251537985,-0.4759416247200501,0.10330070080602778,0,1020,0,2018-09-10,9,Pluvieuse
Cascades,2018,38,1.0227138859263853,-0.5271746813961183,-1.1466091637943685,0,1476,10,2018-09-17,9,Pluvieuse
Cascades,2018,39,0.22156629983596243,0.3437872820970299,-0.9903704307193201,0,1357,11,2018-09-24,9,Pluvieuse
Cascades,2018,40,0.7180521278356611,-0.6552573230862871,-0.6258133868775358,0,1438,4,2018-10-01,10,Pluvieuse
Cascades,2018,41,-0.616253534913529,-0.2710093980157808,-1.4938063484055901,0,1492,14,2018-10-08,10,Pluvieuse
Cascades,2018,42,-0.6867770900271225,0.08762199871669235,-0.20917676534407126,0,1178,14,2018-10-15,10,Pluvieuse
Cascades,2018,43,-0.604969766095354,-0.014844114635443224,-0.8341316976442694,0,1011,5,2018-10-22,10,Pluvieuse
Cascades,2018,44,-0.5767603440499166,-0.5784077380721857,0.6761760554145456,0,1234,12,2018-10-29,10,Pluvieuse
Cascades,2018,45,-0.6529257835725977,-0.1685432846636452,-1.0424500084110029,0,1070,12,2018-11-05,11,Sèche
Cascades,2018,46,-0.6077907082998978,-0.6552573230862871,0.12066056003659034,0,1466,3,2018-11-12,11,Sèche
Cascades,2018,47,-0.6501048413680539,0.5743360371393342,0.1900999969588332,0,162,1,2018-11-19,11,Sèche
Cascades,2018,48,-0.604969766095354,0.4462533954491655,-0.9382908530276374,0,207,6,2018-11-26,11,Sèche
Cascades,2018,49,-0.6585676679816851,-1.295670531537131,-0.1744570468829486,0,269,9,2018-12-03,12,Sèche
Cascades,2018,50,-0.6247163615271603,0.010772413702590895,-1.47644648917503,0,259,7,2018-12-10,12,Sèche
Cascades,2018,51,-0.6416420147544227,0.3950203387730972,-0.1744570468829486,0,292,8,2018-12-17,12,Sèche
Cascades,2018,52,-0.6783142634134913,-0.21977634133971255,1.4226500023286717,0,179,5,2018-12-24,12,Sèche
Cascades,2019,1,-0.6867770900271225,-1.295670531537131,0.8844943661812766,0,244,8,2019-01-07,1,Sèche
Cascades,2019,2,-0.7037027432543851,-1.2188209465230295,-0.1744570468829486,0,258,10,2019-01-14,1,Sèche
Cascades,2019,3,-0.6501048413680539,-1.2188209465230295,0.5372971815700549,0,193,2,2019-01-21,1,Sèche
Cascades,2019,4,-0.5767603440499166,-0.21977634133971255,-0.2786162022663141,0,291,10,2019-01-28,1,Sèche
Cascades,2019,5,-0.5711184596408291,-0.629640794748253,0.8671345069507166,0,275,14,2019-02-04,2,Sèche
Cascades,2019,6,-0.6303582459362477,0.06200547037865822,-1.4243669114833473,0,198,2,2019-02-11,2,Sèche
Cascades,2019,7,-0.6218954193226165,0.3437872820970299,-0.9209309937970748,0,253,12,2019-02-18,2,Sèche
Cascades,2019,8,-0.6134325927089853,0.13885505539275966,0.05122112311434501,0,184,8,2019-02-25,2,Sèche
Cascades,2019,9,-0.6444629569589664,-0.6808738514243203,-0.3480556391885595,0,198,10,2019-03-04,3,Sèche
Cascades,2019,10,-0.7037027432543851,1.6246136989987168,0.016501404653222352,0,206,3,2019-03-11,3,Sèche
Cascades,2019,11,-0.6021488238908103,1.7270798123508533,0.7456154923367885,0,159,7,2019-03-18,3,Sèche
Cascades,2019,12,-0.6839561478225789,1.4709145289705157,0.7282556331062283,0,183,4,2019-03-25,3,Sèche
Cascades,2019,13,-0.6670304945953164,1.9063955107170885,-1.059809867641563,0,224,9,2019-04-01,4,Sèche
Cascades,2019,14,-0.5936859972771792,1.983245095731191,-0.6605331053386585,0,252,14,2019-04-08,4,Sèche
Cascades,2019,15,-0.6895980322316664,1.6758467556747851,1.2143316915619382,0,229,13,2019-04-15,4,Sèche
Cascades,2019,16,-0.6529257835725977,1.3684484156183792,-0.5910936684164156,0,270,12,2019-04-22,4,Sèche
Cascades,2019,17,-0.6303582459362477,1.0866666039000095,-0.2959760614968767,0,181,2,2019-04-29,4,Sèche
Cascades,2019,18,-0.6980608588452976,0.9585839622098405,-1.7368443776334463,0,294,10,2019-05-06,5,Pluvieuse
Cascades,2019,19,-0.7093446276634725,-0.6552573230862871,0.46785774464781205,0,166,4,2019-05-13,5,Pluvieuse
Cascades,2019,20,-0.6106116505044415,-1.1932044181849955,0.6067366184923002,0,288,11,2019-05-20,5,Pluvieuse
Cascades,2019,21,-0.6190744771180727,-1.295670531537131,-0.48693451303304763,0,176,13,2019-05-27,5,Pluvieuse
Cascades,2019,22,0.15950557133600013,-0.142926756325612,1.1622521138702555,0,167,5,2019-06-03,6,Pluvieuse
Cascades,2019,23,1.2850615109489532,0.4718699237871978,-0.452214794571925,0,216,3,2019-06-10,6,Pluvieuse
Cascades,2019,24,0.5854678442221052,-0.962655663142692,-1.0424500084110029,0,312,5,2019-06-17,6,Pluvieuse
Cascades,2019,25,1.462780869835209,-1.270054003199097,0.8844943661812766,0,241,8,2019-06-24,6,Pluvieuse
Cascades,2019,26,0.881666775699198,-0.8858060781285906,0.9192140846423993,0,1189,0,2019-07-01,7,Pluvieuse
Cascades,2019,27,2.4811410056754997,0.08762199871669235,-0.22653662457463136,0,1041,4,2019-07-08,7,Pluvieuse
Cascades,2019,28,1.287882453153497,0.3181707537589958,1.6136084538648428,0,1333,8,2019-07-15,7,Pluvieuse
Cascades,2019,29,1.6235745754942024,0.4974864521252319,-0.9730105714887576,0,981,13,2019-07-22,7,Pluvieuse
Cascades,2019,30,0.20746158881324372,-0.296625926353814,0.5893767592617402,0,1397,10,2019-07-29,7,Pluvieuse
Cascades,2019,31,2.2498237449029133,-0.7321069081003877,0.6935359146451057,0,1325,11,2019-08-05,8,Pluvieuse
Cascades,2019,32,1.3414803550398282,-0.783339964776456,1.0407330992563273,0,1384,11,2019-08-12,8,Pluvieuse
Cascades,2019,33,2.184942074198407,-0.09169369964954377,-0.07029789149958307,0,1213,11,2019-08-19,8,Pluvieuse
Cascades,2019,34,2.105955692471182,-0.2710093980157808,-1.3722873337916646,0,1113,11,2019-08-26,8,Pluvieuse
Cascades,2019,35,1.8379661830395266,-0.3990920397059496,0.8324147884895938,0,1552,3,2019-09-02,9,Pluvieuse
Cascades,2019,36,0.7913966251537985,0.3950203387730972,0.25953943388107853,0,1336,5,2019-09-09,9,Pluvieuse
Cascades,2019,37,2.1736583053802323,0.3694038104350631,0.8497746477201564,0,1427,3,2019-09-16,9,Pluvieuse
Cascades,2019,38,1.3104499907898468,-1.2188209465230295,0.20745985618939577,0,1070,5,2019-09-23,9,Pluvieuse
Cascades,2019,39,2.4952457166982183,0.4974864521252319,1.0928126769480102,0,1297,10,2019-09-30,9,Pluvieuse
Cascades,2019,40,1.2850615109489532,-0.8601895497905564,0.9018542254118392,0,1371,14,2019-10-07,10,Pluvieuse
Cascades,2019,41,-0.6218954193226165,0.1644715837307938,-1.0945295861026856,0,1441,8,2019-10-14,10,Pluvieuse
Cascades,2019,42,-0.5936859972771792,-1.1675878898469623,0.8844943661812766,0,1464,7,2019-10-21,10,Pluvieuse
Cascades,2019,43,-0.6839561478225789,0.4718699237871978,-1.3202077560999792,0,1296,9,2019-10-28,10,Pluvieuse
Cascades,2019,44,-0.6360001303453352,-0.06607717131151056,-1.6847647999417636,0,1406,14,2019-11-04,11,Sèche
Cascades,2019,45,-0.5739394018453728,-1.3725201165512315,0.033861263883784916,0,1414,7,2019-11-11,11,Sèche
Cascades,2019,46,-0.6106116505044415,-0.937039134804658,-0.1918169061135087,0,1278,2,2019-11-18,11,Sèche
Cascades,2019,47,-0.6501048413680539,-0.7064903797623544,-0.6431732461080985,0,234,0,2019-11-25,11,Sèche
Cascades,2019,48,-0.5767603440499166,0.4462533954491655,0.25953943388107853,0,208,11,2019-12-02,12,Sèche
Cascades,2019,49,-0.5767603440499166,-0.3990920397059496,0.6761760554145456,0,193,6,2019-12-09,12,Sèche
Cascades,2019,50,-0.6021488238908103,-0.6040242664102189,0.48521760387837215,0,277,13,2019-12-16,12,Sèche
Cascades,2019,51,-0.5852231706635478,-0.9114226064666247,0.5199373223394949,0,205,8,2019-12-23,12,Sèche
Cascades,2019,52,-0.7008818010498412,0.1644715837307938,1.3358507061758664,0,222,9,2019-12-30,12,Sèche
Cascades,2020,1,-0.6557467257771414,0.08762199871669235,-1.3028478968694193,0,303,6,2020-01-06,1,Sèche
Cascades,2020,2,-0.6980608588452976,-0.937039134804658,-0.13973732842182593,0,195,9,2020-01-13,1,Sèche
Cascades,2020,3,-0.5682975174362854,-1.0907383048328607,1.4920894392509145,0,288,11,2020-01-20,1,Sèche
Cascades,2020,4,-0.7008818010498412,-0.21977634133971255,0.8150549292590338,0,265,7,2020-01-27,1,Sèche
Cascades,2020,5,-0.6106116505044415,0.06200547037865822,1.7004077500176482,0,220,14,2020-02-03,2,Sèche
Cascades,2020,6,-0.5795812862544604,-0.8601895497905564,-1.2681281784082965,0,228,3,2020-02-10,2,Sèche
Cascades,2020,7,-0.5852231706635478,-1.116354833170894,1.196971832331378,0,297,4,2020-02-17,2,Sèche
Cascades,2020,8,-0.6952399166407538,-1.0907383048328607,1.4920894392509145,0,186,12,2020-02-24,2,Sèche
Cascades,2020,9,-0.6247163615271603,-1.0651217764948266,0.7282556331062283,0,271,10,2020-03-02,3,Sèche
Cascades,2020,10,-0.661388610186229,1.1122831322380418,-1.6847647999417636,0,176,1,2020-03-09,3,Sèche
Cascades,2020,11,-0.6501048413680539,1.6758467556747851,1.3532105654064264,0,241,5,2020-03-16,3,Sèche
Cascades,2020,12,-0.6190744771180727,2.2394103791115283,0.4157781669561293,0,158,4,2020-03-23,3,Sèche
Cascades,2020,13,-0.6698514367998601,1.6758467556747851,0.7456154923367885,0,195,3,2020-03-30,3,Sèche
Cascades,2020,14,-0.5993278816862666,1.5989971706606845,0.39841830772556674,0,209,3,2020-04-06,4,Sèche
Cascades,2020,15,-0.7065236854589287,1.7783128690269197,0.22481971541995588,0,163,8,2020-04-13,4,Sèche
Cascades,2020,16,-0.6021488238908103,2.6492748325200672,-1.1466091637943685,0,294,0,2020-04-20,4,Sèche
Cascades,2020,17,-0.6501048413680539,2.521192190829898,-1.1986887414860536,0,261,5,2020-04-27,4,Sèche
Cascades,2020,18,-0.6218954193226165,1.9063955107170885,0.5720169000311776,0,181,12,2020-05-04,5,Pluvieuse
Cascades,2020,19,-0.6754933212089477,0.3694038104350631,-0.6778929645692211,0,268,6,2020-05-11,5,Pluvieuse
Cascades,2020,20,-0.5936859972771792,-0.629640794748253,0.4331380261866894,0,300,5,2020-05-18,5,Pluvieuse
Cascades,2020,21,-0.6360001303453352,-0.9882721914807252,-0.7299725422609038,0,193,1,2020-05-25,5,Pluvieuse
Cascades,2020,22,0.6898427057902237,-1.0395052481567935,1.3532105654064264,0,235,10,2020-06-01,6,Pluvieuse
Cascades,2020,23,1.158119111744485,-0.6552573230862871,0.24217957465051843,0,259,9,2020-06-08,6,Pluvieuse
Cascades,2020,24,1.9620876400394514,-0.5527912097341515,-0.9556507122581974,0,205,9,2020-06-15,6,Pluvieuse
Cascades,2020,25,2.2216143228574756,0.3437872820970299,0.6240964777228604,0,213,0,2020-06-22,6,Pluvieuse
Cascades,2020,26,2.6278300003117745,-0.6808738514243203,-1.059809867641563,0,1410,4,2020-06-29,6,Pluvieuse
Cascades,2020,27,0.5008395780857929,0.1644715837307938,1.266411269253621,0,1492,5,2020-07-06,7,Pluvieuse
Cascades,2020,28,0.5741840754039302,-1.2188209465230295,1.370570424636989,0,1501,7,2020-07-13,7,Pluvieuse
Cascades,2020,29,2.461394410243694,0.3950203387730972,-1.5806056445583956,0,1342,10,2020-07-20,7,Pluvieuse
Cascades,2020,30,2.057999674993938,-0.21977634133971255,0.7803352107979111,0,1544,5,2020-07-27,7,Pluvieuse
Cascades,2020,31,1.8464290096531577,-0.8089564931144891,0.4504978854172495,0,1335,2,2020-08-03,8,Pluvieuse
Cascades,2020,32,1.5502300781760647,-1.1419713615089282,-1.059809867641563,0,1447,10,2020-08-10,8,Pluvieuse
Cascades,2020,33,1.7420541480850396,-1.0138887198187594,-0.3133359207274368,0,1020,10,2020-08-17,8,Pluvieuse
Cascades,2020,34,-0.11412582250474285,0.4718699237871978,-0.3827753576496821,0,1264,7,2020-08-24,8,Pluvieuse
Cascades,2020,35,0.45852544501763676,-1.2444374748610627,-0.573733809185853,0,1352,6,2020-08-31,8,Pluvieuse
Cascades,2020,36,0.9126971399491792,-0.5527912097341515,-1.5458859260972753,0,1450,0,2020-09-07,9,Pluvieuse
Cascades,2020,37,0.24131289526776872,-0.6040242664102189,-1.059809867641563,0,1489,8,2020-09-14,9,Pluvieuse
Cascades,2020,38,-0.03231849857297436,-0.040460642973476436,0.22481971541995588,0,1283,9,2020-09-21,9,Pluvieuse
Cascades,2020,39,1.9902970620848888,-1.0651217764948266,-0.2959760614968767,0,1030,2,2020-09-28,9,Pluvieuse
Cascades,2020,40,1.155298169539941,-0.3222424546918481,1.7177676092482108,0,1421,7,2020-10-05,10,Pluvieuse
Cascades,2020,41,-0.6726723790044038,-0.9114226064666247,1.1622521138702555,0,1446,0,2020-10-12,10,Pluvieuse
Cascades,2020,42,-0.7008818010498412,0.6255690938154007,-1.4243669114833473,0,1516,9,2020-10-19,10,Pluvieuse
Cascades,2020,43,-0.6698514367998601,0.3437872820970299,-0.6778929645692211,0,1165,5,2020-10-26,10,Pluvieuse
Cascades,2020,44,-0.69241897443621,0.4718699237871978,-0.9556507122581974,0,1058,7,2020-11-02,11,Sèche
Cascades,2020,45,-0.6416420147544227,-0.9114226064666247,1.1796119731008157,0,1062,13,2020-11-09,11,Sèche
Cascades,2020,46,-0.5936859972771792,0.523102980463266,1.0928126769480102,0,1317,3,2020-11-16,11,Sèche
Cascades,2020,47,-0.6360001303453352,0.11323852705472555,-0.9730105714887576,0,166,4,2020-11-23,11,Sèche
Cascades,2020,48,-0.6557467257771414,-0.296625926353814,1.5962485946342826,0,278,12,2020-11-30,11,Sèche
Cascades,2020,49,-0.6077907082998978,0.42063686711113135,0.641456336953423,0,195,13,2020-12-07,12,Sèche
Cascades,2020,50,-0.6839561478225789,-0.4759416247200501,1.0233732400257674,0,207,0,2020-12-14,12,Sèche
Cascades,2020,51,-0.6726723790044038,0.190088112068827,-0.261256343035754,0,293,13,2020-12-21,12,Sèche
Cascades,2020,52,-0.6444629569589664,-0.7321069081003877,-1.2507683191777363,0,294,12,2020-12-28,12,Sèche
Cascades,2021,1,-0.6811352056180351,-1.1932044181849955,-0.6431732461080985,0,154,14,2021-01-04,1,Sèche
Cascades,2021,2,-0.5795812862544604,0.08762199871669235,-0.1570971876523885,0,259,4,2021-01-11,1,Sèche
Cascades,2021,3,-0.6557467257771414,-0.8601895497905564,-0.5042943722636102,0,223,12,2021-01-18,1,Sèche
Cascades,2021,4,-0.6077907082998978,0.06200547037865822,-0.1570971876523885,0,250,12,2021-01-25,1,Sèche
Cascades,2021,5,-0.6472838991635101,-0.37347551136791546,-0.5042943722636102,0,169,4,2021-02-01,2,Sèche
Cascades,2021,6,-0.604969766095354,-0.3222424546918481,0.05122112311434501,0,293,14,2021-02-08,2,Sèche
Cascades,2021,7,-0.6811352056180351,-1.0138887198187594,0.36369858926444404,0,232,13,2021-02-15,2,Sèche
Cascades,2021,8,-0.5739394018453728,0.4718699237871978,1.6483281723259653,0,278,14,2021-02-22,2,Sèche
Cascades,2021,9,-0.6811352056180351,-0.8089564931144891,-1.5979655037889582,0,226,14,2021-03-01,3,Sèche
Cascades,2021,10,-0.6980608588452976,2.521192190829898,0.9712936623340821,0,294,11,2021-03-08,3,Sèche
Cascades,2021,11,-0.5880441128680916,2.162560794097426,0.3289788708033239,0,151,8,2021-03-15,3,Sèche
Cascades,2021,12,-0.5880441128680916,1.9063955107170885,1.5268091577120373,0,161,7,2021-03-22,3,Sèche
Cascades,2021,13,-0.5852231706635478,2.469959134153832,-1.5632457853278354,0,284,12,2021-03-29,3,Sèche
Cascades,2021,14,-0.5993278816862666,1.2915988306042787,0.8150549292590338,0,176,7,2021-04-05,4,Sèche
Cascades,2021,15,-0.6726723790044038,1.5989971706606845,-1.4243669114833473,0,195,10,2021-04-12,4,Sèche
Cascades,2021,16,-0.5739394018453728,1.522147585646582,0.2942591523422012,0,207,3,2021-04-19,4,Sèche
Cascades,2021,17,-0.7008818010498412,1.0610500755619752,-0.018218313807897846,0,169,2,2021-04-26,4,Sèche
Cascades,2021,18,-0.6331791881407914,2.18817732243546,1.3879302838675491,0,290,2,2021-05-03,5,Pluvieuse
Cascades,2021,19,-0.6472838991635101,0.26693769708292847,-0.8341316976442694,0,169,4,2021-05-10,5,Pluvieuse
Cascades,2021,20,-0.6895980322316664,-1.3725201165512315,-0.452214794571925,0,156,5,2021-05-17,5,Pluvieuse
Cascades,2021,21,-0.6698514367998601,0.42063686711113135,-1.4070070522527847,0,186,12,2021-05-24,5,Pluvieuse
Cascades,2021,22,1.9874761198803448,-0.3990920397059496,1.0233732400257674,0,274,4,2021-05-31,5,Pluvieuse
Cascades,2021,23,2.08903003924392,-0.06607717131151056,1.4052901430981093,0,184,14,2021-06-07,6,Pluvieuse
Cascades,2021,24,0.6193191506766301,-0.9114226064666247,1.6309683130954054,0,259,0,2021-06-14,6,Pluvieuse
Cascades,2021,25,1.437392389994315,-0.6808738514243203,1.5441690169426,0,154,5,2021-06-21,6,Pluvieuse
Cascades,2021,26,0.7067683590174862,-0.5784077380721857,-0.08765775073014317,0,980,4,2021-06-28,6,Pluvieuse
Cascades,2021,27,1.7730845123350205,0.4718699237871978,1.3011309877147437,0,945,1,2021-07-05,7,Pluvieuse
Cascades,2021,28,1.4853484074715588,0.5743360371393342,-0.5390140907247304,0,1011,0,2021-07-12,7,Pluvieuse
Cascades,2021,29,2.1539117099484257,-0.014844114635443224,0.22481971541995588,0,1017,9,2021-07-19,7,Pluvieuse
Cascades,2021,30,-0.07745357384567428,-0.4503250963820169,-1.4070070522527847,0,1099,7,2021-07-26,7,Pluvieuse
Cascades,2021,31,2.404975566152819,0.06200547037865822,0.7108957738756658,0,1367,1,2021-08-02,8,Pluvieuse
Cascades,2021,32,0.6023934974493677,-0.9882721914807252,-1.7368443776334463,0,1418,14,2021-08-09,8,Pluvieuse
Cascades,2021,33,2.0692834438121137,0.4974864521252319,-1.1118894453332482,0,1200,10,2021-08-16,8,Pluvieuse
Cascades,2021,34,2.4839619478800437,-0.06607717131151056,-0.747332401491464,0,1367,10,2021-08-23,8,Pluvieuse
Cascades,2021,35,0.6870217635856799,0.06200547037865822,0.4157781669561293,0,1426,10,2021-08-30,8,Pluvieuse
Cascades,2021,36,2.08903003924392,-0.8601895497905564,-1.1118894453332482,0,1172,8,2021-09-06,9,Pluvieuse
Cascades,2021,37,0.6390657461084363,0.03638894204062502,1.0580929584868874,0,991,2,2021-09-13,9,Pluvieuse
Cascades,2021,38,2.151090767743882,-0.06607717131151056,-0.5390140907247304,0,1351,8,2021-09-20,9,Pluvieuse
Cascades,2021,39,0.30619456597227473,-0.2710093980157808,-1.4938063484055901,0,1057,3,2021-09-27,9,Pluvieuse
Cascades,2021,40,-0.060527920618411786,-1.295670531537131,-0.07029789149958307,0,1228,0,2021-10-04,10,Pluvieuse
Cascades,2021,41,-0.6698514367998601,-0.142926756325612,-1.5806056445583956,0,1248,6,2021-10-11,10,Pluvieuse
Cascades,2021,42,-0.604969766095354,-1.3469035882131983,0.641456336953423,0,1409,3,2021-10-18,10,Pluvieuse
Cascades,2021,43,-0.6134325927089853,0.010772413702590895,1.6136084538648428,0,1166,3,2021-10-25,10,Pluvieuse
Cascades,2021,44,-0.661388610186229,-0.09169369964954377,-1.7194845184028862,0,1474,9,2021-11-01,11,Sèche
Cascades,2021,45,-0.6106116505044415,-0.6040242664102189,0.6240964777228604,0,1042,2,2021-11-08,11,Sèche
Cascades,2021,46,-0.604969766095354,-0.11731022798757788,0.15538027849771302,0,884,11,2021-11-15,11,Sèche
Cascades,2021,47,-0.6952399166407538,-0.629640794748253,0.9018542254118392,0,276,14,2021-11-22,11,Sèche
Cascades,2021,48,-0.638821072549879,-0.7064903797623544,0.5893767592617402,0,165,12,2021-11-29,11,Sèche
Cascades,2021,49,-0.6811352056180351,-1.3725201165512315,0.6761760554145456,0,198,8,2021-12-06,12,Sèche
Cascades,2021,50,-0.6529257835725977,-0.8858060781285906,0.6240964777228604,0,170,11,2021-12-13,12,Sèche
Cascades,2021,51,-0.6980608588452976,0.523102980463266,-0.261256343035754,0,155,7,2021-12-20,12,Sèche
Cascades,2021,52,-0.6472838991635101,0.3694038104350631,-0.1570971876523885,0,243,7,2021-12-27,12,Sèche
Cascades,2022,1,-0.661388610186229,-1.270054003199097,1.196971832331378,0,245,8,2022-01-03,1,Sèche
Cascades,2022,2,-0.5682975174362854,-0.34785898302988133,1.0060133807952047,0,234,4,2022-01-10,1,Sèche
Cascades,2022,3,-0.6839561478225789,-1.1932044181849955,-0.9035711345665147,0,242,13,2022-01-17,1,Sèche
Cascades,2022,4,-0.6077907082998978,-0.7577234364384218,-0.7126126830303413,0,224,9,2022-01-24,1,Sèche
Cascades,2022,5,-0.6557467257771414,0.06200547037865822,0.9192140846423993,0,290,4,2022-01-31,1,Sèche
Cascades,2022,6,-0.6783142634134913,0.06200547037865822,-0.7994119791831467,0,273,2,2022-02-07,2,Sèche
Cascades,2022,7,-0.6557467257771414,0.5999525654773665,-0.6778929645692211,0,254,13,2022-02-14,2,Sèche
Cascades,2022,8,-0.7037027432543851,-0.5784077380721857,-0.22653662457463136,0,243,3,2022-02-21,2,Sèche
Cascades,2022,9,-0.6670304945953164,0.6255690938154007,-1.4417267707139074,0,151,12,2022-02-28,2,Sèche
Cascades,2022,10,-0.616253534913529,1.983245095731191,1.3358507061758664,0,291,1,2022-03-07,3,Sèche
Cascades,2022,11,-0.638821072549879,1.496531057308548,0.06858098234490759,0,295,11,2022-03-14,3,Sèche
Cascades,2022,12,-0.6670304945953164,2.495575662491866,-1.4938063484055901,0,272,8,2022-03-21,3,Sèche
Cascades,2022,13,-0.5767603440499166,2.4443426058157978,-1.354927474561102,0,281,6,2022-03-28,3,Sèche
Cascades,2022,14,-0.6416420147544227,2.5980417758440004,-1.5979655037889582,0,213,5,2022-04-04,4,Sèche
Cascades,2022,15,-0.6501048413680539,2.5468087191679323,-0.46957465380248753,0,291,8,2022-04-11,4,Sèche
Cascades,2022,16,-0.638821072549879,1.5989971706606845,1.7004077500176482,0,284,13,2022-04-18,4,Sèche
Cascades,2022,17,-0.6642095523907726,1.3172153589423128,0.7976950700284712,0,278,7,2022-04-25,4,Sèche
Cascades,2022,18,-0.6670304945953164,2.469959134153832,0.39841830772556674,0,159,9,2022-05-02,5,Pluvieuse
Cascades,2022,19,-0.5711184596408291,-0.629640794748253,-1.4938063484055901,0,257,14,2022-05-09,5,Pluvieuse
Cascades,2022,20,-0.6895980322316664,-0.6808738514243203,0.39841830772556674,0,195,0,2022-05-16,5,Pluvieuse
Cascades,2022,21,-0.6360001303453352,0.523102980463266,0.8150549292590338,0,288,11,2022-05-23,5,Pluvieuse
Cascades,2022,22,2.5629483296072686,0.3437872820970299,1.3532105654064264,0,162,4,2022-05-30,5,Pluvieuse
Cascades,2022,23,1.7392332058804956,-0.3990920397059496,1.6136084538648428,0,208,9,2022-06-06,6,Pluvieuse
Cascades,2022,24,0.881666775699198,-1.0651217764948266,0.27689929311163863,0,294,12,2022-06-13,6,Pluvieuse
Cascades,2022,25,0.9070552555400916,-0.4503250963820169,-1.2160486007166138,0,239,6,2022-06-20,6,Pluvieuse
Cascades,2022,26,1.9931180042894323,-0.4503250963820169,0.05122112311434501,0,1278,4,2022-06-27,6,Pluvieuse
Cascades,2022,27,1.9790132932667137,-1.0395052481567935,1.4573697207897944,0,1425,10,2022-07-04,7,Pluvieuse
Cascades,2022,28,-0.0266766141638869,-0.21977634133971255,1.6309683130954054,0,1003,5,2022-07-11,7,Pluvieuse
Cascades,2022,29,0.32594116140408097,0.3694038104350631,-0.7299725422609038,0,1375,12,2022-07-18,7,Pluvieuse
Cascades,2022,30,0.8337107582219546,-0.3990920397059496,1.4920894392509145,0,1137,12,2022-07-25,7,Pluvieuse
Cascades,2022,31,1.2286426668580783,0.1644715837307938,-0.4174950761108048,0,1164,1,2022-08-01,8,Pluvieuse
Cascades,2022,32,1.0565651923809103,-0.296625926353814,-0.9730105714887576,0,919,7,2022-08-08,8,Pluvieuse
Cascades,2022,33,1.868996547289508,0.08762199871669235,-0.7299725422609038,0,1448,1,2022-08-15,8,Pluvieuse
Cascades,2022,34,0.38236000549495586,-0.7064903797623544,-0.05293803226902051,0,986,7,2022-08-22,8,Pluvieuse
Cascades,2022,35,-0.11130488030019917,-0.8089564931144891,0.22481971541995588,0,1360,7,2022-08-29,8,Pluvieuse
Cascades,2022,36,-0.03796038298206183,-1.270054003199097,0.4504978854172495,0,947,7,2022-09-05,9,Pluvieuse
Cascades,2022,37,2.4726781790618686,-0.24539286967774668,-1.059809867641563,0,983,2,2022-09-12,9,Pluvieuse
Cascades,2022,38,0.5572584221766678,-0.09169369964954377,1.4052901430981093,0,910,5,2022-09-19,9,Pluvieuse
Cascades,2022,39,1.4881693496761028,-1.2188209465230295,1.4573697207897944,0,954,11,2022-09-26,9,Pluvieuse
Cascades,2022,40,0.6813798791765924,-0.6552573230862871,1.3358507061758664,0,1463,7,2022-10-03,10,Pluvieuse
Cascades,2022,41,-0.7008818010498412,-0.8601895497905564,1.4226500023286717,0,1241,9,2022-10-10,10,Pluvieuse
Cascades,2022,42,-0.5795812862544604,-0.962655663142692,1.0233732400257674,0,1404,0,2022-10-17,10,Pluvieuse
Cascades,2022,43,-0.6670304945953164,-0.21977634133971255,-1.5458859260972753,0,1406,5,2022-10-24,10,Pluvieuse
Cascades,2022,44,-0.5936859972771792,0.21570464040686113,1.3879302838675491,0,1458,12,2022-10-31,10,Pluvieuse
Cascades,2022,45,-0.6726723790044038,0.06200547037865822,0.6761760554145456,0,1388,13,2022-11-07,11,Sèche
Cascades,2022,46,-0.6698514367998601,-0.6040242664102189,-0.33069577995799937,0,915,3,2022-11-14,11,Sèche
Cascades,2022,47,-0.5739394018453728,0.010772413702590895,1.0580929584868874,0,245,6,2022-11-21,11,Sèche
Cascades,2022,48,-0.5965069394817228,-1.2444374748610627,-1.3028478968694193,0,190,11,2022-11-28,11,Sèche
Cascades,2022,49,-0.5711184596408291,-0.8601895497905564,-1.1639690230249309,0,182,2,2022-12-05,12,Sèche
Cascades,2022,50,-0.6895980322316664,-0.937039134804658,0.25953943388107853,0,270,7,2022-12-12,12,Sèche
Cascades,2022,51,-0.5739394018453728,-0.8089564931144891,0.15538027849771302,0,224,13,2022-12-19,12,Sèche
Cascades,2022,52,-0.6247163615271603,-0.014844114635443224,-0.6778929645692211,0,197,1,2022-12-26,12,Sèche
Cascades,2023,1,-0.6416420147544227,-0.629640794748253,1.196971832331378,0,146,13,2023-01-02,1,Sèche
Cascades,2023,2,-0.6190744771180727,-0.4503250963820169,-1.181328882255491,0,153,14,2023-01-09,1,Sèche
Cascades,2023,3,-0.6501048413680539,-0.5527912097341515,-0.9035711345665147,0,244,9,2023-01-16,1,Sèche
Cascades,2023,4,-0.5936859972771792,-0.7064903797623544,-0.747332401491464,0,244,10,2023-01-23,1,Sèche
Cascades,2023,5,-0.638821072549879,0.5999525654773665,-0.5390140907247304,0,229,5,2023-01-30,1,Sèche
Cascades,2023,6,-0.604969766095354,-1.1675878898469623,-0.10501760996070328,0,251,11,2023-02-06,2,Sèche
Cascades,2023,7,-0.6190744771180727,-0.5784077380721857,-0.08765775073014317,0,273,11,2023-02-13,2,Sèche
Cascades,2023,8,-0.661388610186229,-1.2188209465230295,-1.1639690230249309,0,160,8,2023-02-20,2,Sèche
Cascades,2023,9,-0.5965069394817228,-1.0395052481567935,-0.9209309937970748,0,202,3,2023-02-27,2,Sèche
Cascades,2023,10,-0.5993278816862666,1.16351618891411,0.7282556331062283,0,236,11,2023-03-06,3,Sèche
Cascades,2023,11,-0.6980608588452976,1.009817018885907,-1.5111662076361527,0,247,13,2023-03-13,3,Sèche
Cascades,2023,12,-0.7065236854589287,2.469959134153832,1.3879302838675491,0,244,8,2023-03-20,3,Sèche
Cascades,2023,13,-0.6077907082998978,0.9585839622098405,-1.1118894453332482,0,251,3,2023-03-27,3,Sèche
Cascades,2023,14,-0.7037027432543851,2.18817732243546,-0.7126126830303413,0,219,8,2023-04-03,4,Sèche
Cascades,2023,15,-0.6190744771180727,1.214749245590178,-0.03557817303846041,0,235,4,2023-04-10,4,Sèche
Cascades,2023,16,-0.6501048413680539,1.5477641139846163,1.0407330992563273,0,172,4,2023-04-17,4,Sèche
Cascades,2023,17,-0.6360001303453352,1.189132717252144,0.8844943661812766,0,258,12,2023-04-24,4,Sèche
Cascades,2023,18,-0.6642095523907726,1.983245095731191,-1.181328882255491,0,257,13,2023-05-01,5,Pluvieuse
Cascades,2023,19,-0.7008818010498412,0.6255690938154007,-0.08765775073014317,0,228,13,2023-05-08,5,Pluvieuse
Cascades,2023,20,-0.661388610186229,-0.11731022798757788,1.144892254639693,0,232,7,2023-05-15,5,Pluvieuse
Cascades,2023,21,-0.661388610186229,0.24132116874489434,0.9365739438729619,0,265,13,2023-05-22,5,Pluvieuse
Cascades,2023,22,1.4035410835397906,0.26693769708292847,-0.05293803226902051,0,167,9,2023-05-29,5,Pluvieuse
Cascades,2023,23,1.5784395002215021,-0.142926756325612,-0.03557817303846041,0,251,3,2023-06-05,6,Pluvieuse
Cascades,2023,24,2.041074021766676,-0.8345730214525232,0.1727401377282731,0,210,10,2023-06-12,6,Pluvieuse
Cascades,2023,25,0.1651474557450876,-0.6040242664102189,0.15538027849771302,0,243,9,2023-06-19,6,Pluvieuse
Cascades,2023,26,2.2216143228574756,-0.040460642973476436,1.5441690169426,0,1425,11,2023-06-26,6,Pluvieuse
Cascades,2023,27,0.04102599874516298,-1.0907383048328607,0.3289788708033239,0,1226,5,2023-07-03,7,Pluvieuse
Cascades,2023,28,0.1679683979496314,-1.270054003199097,-1.7368443776334463,0,878,10,2023-07-10,7,Pluvieuse
Cascades,2023,29,0.04384694094970666,-1.2444374748610627,-1.2334084599471737,0,1254,14,2023-07-17,7,Pluvieuse
Cascades,2023,30,0.7857547407447109,0.3181707537589958,1.7004077500176482,0,856,2,2023-07-24,7,Pluvieuse
Cascades,2023,31,0.1510427447223689,-0.6040242664102189,-1.0077302899498801,0,1344,12,2023-07-31,7,Pluvieuse
Cascades,2023,32,2.131344172312076,0.26693769708292847,0.24217957465051843,0,1288,2,2023-08-07,8,Pluvieuse
Cascades,2023,33,0.4049275431313057,-0.9114226064666247,-0.9903704307193201,0,1163,3,2023-08-14,8,Pluvieuse
Cascades,2023,34,2.052357790584851,-0.4503250963820169,1.2316915507924984,0,1251,13,2023-08-21,8,Pluvieuse
Cascades,2023,35,0.6193191506766301,0.06200547037865822,1.5268091577120373,0,1003,3,2023-08-28,8,Pluvieuse
Cascades,2023,36,0.9550112730173353,-0.37347551136791546,1.3358507061758664,0,1265,14,2023-09-04,9,Pluvieuse
Cascades,2023,37,2.0467159061757636,-1.0651217764948266,-1.1986887414860536,0,1421,8,2023-09-11,9,Pluvieuse
Cascades,2023,38,0.6616332837447862,0.523102980463266,-0.05293803226902051,0,1378,9,2023-09-18,9,Pluvieuse
Cascades,2023,39,1.7956520499713704,-0.42470856804398277,1.370570424636989,0,1059,7,2023-09-25,9,Pluvieuse
Cascades,2023,40,1.6912771884032518,0.3437872820970299,-0.9382908530276374,0,1292,0,2023-10-02,10,Pluvieuse
Cascades,2023,41,-0.5908650550726353,-0.4503250963820169,-1.354927474561102,0,858,7,2023-10-09,10,Pluvieuse
Cascades,2023,42,-0.6529257835725977,-0.4503250963820169,1.6136084538648428,0,1140,6,2023-10-16,10,Pluvieuse
Cascades,2023,43,-0.6416420147544227,0.13885505539275966,-1.0424500084110029,0,1123,1,2023-10-23,10,Pluvieuse
Cascades,2023,44,-0.6303582459362477,0.6255690938154007,-0.8167718384137093,0,1309,10,2023-10-30,10,Pluvieuse
Cascades,2023,45,-0.5993278816862666,-0.19415981300167934,-0.8862112753359521,0,1289,3,2023-11-06,11,Sèche
Cascades,2023,46,-0.5795812862544604,-1.295670531537131,0.8671345069507166,0,1134,4,2023-11-13,11,Sèche
Cascades,2023,47,-0.5795812862544604,-1.0395052481567935,-0.452214794571925,0,249,9,2023-11-20,11,Sèche
Cascades,2023,48,-0.6867770900271225,0.3181707537589958,-1.6847647999417636,0,278,10,2023-11-27,11,Sèche
Cascades,2023,49,-0.638821072549879,-1.0651217764948266,-1.3722873337916646,0,204,12,2023-12-04,12,Sèche
Cascades,2023,50,-0.5824022284590041,0.3181707537589958,-0.33069577995799937,0,206,12,2023-12-11,12,Sèche
Cascades,2023,51,-0.6726723790044038,-1.1419713615089282,0.27689929311163863,0,160,12,2023-12-18,12,Sèche
Cascades,2023,52,-0.6360001303453352,0.190088112068827,-1.059809867641563,0,200,2,2023-12-25,12,Sèche
Cascades,2024,1,-0.6247163615271603,0.2925542254209626,-1.6847647999417636,0,179,2,2024-01-01,1,Sèche
Cascades,2024,2,-0.6303582459362477,0.4462533954491655,1.4226500023286717,0,272,6,2024-01-08,1,Sèche
Cascades,2024,3,-0.6867770900271225,-0.4759416247200501,0.3116190115727613,0,276,6,2024-01-15,1,Sèche
Cascades,2024,4,-0.7008818010498412,-1.1675878898469623,-0.07029789149958307,0,177,12,2024-01-22,1,Sèche
Cascades,2024,5,-0.6726723790044038,-1.2444374748610627,-1.2507683191777363,0,153,6,2024-01-29,1,Sèche
Cascades,2024,6,-0.6021488238908103,-0.7577234364384218,0.4504978854172495,0,250,14,2024-02-05,2,Sèche
Cascades,2024,7,-0.7065236854589287,-0.4503250963820169,1.4052901430981093,0,222,11,2024-02-12,2,Sèche
Cascades,2024,8,-0.5908650550726353,0.06200547037865822,0.5893767592617402,0,185,8,2024-02-19,2,Sèche
Cascades,2024,9,-0.6867770900271225,-0.629640794748253,1.4226500023286717,0,243,7,2024-02-26,2,Sèche
Cascades,2024,10,-0.6783142634134913,2.4443426058157978,1.5962485946342826,0,202,2,2024-03-04,3,Sèche
Cascades,2024,11,-0.6021488238908103,1.214749245590178,1.4226500023286717,0,230,1,2024-03-11,3,Sèche
Cascades,2024,12,-0.69241897443621,1.9320120390551225,1.57888873540372,0,150,14,2024-03-18,3,Sèche
Cascades,2024,13,-0.6134325927089853,2.213793850773494,-1.5632457853278354,0,179,6,2024-03-25,3,Sèche
Cascades,2024,14,-0.5767603440499166,1.7270798123508533,0.36369858926444404,0,168,2,2024-04-01,4,Sèche
Cascades,2024,15,-0.6190744771180727,2.0857112090833256,-0.6605331053386585,1,215,7,2024-04-08,4,Sèche
Cascades,2024,16,-0.6134325927089853,1.8807789823790544,-0.8862112753359521,1,175,11,2024-04-15,4,Sèche
Cascades,2024,17,-0.7093446276634725,1.7526963406888856,-0.5910936684164156,0,259,3,2024-04-22,4,Sèche
Cascades,2024,18,-0.6783142634134913,2.3418764924636633,-0.0008584545773377481,0,243,1,2024-04-29,4,Sèche
Cascades,2024,19,-0.7008818010498412,0.4718699237871978,1.5962485946342826,0,154,13,2024-05-06,5,Pluvieuse
Cascades,2024,20,-0.5767603440499166,-0.5527912097341515,-1.0424500084110029,0,235,5,2024-05-13,5,Pluvieuse
Cascades,2024,21,-0.6106116505044415,-0.8858060781285906,0.8671345069507166,0,178,4,2024-05-20,5,Pluvieuse
Cascades,2024,22,2.049536848380307,-0.5527912097341515,1.6483281723259653,0,242,13,2024-05-27,5,Pluvieuse
Cascades,2024,23,0.15386368692691266,-1.270054003199097,0.9365739438729619,0,213,5,2024-06-03,6,Pluvieuse
Cascades,2024,24,2.0438949639712196,-0.09169369964954377,1.5268091577120373,0,231,13,2024-06-10,6,Pluvieuse
Cascades,2024,25,1.8520708940622452,0.11323852705472555,1.56152887617316,1,251,13,2024-06-17,6,Pluvieuse
Cascades,2024,26,0.5431537111539491,0.06200547037865822,-1.3722873337916646,1,1209,7,2024-06-24,6,Pluvieuse
Cascades,2024,27,1.8577127784713328,-0.296625926353814,-0.573733809185853,0,918,2,2024-07-01,7,Pluvieuse
Cascades,2024,28,0.7039474168129424,0.3694038104350631,1.6656880315565255,0,1082,2,2024-07-08,7,Pluvieuse
Cascades,2024,29,0.8957714867219168,-0.34785898302988133,-0.7994119791831467,0,1324,2,2024-07-15,7,Pluvieuse
Cascades,2024,30,-0.10002111148202414,-0.7577234364384218,-0.573733809185853,0,1349,1,2024-07-22,7,Pluvieuse
Cascades,2024,31,1.9790132932667137,-0.014844114635443224,0.9539338031035219,0,916,10,2024-07-29,7,Pluvieuse
Cascades,2024,32,2.131344172312076,-0.5527912097341515,1.3532105654064264,0,913,6,2024-08-05,8,Pluvieuse
Cascades,2024,33,2.5008876011073062,-1.3725201165512315,0.4331380261866894,0,1242,11,2024-08-12,8,Pluvieuse
Cascades,2024,34,2.0749253282212012,-0.09169369964954377,-0.4348549353413649,0,1354,7,2024-08-19,8,Pluvieuse
Cascades,2024,35,-0.043602267391149294,-0.3222424546918481,0.6240964777228604,0,1101,14,2024-08-26,8,Pluvieuse
Cascades,2024,36,0.004353750086094309,-1.3212870598751643,-1.3896471930222245,0,828,10,2024-09-02,9,Pluvieuse
Cascades,2024,37,1.1863285337899223,-0.3990920397059496,-0.33069577995799937,0,1189,5,2024-09-09,9,Pluvieuse
Cascades,2024,38,0.4839139248585304,-0.6552573230862871,-1.667404940711201,0,1129,12,2024-09-16,9,Pluvieuse
Cascades,2024,39,1.8069358187895457,-0.3990920397059496,0.7456154923367885,0,1188,6,2024-09-23,9,Pluvieuse
Cascades,2024,40,0.01563751890426924,-1.295670531537131,1.5094492984814771,0,994,4,2024-09-30,9,Pluvieuse
Cascades,2024,41,-0.6952399166407538,0.5999525654773665,0.05122112311434501,0,1098,12,2024-10-07,10,Pluvieuse
Cascades,2024,42,-0.6980608588452976,0.26693769708292847,-0.018218313807897846,0,1271,6,2024-10-14,10,Pluvieuse
Cascades,2024,43,-0.6980608588452976,0.11323852705472555,1.370570424636989,0,1154,11,2024-10-21,10,Pluvieuse
Cascades,2024,44,-0.7037027432543851,0.03638894204062502,-1.5285260668667129,0,1108,9,2024-10-28,10,Pluvieuse
Cascades,2024,45,-0.661388610186229,-1.3725201165512315,-1.6847647999417636,0,908,7,2024-11-04,11,Sèche
Cascades,2024,46,-0.6472838991635101,0.3694038104350631,-1.6153253630195181,0,1211,4,2024-11-11,11,Sèche
Cascades,2024,47,-0.6557467257771414,0.3181707537589958,0.9712936623340821,0,201,7,2024-11-18,11,Sèche
Cascades,2024,48,-0.69241897443621,-0.6040242664102189,0.5199373223394949,0,208,10,2024-11-25,11,Sèche
Cascades,2024,49,-0.6698514367998601,0.4462533954491655,1.2316915507924984,0,141,13,2024-12-02,12,Sèche
Cascades,2024,50,-0.5965069394817228,0.3950203387730972,-1.4243669114833473,0,142,14,2024-12-09,12,Sèche
Cascades,2024,51,-0.6303582459362477,0.3181707537589958,1.0233732400257674,0,229,3,2024-12-16,12,Sèche
Cascades,2024,52,-0.7008818010498412,0.1644715837307938,0.8150549292590338,0,270,14,2024-12-23,12,Sèche
Cascades,2025,1,-0.6726723790044038,-0.4759416247200501,-0.22653662457463136,0,233,3,2025-01-06,1,Sèche
Cascades,2025,2,-0.6726723790044038,-1.1675878898469623,1.7177676092482108,0,166,6,2025-01-13,1,Sèche
Cascades,2025,3,-0.7065236854589287,0.03638894204062502,0.5720169000311776,0,196,12,2025-01-20,1,Sèche
Cascades,2025,4,-0.7065236854589287,0.42063686711113135,0.12066056003659034,0,186,12,2025-01-27,1,Sèche
Cascades,2025,5,-0.638821072549879,-0.34785898302988133,-0.4348549353413649,0,214,4,2025-02-03,2,Sèche
Cascades,2025,6,-0.7008818010498412,-0.21977634133971255,0.658816196183983,0,187,13,2025-02-10,2,Sèche
Cascades,2025,7,-0.6980608588452976,-1.3725201165512315,-0.1744570468829486,0,150,4,2025-02-17,2,Sèche
Cascades,2025,8,-0.6360001303453352,-1.0651217764948266,-1.1639690230249309,0,152,14,2025-02-24,2,Sèche
Cascades,2025,9,-0.627537303731704,-0.014844114635443224,1.6309683130954054,0,215,8,2025-03-03,3,Sèche
Cascades,2025,10,-0.661388610186229,2.5980417758440004,1.6483281723259653,0,209,10,2025-03-10,3,Sèche
Cascades,2025,11,-0.6134325927089853,2.213793850773494,-1.4417267707139074,0,142,11,2025-03-17,3,Sèche
Cascades,2025,12,-0.6726723790044038,2.0600946807452916,0.36369858926444404,0,141,5,2025-03-24,3,Sèche
Cascades,2025,13,-0.6303582459362477,1.496531057308548,-0.2786162022663141,0,256,1,2025-03-31,3,Sèche
Cascades,2025,14,-0.7037027432543851,1.4709145289705157,-1.5285260668667129,0,218,1,2025-04-07,4,Sèche
Cascades,2025,15,-0.6529257835725977,1.8807789823790544,-1.3028478968694193,1,151,11,2025-04-14,4,Sèche
Cascades,2025,16,-0.6021488238908103,2.7005078891961354,-0.6952528237997811,1,156,9,2025-04-21,4,Sèche
Cascades,2025,17,-0.6980608588452976,2.4187260774777637,-1.7194845184028862,0,245,2,2025-04-28,4,Sèche
Cascades,2025,18,-0.6726723790044038,2.1113277374213597,-1.0945295861026856,0,263,11,2025-05-05,5,Pluvieuse
Cascades,2025,19,-0.6360001303453352,0.190088112068827,0.016501404653222352,0,220,11,2025-05-12,5,Pluvieuse
Cascades,2025,20,-0.6585676679816851,0.2925542254209626,1.2837711284841835,0,263,8,2025-05-19,5,Pluvieuse
Cascades,2025,21,-0.6190744771180727,-0.8858060781285906,0.22481971541995588,0,201,12,2025-05-26,5,Pluvieuse
Cascades,2025,22,0.13693803369965019,-0.8601895497905564,-0.2786162022663141,0,192,1,2025-06-02,6,Pluvieuse
Cascades,2025,23,1.0960583832445225,-0.7064903797623544,-0.7299725422609038,0,179,11,2025-06-09,6,Pluvieuse
Cascades,2025,24,2.3372729532437693,-0.11731022798757788,0.36369858926444404,0,220,10,2025-06-16,6,Pluvieuse
Cascades,2025,25,2.2977797623801566,0.5743360371393342,-1.0250901491804427,1,244,12,2025-06-23,6,Pluvieuse
Cascades,2025,26,2.5206341965391124,-0.040460642973476436,-1.1986887414860536,1,1302,1,2025-06-30,6,Pluvieuse
Cascades,2025,27,2.4219012193800813,0.08762199871669235,-1.1118894453332482,0,903,9,2025-07-07,7,Pluvieuse
Cascades,2025,28,2.4134383927664502,0.010772413702590895,0.9539338031035219,0,1157,9,2025-07-14,7,Pluvieuse
Cascades,2025,29,1.4176457945625092,0.26693769708292847,0.8150549292590338,0,1122,11,2025-07-21,7,Pluvieuse
Cascades,2025,30,1.9451619868121888,0.24132116874489434,-0.1918169061135087,0,1201,9,2025-07-28,7,Pluvieuse
Cascades,2025,31,0.356971525654062,0.42063686711113135,-0.8167718384137093,0,1001,2,2025-08-04,8,Pluvieuse
Cascades,2025,32,2.0918509814484634,-1.3212870598751643,1.266411269253621,0,1085,2,2025-08-11,8,Pluvieuse
Cascades,2025,33,0.3372249302222559,-0.783339964776456,0.8324147884895938,0,1051,10,2025-08-18,8,Pluvieuse
Cascades,2025,34,1.8436080674486142,0.4974864521252319,-0.48693451303304763,0,1185,12,2025-08-25,8,Pluvieuse
Cascades,2025,35,1.0509233079718228,0.24132116874489434,0.9018542254118392,0,1335,11,2025-09-01,9,Pluvieuse
Cascades,2025,36,0.554437479972124,-0.142926756325612,1.4400098615592318,0,802,9,2025-09-08,9,Pluvieuse
Cascades,2025,37,1.2935243375625844,-0.783339964776456,-1.354927474561102,0,1147,3,2025-09-15,9,Pluvieuse
Cascades,2025,38,2.2328980916756507,-0.8345730214525232,1.2316915507924984,0,1265,9,2025-09-22,9,Pluvieuse
Cascades,2025,39,2.1680164209711443,-1.0651217764948266,-1.0250901491804427,0,940,11,2025-09-29,9,Pluvieuse
Cascades,2025,40,1.3866154303125278,-0.7064903797623544,-0.7820521199525866,0,982,14,2025-10-06,10,Pluvieuse
Cascades,2025,41,-0.6839561478225789,-0.37347551136791546,1.5962485946342826,0,1229,13,2025-10-13,10,Pluvieuse
Cascades,2025,42,-0.6247163615271603,-0.7064903797623544,0.033861263883784916,0,976,10,2025-10-20,10,Pluvieuse
Cascades,2025,43,-0.5993278816862666,-0.9882721914807252,0.4157781669561293,0,1290,14,2025-10-27,10,Pluvieuse
Cascades,2025,44,-0.6980608588452976,-0.014844114635443224,0.9365739438729619,0,1121,6,2025-11-03,11,Sèche
Cascades,2025,45,-0.6952399166407538,-0.19415981300167934,-1.1986887414860536,0,1059,0,2025-11-10,11,Sèche
Cascades,2025,46,-0.6839561478225789,-1.1675878898469623,0.3289788708033239,0,1262,14,2025-11-17,11,Sèche
Cascades,2025,47,-0.7093446276634725,-0.6040242664102189,-0.7820521199525866,0,143,14,2025-11-24,11,Sèche
Cascades,2025,48,-0.6416420147544227,-0.8345730214525232,-0.8688514161053921,0,218,7,2025-12-01,12,Sèche
Cascades,2025,49,-0.6190744771180727,0.4974864521252319,-0.7646922607220265,0,260,11,2025-12-08,12,Sèche
Cascades,2025,50,-0.5908650550726353,-1.2444374748610627,0.7976950700284712,0,170,1,2025-12-15,12,Sèche
Cascades,2025,51,-0.5936859972771792,-0.19415981300167934,-0.9730105714887576,0,240,5,2025-12-22,12,Sèche
Cascades,2025,52,-0.5908650550726353,-0.09169369964954377,-0.2959760614968767,0,167,2,2025-12-29,12,Sèche
Cascades,2026,1,-0.6698514367998601,0.4718699237871978,0.08594084157546768,0,185,4,2026-01-05,1,Sèche
Cascades,2026,2,-0.5711184596408291,-0.629640794748253,0.46785774464781205,0,190,5,2026-01-12,1,Sèche
Cascades,2026,3,-0.638821072549879,-0.7577234364384218,-1.47644648917503,0,242,2,2026-01-19,1,Sèche
Cascades,2026,4,-0.6077907082998978,-1.116354833170894,-1.0771697268721256,0,147,7,2026-01-26,1,Sèche
Cascades,2026,5,-0.6754933212089477,0.3437872820970299,0.8844943661812766,0,201,11,2026-02-02,2,Sèche
Cascades,2026,6,-0.6980608588452976,0.4462533954491655,-1.5458859260972753,0,185,4,2026-02-09,2,Sèche
Cascades,2026,7,-0.5852231706635478,0.3694038104350631,0.27689929311163863,0,182,4,2026-02-16,2,Sèche
Cascades,2026,8,-0.6980608588452976,0.06200547037865822,-1.0424500084110029,0,234,8,2026-02-23,2,Sèche
Cascades,2026,9,-0.5908650550726353,-0.5271746813961183,-0.9730105714887576,0,180,9,2026-03-02,3,Sèche
Cascades,2026,10,-0.6529257835725977,1.16351618891411,-0.05293803226902051,0,161,9,2026-03-09,3,Sèche
Cascades,2026,11,-0.6585676679816851,1.2403657739282106,1.3532105654064264,0,223,8,2026-03-16,3,Sèche
Cascades,2026,12,-0.6416420147544227,1.1122831322380418,0.8671345069507166,0,180,0,2026-03-23,3,Sèche
Cascades,2026,13,-0.5795812862544604,1.5733806423226504,-1.059809867641563,0,188,5,2026-03-30,3,Sèche
Cascades,2026,14,-0.627537303731704,2.162560794097426,0.39841830772556674,0,156,7,2026-04-06,4,Sèche
Cascades,2026,15,-0.6811352056180351,1.5733806423226504,0.7803352107979111,1,183,6,2026-04-13,4,Sèche
Cascades,2026,16,-0.6472838991635101,1.3428318872803469,1.0233732400257674,1,244,14,2026-04-20,4,Sèche
Cascades,2026,17,-0.6557467257771414,1.035433547223941,-0.24389648380519394,0,137,7,2026-04-27,4,Sèche
Cascades,2026,18,-0.6416420147544227,1.9320120390551225,-0.452214794571925,0,187,6,2026-05-04,5,Pluvieuse
Cascades,2026,19,-0.7065236854589287,-0.937039134804658,1.57888873540372,0,182,6,2026-05-11,5,Pluvieuse
Cascades,2026,20,-0.6726723790044038,-1.2188209465230295,-1.7021246591723236,0,159,0,2026-05-18,5,Pluvieuse
Cascades,2026,21,-0.6247163615271603,0.26693769708292847,-1.3722873337916646,0,247,8,2026-05-25,5,Pluvieuse
Cascades,2026,22,1.4261086211761405,-1.2188209465230295,-1.7368443776334463,0,167,11,2026-06-01,6,Pluvieuse
Cascades,2026,23,2.359840490880119,-0.8345730214525232,-0.3480556391885595,0,181,3,2026-06-08,6,Pluvieuse
Cascades,2026,24,1.3809735459034402,-0.040460642973476436,-0.9730105714887576,0,171,12,2026-06-15,6,Pluvieuse
Cascades,2026,25,1.0904164988354348,0.08762199871669235,-0.24389648380519394,1,249,3,2026-06-22,6,Pluvieuse
Cascades,2026,26,0.23567101085868117,-0.142926756325612,-1.2507683191777363,1,1099,11,2026-06-29,6,Pluvieuse
Cascades,2026,27,2.263928455925632,0.010772413702590895,1.3011309877147437,0,1221,2,2026-07-06,7,Pluvieuse
Cascades,2026,28,0.7716500297219921,0.6511856221534348,1.3532105654064264,0,786,9,2026-07-13,7,Pluvieuse
Cascades,2026,29,0.9324437353809855,-0.3990920397059496,-0.24389648380519394,0,959,4,2026-07-20,7,Pluvieuse
Cascades,2026,30,1.9733714088576262,-0.24539286967774668,-0.3133359207274368,0,803,4,2026-07-27,7,Pluvieuse
Cascades,2026,31,0.7970385095628858,-0.962655663142692,0.9712936623340821,0,822,6,2026-08-03,8,Pluvieuse
Cascades,2026,32,0.7829337985401671,0.08762199871669235,0.20745985618939577,0,795,10,2026-08-10,8,Pluvieuse
Cascades,2026,33,1.4543180432215779,-1.0138887198187594,-0.2959760614968767,0,989,0,2026-08-17,8,Pluvieuse
Cascades,2026,34,1.6969190728123396,0.03638894204062502,-1.6847647999417636,0,1015,1,2026-08-24,8,Pluvieuse
Cascades,2026,35,1.7138447260396021,-1.0651217764948266,1.07545281771745,0,845,9,2026-08-31,8,Pluvieuse
Cascades,2026,36,1.7928311077668269,0.1644715837307938,0.7282556331062283,0,820,0,2026-09-07,9,Pluvieuse
Cascades,2026,37,1.5417672515624337,0.523102980463266,0.39841830772556674,0,1009,7,2026-09-14,9,Pluvieuse
Cascades,2026,38,0.7067683590174862,-0.5784077380721857,-1.7194845184028862,0,874,12,2026-09-21,9,Pluvieuse
Cascades,2026,39,2.5967996360617933,0.4462533954491655,-1.181328882255491,0,1250,7,2026-09-28,9,Pluvieuse
Cascades,2026,40,1.5107368873124527,-1.116354833170894,-0.7994119791831467,0,1187,6,2026-10-05,10,Pluvieuse
Cascades,2026,41,-0.627537303731704,0.24132116874489434,0.5025774631089347,0,1056,12,2026-10-12,10,Pluvieuse
Cascades,2026,42,-0.6444629569589664,-0.7321069081003877,0.016501404653222352,0,916,11,2026-10-19,10,Pluvieuse
Cascades,2026,43,-0.6247163615271603,-1.0138887198187594,0.5372971815700549,0,864,14,2026-10-26,10,Pluvieuse
Cascades,2026,44,-0.6501048413680539,-1.3469035882131983,-0.452214794571925,0,1134,8,2026-11-02,11,Sèche
Cascades,2026,45,-0.6360001303453352,-0.937039134804658,0.24217957465051843,0,1026,10,2026-11-09,11,Sèche
Cascades,2026,46,-0.6303582459362477,-1.270054003199097,1.0060133807952047,0,1128,10,2026-11-16,11,Sèche
Cascades,2026,47,-0.6698514367998601,0.6511856221534348,-0.46957465380248753,0,263,5,2026-11-23,11,Sèche
Cascades,2026,48,-0.5936859972771792,-0.8858060781285906,1.1796119731008157,0,133,4,2026-11-30,11,Sèche
Cascades,2026,49,-0.6134325927089853,-0.5527912097341515,-1.4070070522527847,0,165,0,2026-12-07,12,Sèche
Cascades,2026,50,-0.6529257835725977,-0.142926756325612,-1.0771697268721256,0,212,4,2026-12-14,12,Sèche
Cascades,2026,51,-0.6726723790044038,-0.3222424546918481,0.5025774631089347,0,173,11,2026-12-21,12,Sèche
Cascades,2026,52,-0.6444629569589664,-0.7577234364384218,0.2942591523422012,0,264,1,2026-12-28,12,Sèche
Centre-Nord,2013,1,-0.6698514367998601,0.3181707537589958,0.8671345069507166,0,350,3,2013-01-07,1,Sèche
Centre-Nord,2013,2,-0.6360001303453352,-0.3990920397059496,-1.4070070522527847,0,282,11,2013-01-14,1,Sèche
Centre-Nord,2013,3,-0.5936859972771792,-0.4759416247200501,-0.018218313807897846,0,180,5,2013-01-21,1,Sèche
Centre-Nord,2013,4,-0.5682975174362854,-0.937039134804658,-0.6778929645692211,0,224,4,2013-01-28,1,Sèche
Centre-Nord,2013,5,-0.6698514367998601,-0.09169369964954377,1.0407330992563273,0,314,14,2013-02-04,2,Sèche
Centre-Nord,2013,6,-0.638821072549879,-0.5015581530580843,0.9886535215646446,0,200,9,2013-02-11,2,Sèche
Centre-Nord,2013,7,-0.6557467257771414,0.4974864521252319,0.6067366184923002,0,182,0,2013-02-18,2,Sèche
Centre-Nord,2013,8,-0.6726723790044038,0.5487195088013002,1.7004077500176482,0,214,4,2013-02-25,2,Sèche
Centre-Nord,2013,9,-0.6303582459362477,-1.0395052481567935,0.48521760387837215,0,300,1,2013-03-04,3,Sèche
Centre-Nord,2013,10,-0.6698514367998601,2.2906434357875947,0.346338730033884,0,253,2,2013-03-11,3,Sèche
Centre-Nord,2013,11,-0.5795812862544604,1.6246136989987168,-1.5285260668667129,0,203,9,2013-03-18,3,Sèche
Centre-Nord,2013,12,-0.5965069394817228,1.7526963406888856,0.06858098234490759,0,265,3,2013-03-25,3,Sèche
Centre-Nord,2013,13,-0.5880441128680916,1.035433547223941,-1.5458859260972753,0,359,6,2013-04-01,4,Sèche
Centre-Nord,2013,14,-0.6952399166407538,1.496531057308548,-0.6258133868775358,0,312,8,2013-04-08,4,Sèche
Centre-Nord,2013,15,-0.5908650550726353,1.983245095731191,-0.7994119791831467,0,324,2,2013-04-15,4,Sèche
Centre-Nord,2013,16,-0.6980608588452976,1.0866666039000095,-0.1570971876523885,0,276,0,2013-04-22,4,Sèche
Centre-Nord,2013,17,-0.627537303731704,1.1378996605760758,-0.4348549353413649,0,260,5,2013-04-29,4,Sèche
Centre-Nord,2013,18,-0.627537303731704,1.522147585646582,-0.9209309937970748,0,275,8,2013-05-06,5,Pluvieuse
Centre-Nord,2013,19,-0.7065236854589287,0.11323852705472555,-0.7299725422609038,0,182,6,2013-05-13,5,Pluvieuse
Centre-Nord,2013,20,-0.627537303731704,-0.24539286967774668,-0.5042943722636102,0,196,0,2013-05-20,5,Pluvieuse
Centre-Nord,2013,21,-0.6106116505044415,-1.3212870598751643,-1.181328882255491,0,308,14,2013-05-27,5,Pluvieuse
Centre-Nord,2013,22,0.5121233469039678,-0.3990920397059496,-1.3028478968694193,0,211,4,2013-06-03,6,Pluvieuse
Centre-Nord,2013,23,0.5967516130402801,0.24132116874489434,-1.7368443776334463,0,323,2,2013-06-10,6,Pluvieuse
Centre-Nord,2013,24,1.8379661830395266,0.3950203387730972,1.3184908469453038,0,199,3,2013-06-17,6,Pluvieuse
Centre-Nord,2013,25,1.9564457556303638,0.13885505539275966,-1.354927474561102,0,330,5,2013-06-24,6,Pluvieuse
Centre-Nord,2013,26,1.4514971010170339,-1.116354833170894,1.0233732400257674,0,1642,5,2013-07-01,7,Pluvieuse
Centre-Nord,2013,27,1.1158049786763287,-0.5271746813961183,-1.6847647999417636,0,1356,2,2013-07-08,7,Pluvieuse
Centre-Nord,2013,28,1.6658887085623584,-0.8858060781285906,1.3879302838675491,0,1305,4,2013-07-15,7,Pluvieuse
Centre-Nord,2013,29,1.744875090289583,0.1644715837307938,0.9192140846423993,0,1501,4,2013-07-22,7,Pluvieuse
Centre-Nord,2013,30,2.4388268726073434,0.6511856221534348,0.033861263883784916,0,1368,2,2013-07-29,7,Pluvieuse
Centre-Nord,2013,31,0.8393526426310419,-1.0395052481567935,-0.573733809185853,0,1539,11,2013-08-05,8,Pluvieuse
Centre-Nord,2013,32,2.6729650755844747,0.523102980463266,-0.48693451303304763,0,1550,8,2013-08-12,8,Pluvieuse
Centre-Nord,2013,33,0.40774848533584945,0.3694038104350631,-0.40013521688024223,0,1455,12,2013-08-19,8,Pluvieuse
Centre-Nord,2013,34,2.128523230107532,-1.1419713615089282,-0.6431732461080985,0,1789,14,2013-08-26,8,Pluvieuse
Centre-Nord,2013,35,2.2780331669483505,0.6255690938154007,0.6067366184923002,0,1235,10,2013-09-02,9,Pluvieuse
Centre-Nord,2013,36,1.6799934195850772,0.06200547037865822,0.22481971541995588,0,1384,0,2013-09-09,9,Pluvieuse
Centre-Nord,2013,37,0.21592441542687488,-1.2444374748610627,-1.667404940711201,0,1528,0,2013-09-16,9,Pluvieuse
Centre-Nord,2013,38,2.4952457166982183,0.190088112068827,1.5094492984814771,0,1296,1,2013-09-23,9,Pluvieuse
Centre-Nord,2013,39,1.0424604813581917,0.26693769708292847,1.4573697207897944,0,1298,11,2013-09-30,9,Pluvieuse
Centre-Nord,2013,40,0.38236000549495586,-1.1932044181849955,-1.6847647999417636,0,1320,4,2013-10-07,10,Pluvieuse
Centre-Nord,2013,41,-0.6557467257771414,-0.4759416247200501,0.4504978854172495,0,1058,4,2013-10-14,10,Pluvieuse
Centre-Nord,2013,42,-0.6585676679816851,-1.2188209465230295,1.3879302838675491,0,1431,11,2013-10-21,10,Pluvieuse
Centre-Nord,2013,43,-0.6444629569589664,-1.0138887198187594,-0.05293803226902051,0,1181,11,2013-10-28,10,Pluvieuse
Centre-Nord,2013,44,-0.6726723790044038,-0.7321069081003877,1.6483281723259653,0,1294,9,2013-11-04,11,Sèche
Centre-Nord,2013,45,-0.7037027432543851,0.08762199871669235,0.7456154923367885,0,1647,4,2013-11-11,11,Sèche
Centre-Nord,2013,46,-0.604969766095354,-0.783339964776456,0.3116190115727613,0,1384,0,2013-11-18,11,Sèche
Centre-Nord,2013,47,-0.6247163615271603,-0.040460642973476436,0.13802041926715045,0,218,3,2013-11-25,11,Sèche
Centre-Nord,2013,48,-0.7037027432543851,-0.783339964776456,0.7282556331062283,0,347,14,2013-12-02,12,Sèche
Centre-Nord,2013,49,-0.7008818010498412,-1.2444374748610627,0.6067366184923002,0,245,4,2013-12-09,12,Sèche
Centre-Nord,2013,50,-0.6585676679816851,0.21570464040686113,0.8671345069507166,0,194,9,2013-12-16,12,Sèche
Centre-Nord,2013,51,-0.6106116505044415,-1.3725201165512315,-1.2334084599471737,0,265,13,2013-12-23,12,Sèche
Centre-Nord,2013,52,-0.6783142634134913,-1.0907383048328607,-0.8167718384137093,0,279,4,2013-12-30,12,Sèche
Centre-Nord,2014,1,-0.69241897443621,-0.1685432846636452,0.24217957465051843,0,278,4,2014-01-06,1,Sèche
Centre-Nord,2014,2,-0.6698514367998601,-0.8601895497905564,1.57888873540372,0,352,11,2014-01-13,1,Sèche
Centre-Nord,2014,3,-0.6726723790044038,-0.7321069081003877,0.9365739438729619,0,197,0,2014-01-20,1,Sèche
Centre-Nord,2014,4,-0.69241897443621,0.26693769708292847,0.9192140846423993,0,314,0,2014-01-27,1,Sèche
Centre-Nord,2014,5,-0.6783142634134913,-0.3990920397059496,0.641456336953423,0,340,14,2014-02-03,2,Sèche
Centre-Nord,2014,6,-0.6980608588452976,-0.5527912097341515,1.6309683130954054,0,257,8,2014-02-10,2,Sèche
Centre-Nord,2014,7,-0.6416420147544227,-0.6552573230862871,1.5441690169426,0,300,0,2014-02-17,2,Sèche
Centre-Nord,2014,8,-0.6303582459362477,0.24132116874489434,-1.3202077560999792,0,189,10,2014-02-24,2,Sèche
Centre-Nord,2014,9,-0.6642095523907726,-1.0138887198187594,0.15538027849771302,0,205,0,2014-03-03,3,Sèche
Centre-Nord,2014,10,-0.6585676679816851,1.4196814722944475,-1.5285260668667129,0,203,3,2014-03-10,3,Sèche
Centre-Nord,2014,11,-0.6754933212089477,1.7783128690269197,-0.9903704307193201,0,330,9,2014-03-17,3,Sèche
Centre-Nord,2014,12,-0.5880441128680916,2.0600946807452916,-0.46957465380248753,0,178,10,2014-03-24,3,Sèche
Centre-Nord,2014,13,-0.6134325927089853,1.1378996605760758,-1.0771697268721256,0,328,13,2014-03-31,3,Sèche
Centre-Nord,2014,14,-0.6642095523907726,2.2394103791115283,1.0407330992563273,0,201,4,2014-04-07,4,Sèche
Centre-Nord,2014,15,-0.5711184596408291,2.2650269074495606,-1.3896471930222245,0,335,5,2014-04-14,4,Sèche
Centre-Nord,2014,16,-0.7037027432543851,1.3940649439564134,-1.059809867641563,0,342,13,2014-04-21,4,Sèche
Centre-Nord,2014,17,-0.6106116505044415,1.2659823022662446,-0.5216542314941703,0,268,11,2014-04-28,4,Sèche
Centre-Nord,2014,18,-0.5767603440499166,0.9329674338718065,-0.08765775073014317,0,276,3,2014-05-05,5,Pluvieuse
Centre-Nord,2014,19,-0.5682975174362854,-0.040460642973476436,-0.9903704307193201,0,204,8,2014-05-12,5,Pluvieuse
Centre-Nord,2014,20,-0.6077907082998978,0.1644715837307938,-0.8688514161053921,0,194,0,2014-05-19,5,Pluvieuse
Centre-Nord,2014,21,-0.6557467257771414,0.523102980463266,-0.20917676534407126,0,207,12,2014-05-26,5,Pluvieuse
Centre-Nord,2014,22,1.8041148765850017,-0.21977634133971255,-1.181328882255491,0,332,11,2014-06-02,6,Pluvieuse
Centre-Nord,2014,23,1.6433211709260087,-0.42470856804398277,-1.47644648917503,0,293,10,2014-06-09,6,Pluvieuse
Centre-Nord,2014,24,1.866175605084964,-0.6040242664102189,0.762975351567351,0,206,8,2014-06-16,6,Pluvieuse
Centre-Nord,2014,25,0.2808060861313811,0.010772413702590895,1.266411269253621,0,288,10,2014-06-23,6,Pluvieuse
Centre-Nord,2014,26,0.9409065619946166,-0.1685432846636452,-1.6153253630195181,0,1275,1,2014-06-30,6,Pluvieuse
Centre-Nord,2014,27,1.2483892622898847,-0.9882721914807252,-0.1570971876523885,0,1029,4,2014-07-07,7,Pluvieuse
Centre-Nord,2014,28,0.15668462913145634,-0.9114226064666247,0.9539338031035219,0,1505,1,2014-07-14,7,Pluvieuse
Centre-Nord,2014,29,2.4162593349709938,0.010772413702590895,0.7976950700284712,0,1345,0,2014-07-21,7,Pluvieuse
Centre-Nord,2014,30,1.0198929437218414,0.3950203387730972,1.6483281723259653,0,1362,12,2014-07-28,7,Pluvieuse
Centre-Nord,2014,31,1.727949437062321,0.4462533954491655,-0.6778929645692211,0,1037,5,2014-08-04,8,Pluvieuse
Centre-Nord,2014,32,2.2470028026983693,-0.2710093980157808,0.39841830772556674,0,1075,8,2014-08-11,8,Pluvieuse
Centre-Nord,2014,33,0.7039474168129424,0.21570464040686113,0.346338730033884,0,1346,11,2014-08-18,8,Pluvieuse
Centre-Nord,2014,34,0.8873086601082857,-0.2710093980157808,-0.261256343035754,0,1055,6,2014-08-25,8,Pluvieuse
Centre-Nord,2014,35,2.3372729532437693,0.4718699237871978,0.1900999969588332,0,1680,2,2014-09-01,9,Pluvieuse
Centre-Nord,2014,36,1.9395201024031015,0.5487195088013002,0.4331380261866894,0,1292,4,2014-09-08,9,Pluvieuse
Centre-Nord,2014,37,0.12001238047238769,-0.6040242664102189,0.27689929311163863,0,1690,14,2014-09-15,9,Pluvieuse
Centre-Nord,2014,38,2.4190802771755378,0.190088112068827,0.06858098234490759,0,1166,4,2014-09-22,9,Pluvieuse
Centre-Nord,2014,39,-0.0266766141638869,-0.142926756325612,0.13802041926715045,0,1202,2,2014-09-29,9,Pluvieuse
Centre-Nord,2014,40,1.4966321762897339,-1.295670531537131,-0.9035711345665147,0,1567,1,2014-10-06,10,Pluvieuse
Centre-Nord,2014,41,-0.6585676679816851,-1.3981366448892656,-0.4348549353413649,0,1642,13,2014-10-13,10,Pluvieuse
Centre-Nord,2014,42,-0.5936859972771792,-0.24539286967774668,-0.10501760996070328,0,1485,10,2014-10-20,10,Pluvieuse
Centre-Nord,2014,43,-0.6980608588452976,-0.7577234364384218,1.5094492984814771,0,1093,2,2014-10-27,10,Pluvieuse
Centre-Nord,2014,44,-0.6585676679816851,0.06200547037865822,-0.7994119791831467,0,1281,6,2014-11-03,11,Sèche
Centre-Nord,2014,45,-0.6021488238908103,-0.34785898302988133,0.8844943661812766,0,1257,13,2014-11-10,11,Sèche
Centre-Nord,2014,46,-0.6952399166407538,-1.0395052481567935,-1.2681281784082965,0,1148,7,2014-11-17,11,Sèche
Centre-Nord,2014,47,-0.6247163615271603,-0.19415981300167934,-0.9903704307193201,0,323,12,2014-11-24,11,Sèche
Centre-Nord,2014,48,-0.69241897443621,-0.5527912097341515,-0.5910936684164156,0,211,14,2014-12-01,12,Sèche
Centre-Nord,2014,49,-0.6585676679816851,-1.3469035882131983,1.6136084538648428,0,235,1,2014-12-08,12,Sèche
Centre-Nord,2014,50,-0.6585676679816851,-0.783339964776456,0.9365739438729619,0,350,13,2014-12-15,12,Sèche
Centre-Nord,2014,51,-0.661388610186229,-0.783339964776456,1.4400098615592318,0,269,12,2014-12-22,12,Sèche
Centre-Nord,2014,52,-0.6303582459362477,-1.3469035882131983,0.38105844849500664,0,305,3,2014-12-29,12,Sèche
Centre-Nord,2015,1,-0.6247163615271603,-0.6808738514243203,0.7282556331062283,0,240,7,2015-01-05,1,Sèche
Centre-Nord,2015,2,-0.6021488238908103,-0.5015581530580843,0.06858098234490759,0,280,3,2015-01-12,1,Sèche
Centre-Nord,2015,3,-0.7037027432543851,-0.5784077380721857,1.1275323954091327,0,251,11,2015-01-19,1,Sèche
Centre-Nord,2015,4,-0.6642095523907726,-0.8089564931144891,0.24217957465051843,0,328,12,2015-01-26,1,Sèche
Centre-Nord,2015,5,-0.5936859972771792,-1.3981366448892656,0.5720169000311776,0,235,0,2015-02-02,2,Sèche
Centre-Nord,2015,6,-0.6867770900271225,-0.937039134804658,0.24217957465051843,0,339,1,2015-02-09,2,Sèche
Centre-Nord,2015,7,-0.6698514367998601,-1.0138887198187594,0.20745985618939577,0,188,13,2015-02-16,2,Sèche
Centre-Nord,2015,8,-0.5767603440499166,0.3437872820970299,-0.9730105714887576,0,198,1,2015-02-23,2,Sèche
Centre-Nord,2015,9,-0.5993278816862666,-0.6040242664102189,-1.6326852222500807,0,180,5,2015-03-02,3,Sèche
Centre-Nord,2015,10,-0.6106116505044415,2.3162599641256287,-1.1466091637943685,0,183,13,2015-03-09,3,Sèche
Centre-Nord,2015,11,-0.5880441128680916,1.829545925702988,-1.2160486007166138,0,197,14,2015-03-16,3,Sèche
Centre-Nord,2015,12,-0.6247163615271603,1.2659823022662446,1.4573697207897944,0,331,4,2015-03-23,3,Sèche
Centre-Nord,2015,13,-0.5908650550726353,2.1113277374213597,0.9365739438729619,0,270,10,2015-03-30,3,Sèche
Centre-Nord,2015,14,-0.5936859972771792,1.035433547223941,-0.8167718384137093,0,194,11,2015-04-06,4,Sèche
Centre-Nord,2015,15,-0.6218954193226165,1.7526963406888856,0.48521760387837215,0,275,12,2015-04-13,4,Sèche
Centre-Nord,2015,16,-0.6839561478225789,1.16351618891411,-1.3722873337916646,0,177,6,2015-04-20,4,Sèche
Centre-Nord,2015,17,-0.69241897443621,2.521192190829898,-0.452214794571925,0,333,3,2015-04-27,4,Sèche
Centre-Nord,2015,18,-0.6557467257771414,0.9329674338718065,-1.7021246591723236,0,188,13,2015-05-04,5,Pluvieuse
Centre-Nord,2015,19,-0.69241897443621,-1.295670531537131,-0.9556507122581974,0,233,9,2015-05-11,5,Pluvieuse
Centre-Nord,2015,20,-0.6190744771180727,0.4718699237871978,0.8497746477201564,0,188,2,2015-05-18,5,Pluvieuse
Centre-Nord,2015,21,-0.5965069394817228,0.5487195088013002,-0.5390140907247304,0,217,3,2015-05-25,5,Pluvieuse
Centre-Nord,2015,22,2.1539117099484257,-0.9114226064666247,-0.1744570468829486,0,223,4,2015-06-01,6,Pluvieuse
Centre-Nord,2015,23,0.3992856587222181,0.3950203387730972,0.7282556331062283,0,222,10,2015-06-08,6,Pluvieuse
Centre-Nord,2015,24,0.424674138563112,-0.24539286967774668,-1.2507683191777363,0,228,0,2015-06-15,6,Pluvieuse
Centre-Nord,2015,25,1.0734908456081727,-1.2444374748610627,1.370570424636989,0,209,14,2015-06-22,6,Pluvieuse
Centre-Nord,2015,26,2.599620578266337,0.6255690938154007,-1.5458859260972753,0,1687,14,2015-06-29,6,Pluvieuse
Centre-Nord,2015,27,2.4303640459937124,-0.42470856804398277,0.3289788708033239,0,1327,9,2015-07-06,7,Pluvieuse
Centre-Nord,2015,28,1.200433244812641,-0.7321069081003877,1.370570424636989,0,1547,8,2015-07-13,7,Pluvieuse
Centre-Nord,2015,29,1.8605337206758765,0.4462533954491655,-0.5216542314941703,0,1505,13,2015-07-20,7,Pluvieuse
Centre-Nord,2015,30,1.3696897770852656,-1.0651217764948266,-0.8688514161053921,0,1138,2,2015-07-27,7,Pluvieuse
Centre-Nord,2015,31,0.8139641627901483,-1.3469035882131983,-1.1986887414860536,0,1543,8,2015-08-03,8,Pluvieuse
Centre-Nord,2015,32,2.311884473402875,0.4974864521252319,0.1727401377282731,0,1051,6,2015-08-10,8,Pluvieuse
Centre-Nord,2015,33,1.6856353039941647,-0.9114226064666247,0.5025774631089347,0,1500,9,2015-08-17,8,Pluvieuse
Centre-Nord,2015,34,0.7688290875174484,-0.9114226064666247,-0.9556507122581974,0,1624,5,2015-08-24,8,Pluvieuse
Centre-Nord,2015,35,2.162374536562057,-0.2710093980157808,1.0580929584868874,0,1074,14,2015-08-31,8,Pluvieuse
Centre-Nord,2015,36,0.7801128563356233,0.3437872820970299,-1.2160486007166138,0,1025,12,2015-09-07,9,Pluvieuse
Centre-Nord,2015,37,2.427543103789169,-0.4503250963820169,1.6656880315565255,0,1439,4,2015-09-14,9,Pluvieuse
Centre-Nord,2015,38,2.117239461289357,-0.5015581530580843,1.3358507061758664,0,1048,10,2015-09-21,9,Pluvieuse
Centre-Nord,2015,39,2.2328980916756507,0.03638894204062502,-1.2334084599471737,0,1713,9,2015-09-28,9,Pluvieuse
Centre-Nord,2015,40,1.634858344312377,0.11323852705472555,-1.45908662994447,0,1393,7,2015-10-05,10,Pluvieuse
Centre-Nord,2015,41,-0.6190744771180727,0.6511856221534348,0.5372971815700549,0,1647,11,2015-10-12,10,Pluvieuse
Centre-Nord,2015,42,-0.5852231706635478,-1.2444374748610627,-0.9730105714887576,0,1671,8,2015-10-19,10,Pluvieuse
Centre-Nord,2015,43,-0.6585676679816851,-0.783339964776456,1.144892254639693,0,1251,13,2015-10-26,10,Pluvieuse
Centre-Nord,2015,44,-0.6218954193226165,0.010772413702590895,-0.6084535276469758,0,1592,2,2015-11-02,11,Sèche
Centre-Nord,2015,45,-0.6529257835725977,0.21570464040686113,-0.6605331053386585,0,1664,6,2015-11-09,11,Sèche
Centre-Nord,2015,46,-0.661388610186229,-0.783339964776456,-1.5285260668667129,0,1721,4,2015-11-16,11,Sèche
Centre-Nord,2015,47,-0.5936859972771792,-1.116354833170894,-1.5458859260972753,0,311,14,2015-11-23,11,Sèche
Centre-Nord,2015,48,-0.6077907082998978,-0.09169369964954377,-0.20917676534407126,0,220,14,2015-11-30,11,Sèche
Centre-Nord,2015,49,-0.6642095523907726,-1.2188209465230295,-0.7820521199525866,0,336,12,2015-12-07,12,Sèche
Centre-Nord,2015,50,-0.5767603440499166,-0.09169369964954377,0.033861263883784916,0,277,11,2015-12-14,12,Sèche
Centre-Nord,2015,51,-0.5682975174362854,0.3181707537589958,-1.7021246591723236,0,286,0,2015-12-21,12,Sèche
Centre-Nord,2015,52,-0.6754933212089477,-1.3469035882131983,-0.03557817303846041,0,272,4,2015-12-28,12,Sèche
Centre-Nord,2016,1,-0.6557467257771414,0.4718699237871978,-0.9209309937970748,0,209,0,2016-01-04,1,Sèche
Centre-Nord,2016,2,-0.5965069394817228,-0.296625926353814,0.9365739438729619,0,225,1,2016-01-11,1,Sèche
Centre-Nord,2016,3,-0.69241897443621,-0.3990920397059496,1.0060133807952047,0,279,3,2016-01-18,1,Sèche
Centre-Nord,2016,4,-0.6811352056180351,-0.8345730214525232,-0.10501760996070328,0,179,6,2016-01-25,1,Sèche
Centre-Nord,2016,5,-0.5711184596408291,-0.3222424546918481,0.346338730033884,0,305,5,2016-02-01,2,Sèche
Centre-Nord,2016,6,-0.6952399166407538,-1.3469035882131983,-0.05293803226902051,0,201,6,2016-02-08,2,Sèche
Centre-Nord,2016,7,-0.6754933212089477,-0.6552573230862871,-0.6084535276469758,0,208,7,2016-02-15,2,Sèche
Centre-Nord,2016,8,-0.5936859972771792,-0.3990920397059496,0.9712936623340821,0,177,13,2016-02-22,2,Sèche
Centre-Nord,2016,9,-0.6642095523907726,-0.2710093980157808,0.8844943661812766,0,271,11,2016-02-29,2,Sèche
Centre-Nord,2016,10,-0.6642095523907726,1.7270798123508533,1.0407330992563273,0,309,8,2016-03-07,3,Sèche
Centre-Nord,2016,11,-0.6867770900271225,2.1113277374213597,0.9192140846423993,0,332,9,2016-03-14,3,Sèche
Centre-Nord,2016,12,-0.627537303731704,1.6246136989987168,1.4920894392509145,0,230,0,2016-03-21,3,Sèche
Centre-Nord,2016,13,-0.6106116505044415,2.495575662491866,1.3358507061758664,0,179,8,2016-03-28,3,Sèche
Centre-Nord,2016,14,-0.6444629569589664,2.18817732243546,-0.40013521688024223,0,255,14,2016-04-04,4,Sèche
Centre-Nord,2016,15,-0.69241897443621,2.6492748325200672,-0.5216542314941703,0,181,1,2016-04-11,4,Sèche
Centre-Nord,2016,16,-0.6839561478225789,1.5989971706606845,0.8324147884895938,0,292,8,2016-04-18,4,Sèche
Centre-Nord,2016,17,-0.6501048413680539,1.035433547223941,0.4331380261866894,0,333,0,2016-04-25,4,Sèche
Centre-Nord,2016,18,-0.69241897443621,1.9063955107170885,1.2143316915619382,0,220,14,2016-05-02,5,Pluvieuse
Centre-Nord,2016,19,-0.6077907082998978,-0.6040242664102189,1.1101725361785728,0,202,3,2016-05-09,5,Pluvieuse
Centre-Nord,2016,20,-0.5880441128680916,-0.21977634133971255,-0.573733809185853,0,289,5,2016-05-16,5,Pluvieuse
Centre-Nord,2016,21,-0.5739394018453728,-0.040460642973476436,1.6656880315565255,0,263,6,2016-05-23,5,Pluvieuse
Centre-Nord,2016,22,1.1947913604035534,-0.8345730214525232,0.5893767592617402,0,234,8,2016-05-30,5,Pluvieuse
Centre-Nord,2016,23,0.9775788106536852,-0.8601895497905564,-1.4938063484055901,0,322,0,2016-06-06,6,Pluvieuse
Centre-Nord,2016,24,2.478320063470956,-1.0907383048328607,-1.181328882255491,0,206,6,2016-06-13,6,Pluvieuse
Centre-Nord,2016,25,0.9493693886082478,-1.1675878898469623,0.8150549292590338,0,212,9,2016-06-20,6,Pluvieuse
Centre-Nord,2016,26,0.18771499338143754,-0.6552573230862871,0.7976950700284712,0,1440,13,2016-06-27,6,Pluvieuse
Centre-Nord,2016,27,0.39646471651767456,-0.7321069081003877,-0.4348549353413649,0,1105,10,2016-07-04,7,Pluvieuse
Centre-Nord,2016,28,1.12426780528996,0.03638894204062502,0.7456154923367885,0,1572,1,2016-07-11,7,Pluvieuse
Centre-Nord,2016,29,0.5487955955630366,-0.6808738514243203,-0.46957465380248753,0,1127,9,2016-07-18,7,Pluvieuse
Centre-Nord,2016,30,0.7265149544492923,-1.2188209465230295,-1.4243669114833473,0,1689,14,2016-07-25,7,Pluvieuse
Centre-Nord,2016,31,1.0565651923809103,-0.014844114635443224,-0.9903704307193201,0,988,8,2016-08-01,8,Pluvieuse
Centre-Nord,2016,32,2.489603832289131,0.11323852705472555,0.033861263883784916,0,1555,13,2016-08-08,8,Pluvieuse
Centre-Nord,2016,33,0.7519034342901859,-1.3469035882131983,-1.1639690230249309,0,1196,6,2016-08-15,8,Pluvieuse
Centre-Nord,2016,34,2.6757860177890183,-0.6552573230862871,-0.2959760614968767,0,1245,1,2016-08-22,8,Pluvieuse
Centre-Nord,2016,35,0.0015328078815505261,-0.4503250963820169,0.4157781669561293,0,1525,7,2016-08-29,8,Pluvieuse
Centre-Nord,2016,36,2.514992312130025,0.523102980463266,-0.3133359207274368,0,1610,0,2016-09-05,9,Pluvieuse
Centre-Nord,2016,37,0.9409065619946166,-0.9114226064666247,0.5720169000311776,0,1573,13,2016-09-12,9,Pluvieuse
Centre-Nord,2016,38,0.5234071157221429,-1.0651217764948266,1.56152887617316,0,1382,3,2016-09-19,9,Pluvieuse
Centre-Nord,2016,39,1.8069358187895457,-0.6552573230862871,-1.7368443776334463,0,1072,14,2016-09-26,9,Pluvieuse
Centre-Nord,2016,40,0.9239809087673543,-0.2710093980157808,0.016501404653222352,0,1608,12,2016-10-03,10,Pluvieuse
Centre-Nord,2016,41,-0.6839561478225789,-0.9882721914807252,1.4747295800203546,0,1388,14,2016-10-10,10,Pluvieuse
Centre-Nord,2016,42,-0.6021488238908103,-1.0907383048328607,-0.03557817303846041,0,1136,8,2016-10-17,10,Pluvieuse
Centre-Nord,2016,43,-0.6360001303453352,-1.2444374748610627,-0.9382908530276374,0,1099,3,2016-10-24,10,Pluvieuse
Centre-Nord,2016,44,-0.627537303731704,-0.2710093980157808,-0.573733809185853,0,1443,10,2016-10-31,10,Pluvieuse
Centre-Nord,2016,45,-0.6331791881407914,-1.1419713615089282,-0.7299725422609038,0,994,2,2016-11-07,11,Sèche
Centre-Nord,2016,46,-0.6444629569589664,-1.1675878898469623,0.033861263883784916,0,1071,5,2016-11-14,11,Sèche
Centre-Nord,2016,47,-0.6867770900271225,-1.116354833170894,-0.6605331053386585,0,264,8,2016-11-21,11,Sèche
Centre-Nord,2016,48,-0.5993278816862666,-1.1675878898469623,-0.9556507122581974,0,313,14,2016-11-28,11,Sèche
Centre-Nord,2016,49,-0.6360001303453352,0.42063686711113135,0.48521760387837215,0,215,7,2016-12-05,12,Sèche
Centre-Nord,2016,50,-0.6867770900271225,-0.142926756325612,-0.452214794571925,0,273,4,2016-12-12,12,Sèche
Centre-Nord,2016,51,-0.6811352056180351,-0.6808738514243203,1.3011309877147437,0,317,4,2016-12-19,12,Sèche
Centre-Nord,2016,52,-0.6444629569589664,-0.34785898302988133,0.5372971815700549,0,251,7,2016-12-26,12,Sèche
Centre-Nord,2017,1,-0.6190744771180727,-0.5527912097341515,1.144892254639693,0,319,14,2017-01-02,1,Sèche
Centre-Nord,2017,2,-0.5936859972771792,-0.19415981300167934,1.6656880315565255,0,308,5,2017-01-09,1,Sèche
Centre-Nord,2017,3,-0.6557467257771414,-1.2444374748610627,0.46785774464781205,0,188,1,2017-01-16,1,Sèche
Centre-Nord,2017,4,-0.604969766095354,0.4718699237871978,-0.5216542314941703,0,265,0,2017-01-23,1,Sèche
Centre-Nord,2017,5,-0.69241897443621,-0.34785898302988133,-0.24389648380519394,0,234,9,2017-01-30,1,Sèche
Centre-Nord,2017,6,-0.6783142634134913,-1.1932044181849955,0.8324147884895938,0,241,14,2017-02-06,2,Sèche
Centre-Nord,2017,7,-0.6952399166407538,-0.014844114635443224,1.7004077500176482,0,301,9,2017-02-13,2,Sèche
Centre-Nord,2017,8,-0.6303582459362477,0.6255690938154007,-0.8688514161053921,0,274,12,2017-02-20,2,Sèche
Centre-Nord,2017,9,-0.6416420147544227,-0.4503250963820169,-0.018218313807897846,0,330,11,2017-02-27,2,Sèche
Centre-Nord,2017,10,-0.6811352056180351,1.8039293973649537,-1.2681281784082965,0,318,7,2017-03-06,3,Sèche
Centre-Nord,2017,11,-0.5993278816862666,1.3684484156183792,-0.3133359207274368,0,180,13,2017-03-13,3,Sèche
Centre-Nord,2017,12,-0.7065236854589287,2.1113277374213597,0.5546570408006175,0,170,4,2017-03-20,3,Sèche
Centre-Nord,2017,13,-0.604969766095354,2.0857112090833256,-0.5216542314941703,0,302,9,2017-03-27,3,Sèche
Centre-Nord,2017,14,-0.616253534913529,1.7783128690269197,0.9192140846423993,0,237,5,2017-04-03,4,Sèche
Centre-Nord,2017,15,-0.5965069394817228,1.9063955107170885,-1.3896471930222245,0,175,11,2017-04-10,4,Sèche
Centre-Nord,2017,16,-0.5852231706635478,1.983245095731191,0.36369858926444404,0,261,2,2017-04-17,4,Sèche
Centre-Nord,2017,17,-0.6416420147544227,2.4187260774777637,0.7108957738756658,0,262,3,2017-04-24,4,Sèche
Centre-Nord,2017,18,-0.6190744771180727,1.4709145289705157,-1.059809867641563,0,320,13,2017-05-01,5,Pluvieuse
Centre-Nord,2017,19,-0.6839561478225789,-0.5784077380721857,-1.0424500084110029,0,218,4,2017-05-08,5,Pluvieuse
Centre-Nord,2017,20,-0.604969766095354,0.42063686711113135,-0.6258133868775358,0,229,1,2017-05-15,5,Pluvieuse
Centre-Nord,2017,21,-0.5767603440499166,-0.37347551136791546,-1.667404940711201,0,275,1,2017-05-22,5,Pluvieuse
Centre-Nord,2017,22,2.230077149471107,-0.783339964776456,-0.08765775073014317,0,213,11,2017-05-29,5,Pluvieuse
Centre-Nord,2017,23,0.14257991810873763,-1.2444374748610627,1.4400098615592318,0,187,4,2017-06-05,6,Pluvieuse
Centre-Nord,2017,24,2.591157751652706,0.6255690938154007,0.12066056003659034,0,176,0,2017-06-12,6,Pluvieuse
Centre-Nord,2017,25,1.7787263967441083,0.5487195088013002,-1.4070070522527847,0,227,11,2017-06-19,6,Pluvieuse
Centre-Nord,2017,26,2.3485567220619443,-0.5015581530580843,1.3358507061758664,0,1590,2,2017-06-26,6,Pluvieuse
Centre-Nord,2017,27,2.534738907561831,-0.8089564931144891,-1.1466091637943685,0,1178,6,2017-07-03,7,Pluvieuse
Centre-Nord,2017,28,1.4458552166079466,-0.11731022798757788,0.3289788708033239,0,1462,12,2017-07-10,7,Pluvieuse
Centre-Nord,2017,29,2.1257022879029885,-0.142926756325612,0.9018542254118392,0,1469,11,2017-07-17,7,Pluvieuse
Centre-Nord,2017,30,2.3231682422210502,-0.6040242664102189,0.25953943388107853,0,1233,5,2017-07-24,7,Pluvieuse
Centre-Nord,2017,31,0.4359579073812869,-1.0907383048328607,-1.3896471930222245,0,1141,6,2017-07-31,7,Pluvieuse
Centre-Nord,2017,32,0.5657212487902991,-0.962655663142692,-1.2334084599471737,0,1640,3,2017-08-07,8,Pluvieuse
Centre-Nord,2017,33,1.6151117488805713,-0.040460642973476436,0.20745985618939577,0,1547,9,2017-08-14,8,Pluvieuse
Centre-Nord,2017,34,2.306242588993788,-0.3222424546918481,0.6761760554145456,0,1325,11,2017-08-21,8,Pluvieuse
Centre-Nord,2017,35,2.131344172312076,-0.37347551136791546,0.5720169000311776,0,1152,1,2017-08-28,8,Pluvieuse
Centre-Nord,2017,36,0.3231202191995372,-0.19415981300167934,0.9018542254118392,0,1530,0,2017-09-04,9,Pluvieuse
Centre-Nord,2017,37,0.6983055324038548,0.08762199871669235,1.6136084538648428,0,1484,3,2017-09-11,9,Pluvieuse
Centre-Nord,2017,38,1.3245547018125654,-0.6040242664102189,0.4504978854172495,0,1485,13,2017-09-18,9,Pluvieuse
Centre-Nord,2017,39,0.6588123415402425,-1.3469035882131983,-0.5390140907247304,0,1439,4,2017-09-25,9,Pluvieuse
Centre-Nord,2017,40,2.362661433084663,-0.937039134804658,-0.03557817303846041,0,1121,8,2017-10-02,10,Pluvieuse
Centre-Nord,2017,41,-0.5965069394817228,-1.0138887198187594,0.9192140846423993,0,1221,13,2017-10-09,10,Pluvieuse
Centre-Nord,2017,42,-0.616253534913529,-1.1932044181849955,-0.8167718384137093,0,1322,3,2017-10-16,10,Pluvieuse
Centre-Nord,2017,43,-0.6726723790044038,0.3694038104350631,-1.1639690230249309,0,1365,14,2017-10-23,10,Pluvieuse
Centre-Nord,2017,44,-0.5965069394817228,-0.21977634133971255,1.1796119731008157,0,1537,7,2017-10-30,10,Pluvieuse
Centre-Nord,2017,45,-0.6077907082998978,-1.0907383048328607,-0.07029789149958307,0,1253,11,2017-11-06,11,Sèche
Centre-Nord,2017,46,-0.7037027432543851,-1.270054003199097,0.641456336953423,0,1273,2,2017-11-13,11,Sèche
Centre-Nord,2017,47,-0.6642095523907726,0.4718699237871978,-1.1639690230249309,0,195,10,2017-11-20,11,Sèche
Centre-Nord,2017,48,-0.5767603440499166,0.11323852705472555,0.5720169000311776,0,288,14,2017-11-27,11,Sèche
Centre-Nord,2017,49,-0.6416420147544227,-1.0395052481567935,-0.05293803226902051,0,264,1,2017-12-04,12,Sèche
Centre-Nord,2017,50,-0.6106116505044415,-0.9114226064666247,-1.5111662076361527,0,179,11,2017-12-11,12,Sèche
Centre-Nord,2017,51,-0.7065236854589287,0.13885505539275966,1.196971832331378,0,273,12,2017-12-18,12,Sèche
Centre-Nord,2017,52,-0.7037027432543851,-1.1932044181849955,1.3358507061758664,0,170,9,2017-12-25,12,Sèche
Centre-Nord,2018,1,-0.6106116505044415,0.4718699237871978,-0.40013521688024223,0,191,13,2018-01-01,1,Sèche
Centre-Nord,2018,2,-0.6416420147544227,0.5487195088013002,-0.40013521688024223,0,293,10,2018-01-08,1,Sèche
Centre-Nord,2018,3,-0.6642095523907726,-0.5015581530580843,-1.0424500084110029,0,295,2,2018-01-15,1,Sèche
Centre-Nord,2018,4,-0.6303582459362477,0.190088112068827,-1.3202077560999792,0,276,9,2018-01-22,1,Sèche
Centre-Nord,2018,5,-0.6557467257771414,-0.629640794748253,0.5199373223394949,0,234,8,2018-01-29,1,Sèche
Centre-Nord,2018,6,-0.6670304945953164,0.42063686711113135,1.1275323954091327,0,258,11,2018-02-05,2,Sèche
Centre-Nord,2018,7,-0.5682975174362854,0.42063686711113135,0.9539338031035219,0,284,8,2018-02-12,2,Sèche
Centre-Nord,2018,8,-0.6021488238908103,-0.8601895497905564,0.9192140846423993,0,320,7,2018-02-19,2,Sèche
Centre-Nord,2018,9,-0.5993278816862666,-0.42470856804398277,-0.6258133868775358,0,224,14,2018-02-26,2,Sèche
Centre-Nord,2018,10,-0.6218954193226165,1.214749245590178,1.3532105654064264,0,216,0,2018-03-05,3,Sèche
Centre-Nord,2018,11,-0.6218954193226165,2.3674930208016973,-1.3202077560999792,0,243,3,2018-03-12,3,Sèche
Centre-Nord,2018,12,-0.7008818010498412,2.5468087191679323,1.4920894392509145,0,252,8,2018-03-19,3,Sèche
Centre-Nord,2018,13,-0.6839561478225789,1.1122831322380418,-1.0424500084110029,0,233,8,2018-03-26,3,Sèche
Centre-Nord,2018,14,-0.7037027432543851,2.4187260774777637,1.1622521138702555,0,291,3,2018-04-02,4,Sèche
Centre-Nord,2018,15,-0.6218954193226165,1.6758467556747851,1.3184908469453038,0,310,12,2018-04-09,4,Sèche
Centre-Nord,2018,16,-0.6416420147544227,2.3162599641256287,-1.181328882255491,0,241,9,2018-04-16,4,Sèche
Centre-Nord,2018,17,-0.6106116505044415,1.5733806423226504,1.4052901430981093,0,291,3,2018-04-23,4,Sèche
Centre-Nord,2018,18,-0.6585676679816851,2.008861624069223,0.15538027849771302,0,288,8,2018-04-30,4,Sèche
Centre-Nord,2018,19,-0.6557467257771414,-0.040460642973476436,-1.6153253630195181,0,202,5,2018-05-07,5,Pluvieuse
Centre-Nord,2018,20,-0.6811352056180351,-0.5784077380721857,-1.1118894453332482,0,214,7,2018-05-14,5,Pluvieuse
Centre-Nord,2018,21,-0.6360001303453352,-0.7064903797623544,0.658816196183983,0,186,11,2018-05-21,5,Pluvieuse
Centre-Nord,2018,22,0.14540086031328142,-0.6808738514243203,1.683047890787088,0,294,11,2018-05-28,5,Pluvieuse
Centre-Nord,2018,23,0.7885756829492547,-1.116354833170894,1.5441690169426,0,182,1,2018-06-04,6,Pluvieuse
Centre-Nord,2018,24,0.026921287722444266,0.6511856221534348,-0.6084535276469758,0,247,12,2018-06-11,6,Pluvieuse
Centre-Nord,2018,25,2.2216143228574756,-0.8858060781285906,-1.0945295861026856,0,312,1,2018-06-18,6,Pluvieuse
Centre-Nord,2018,26,0.8703830068810232,0.26693769708292847,-0.9382908530276374,0,984,2,2018-06-25,6,Pluvieuse
Centre-Nord,2018,27,0.29773173935864355,-0.6808738514243203,0.7282556331062283,0,1195,14,2018-07-02,7,Pluvieuse
Centre-Nord,2018,28,1.4881693496761028,-0.2710093980157808,1.1622521138702555,0,1300,2,2018-07-09,7,Pluvieuse
Centre-Nord,2018,29,1.7110237838350582,-0.1685432846636452,0.4331380261866894,0,1419,8,2018-07-16,7,Pluvieuse
Centre-Nord,2018,30,1.767442627925933,-0.142926756325612,0.5893767592617402,0,1274,1,2018-07-23,7,Pluvieuse
Centre-Nord,2018,31,1.10170026765361,-0.783339964776456,-1.0077302899498801,0,1044,8,2018-07-30,7,Pluvieuse
Centre-Nord,2018,32,1.3189128174034783,-0.014844114635443224,-1.6326852222500807,0,1297,10,2018-08-06,8,Pluvieuse
Centre-Nord,2018,33,0.07205636299514408,0.3437872820970299,-0.13973732842182593,0,1578,13,2018-08-13,8,Pluvieuse
Centre-Nord,2018,34,0.9578322152218793,0.5999525654773665,1.0407330992563273,0,1211,11,2018-08-20,8,Pluvieuse
Centre-Nord,2018,35,1.8943850271304015,-0.8858060781285906,-0.5910936684164156,0,1238,11,2018-08-27,8,Pluvieuse
Centre-Nord,2018,36,1.3809735459034402,-0.34785898302988133,-0.8167718384137093,0,1014,11,2018-09-03,9,Pluvieuse
Centre-Nord,2018,37,2.06646250160757,0.6255690938154007,0.8671345069507166,0,1284,10,2018-09-10,9,Pluvieuse
Centre-Nord,2018,38,0.37953906329041204,-0.11731022798757788,-1.285488037638859,0,1353,14,2018-09-17,9,Pluvieuse
Centre-Nord,2018,39,1.8492499518577017,-0.6040242664102189,0.9539338031035219,0,1251,4,2018-09-24,9,Pluvieuse
Centre-Nord,2018,40,0.004353750086094309,-0.06607717131151056,0.6935359146451057,0,1084,9,2018-10-01,10,Pluvieuse
Centre-Nord,2018,41,-0.6754933212089477,-0.42470856804398277,-0.747332401491464,0,1608,10,2018-10-08,10,Pluvieuse
Centre-Nord,2018,42,-0.5824022284590041,-0.24539286967774668,0.39841830772556674,0,947,9,2018-10-15,10,Pluvieuse
Centre-Nord,2018,43,-0.6754933212089477,-0.296625926353814,0.6067366184923002,0,1477,11,2018-10-22,10,Pluvieuse
Centre-Nord,2018,44,-0.604969766095354,-0.8858060781285906,1.1275323954091327,0,1471,14,2018-10-29,10,Pluvieuse
Centre-Nord,2018,45,-0.6783142634134913,0.03638894204062502,-1.4417267707139074,0,1191,6,2018-11-05,11,Sèche
Centre-Nord,2018,46,-0.6247163615271603,-0.9114226064666247,1.4226500023286717,0,1285,4,2018-11-12,11,Sèche
Centre-Nord,2018,47,-0.6783142634134913,0.21570464040686113,0.48521760387837215,0,232,2,2018-11-19,11,Sèche
Centre-Nord,2018,48,-0.5824022284590041,0.4974864521252319,-0.3133359207274368,0,255,8,2018-11-26,11,Sèche
Centre-Nord,2018,49,-0.5824022284590041,-0.5784077380721857,-0.3827753576496821,0,280,7,2018-12-03,12,Sèche
Centre-Nord,2018,50,-0.6303582459362477,-0.8345730214525232,0.5893767592617402,0,179,3,2018-12-10,12,Sèche
Centre-Nord,2018,51,-0.5824022284590041,-0.9114226064666247,-1.059809867641563,0,251,13,2018-12-17,12,Sèche
Centre-Nord,2018,52,-0.5852231706635478,0.21570464040686113,0.38105844849500664,0,257,10,2018-12-24,12,Sèche
Centre-Nord,2019,1,-0.6642095523907726,-0.4503250963820169,0.2942591523422012,0,202,12,2019-01-07,1,Sèche
Centre-Nord,2019,2,-0.6444629569589664,-0.3222424546918481,-1.45908662994447,0,278,1,2019-01-14,1,Sèche
Centre-Nord,2019,3,-0.5880441128680916,0.4718699237871978,1.4400098615592318,0,253,8,2019-01-21,1,Sèche
Centre-Nord,2019,4,-0.6839561478225789,-1.0651217764948266,0.8497746477201564,0,171,9,2019-01-28,1,Sèche
Centre-Nord,2019,5,-0.638821072549879,-0.1685432846636452,-0.13973732842182593,0,249,5,2019-02-04,2,Sèche
Centre-Nord,2019,6,-0.6360001303453352,-0.3990920397059496,1.7177676092482108,0,313,13,2019-02-11,2,Sèche
Centre-Nord,2019,7,-0.6839561478225789,0.2925542254209626,0.2942591523422012,0,269,6,2019-02-18,2,Sèche
Centre-Nord,2019,8,-0.6247163615271603,-0.19415981300167934,-0.4174950761108048,0,265,3,2019-02-25,2,Sèche
Centre-Nord,2019,9,-0.6867770900271225,0.24132116874489434,0.39841830772556674,0,189,13,2019-03-04,3,Sèche
Centre-Nord,2019,10,-0.6134325927089853,1.1378996605760758,1.4573697207897944,0,267,10,2019-03-11,3,Sèche
Centre-Nord,2019,11,-0.6472838991635101,1.035433547223941,-0.03557817303846041,0,312,10,2019-03-18,3,Sèche
Centre-Nord,2019,12,-0.6106116505044415,1.9063955107170885,-0.40013521688024223,0,186,13,2019-03-25,3,Sèche
Centre-Nord,2019,13,-0.6726723790044038,1.8039293973649537,0.346338730033884,0,174,4,2019-04-01,4,Sèche
Centre-Nord,2019,14,-0.6754933212089477,1.0610500755619752,0.10330070080602778,0,159,5,2019-04-08,4,Sèche
Centre-Nord,2019,15,-0.5908650550726353,1.035433547223941,-0.3133359207274368,0,167,2,2019-04-15,4,Sèche
Centre-Nord,2019,16,-0.6134325927089853,1.0866666039000095,0.08594084157546768,0,258,0,2019-04-22,4,Sèche
Centre-Nord,2019,17,-0.7065236854589287,2.18817732243546,1.1101725361785728,0,171,10,2019-04-29,4,Sèche
Centre-Nord,2019,18,-0.5739394018453728,1.5989971706606845,0.7456154923367885,0,207,5,2019-05-06,5,Pluvieuse
Centre-Nord,2019,19,-0.638821072549879,-0.1685432846636452,-1.3722873337916646,0,254,2,2019-05-13,5,Pluvieuse
Centre-Nord,2019,20,-0.627537303731704,0.11323852705472555,-0.452214794571925,0,248,2,2019-05-20,5,Pluvieuse
Centre-Nord,2019,21,-0.6444629569589664,-1.0395052481567935,-0.05293803226902051,0,178,8,2019-05-27,5,Pluvieuse
Centre-Nord,2019,22,0.7660081453129046,-1.0138887198187594,0.4331380261866894,0,249,7,2019-06-03,6,Pluvieuse
Centre-Nord,2019,23,2.650397537948124,-0.040460642973476436,1.5094492984814771,0,248,11,2019-06-10,6,Pluvieuse
Centre-Nord,2019,24,0.9465484464037042,-1.1675878898469623,-1.7368443776334463,0,160,11,2019-06-17,6,Pluvieuse
Centre-Nord,2019,25,1.4909902918806464,-0.09169369964954377,-0.05293803226902051,0,161,8,2019-06-24,6,Pluvieuse
Centre-Nord,2019,26,2.2357190338801947,-1.1932044181849955,-0.7646922607220265,0,1569,9,2019-07-01,7,Pluvieuse
Centre-Nord,2019,27,-0.060527920618411786,0.3694038104350631,1.3879302838675491,0,1515,9,2019-07-08,7,Pluvieuse
Centre-Nord,2019,28,0.09462390063149403,-1.0395052481567935,0.39841830772556674,0,1170,1,2019-07-15,7,Pluvieuse
Centre-Nord,2019,29,0.5657212487902991,-0.09169369964954377,0.5720169000311776,0,1267,4,2019-07-22,7,Pluvieuse
Centre-Nord,2019,30,1.9620876400394514,-1.1419713615089282,-1.6153253630195181,0,950,12,2019-07-29,7,Pluvieuse
Centre-Nord,2019,31,0.14257991810873763,-0.06607717131151056,-0.1570971876523885,0,1409,7,2019-08-05,8,Pluvieuse
Centre-Nord,2019,32,-0.1056629958911117,-0.4759416247200501,0.12066056003659034,0,1164,6,2019-08-12,8,Pluvieuse
Centre-Nord,2019,33,2.120060403493901,0.190088112068827,-0.05293803226902051,0,1226,10,2019-08-19,8,Pluvieuse
Centre-Nord,2019,34,0.5713631331993865,-1.0138887198187594,-1.4243669114833473,0,1442,3,2019-08-26,8,Pluvieuse
Centre-Nord,2019,35,1.5784395002215021,0.4718699237871978,-1.2507683191777363,0,1301,6,2019-09-02,9,Pluvieuse
Centre-Nord,2019,36,2.447289699220975,-0.24539286967774668,-0.5910936684164156,0,1433,10,2019-09-09,9,Pluvieuse
Centre-Nord,2019,37,2.6109043470845124,0.3950203387730972,-1.3028478968694193,0,1025,1,2019-09-16,9,Pluvieuse
Centre-Nord,2019,38,1.158119111744485,0.4462533954491655,-1.1292493045638083,0,1248,1,2019-09-23,9,Pluvieuse
Centre-Nord,2019,39,0.8111432205856045,0.03638894204062502,-0.12237746919126584,0,1204,0,2019-09-30,9,Pluvieuse
Centre-Nord,2019,40,0.8139641627901483,-1.295670531537131,-0.573733809185853,0,1248,8,2019-10-07,10,Pluvieuse
Centre-Nord,2019,41,-0.5767603440499166,-0.4503250963820169,1.266411269253621,0,1103,4,2019-10-14,10,Pluvieuse
Centre-Nord,2019,42,-0.5739394018453728,0.4974864521252319,-0.5910936684164156,0,987,14,2019-10-21,10,Pluvieuse
Centre-Nord,2019,43,-0.6839561478225789,-0.3222424546918481,1.683047890787088,0,1282,9,2019-10-28,10,Pluvieuse
Centre-Nord,2019,44,-0.6416420147544227,0.24132116874489434,-0.7994119791831467,0,1133,10,2019-11-04,11,Sèche
Centre-Nord,2019,45,-0.5795812862544604,-0.3222424546918481,0.3289788708033239,0,1212,11,2019-11-11,11,Sèche
Centre-Nord,2019,46,-0.5824022284590041,-0.014844114635443224,-1.7194845184028862,0,1469,10,2019-11-18,11,Sèche
Centre-Nord,2019,47,-0.5767603440499166,-0.7321069081003877,1.3532105654064264,0,306,14,2019-11-25,11,Sèche
Centre-Nord,2019,48,-0.604969766095354,-0.11731022798757788,1.5094492984814771,0,243,4,2019-12-02,12,Sèche
Centre-Nord,2019,49,-0.6472838991635101,-1.2188209465230295,-0.07029789149958307,0,269,12,2019-12-09,12,Sèche
Centre-Nord,2019,50,-0.5711184596408291,0.08762199871669235,0.5546570408006175,0,213,12,2019-12-16,12,Sèche
Centre-Nord,2019,51,-0.5711184596408291,-0.8601895497905564,-0.452214794571925,0,290,13,2019-12-23,12,Sèche
Centre-Nord,2019,52,-0.6726723790044038,-1.295670531537131,0.8497746477201564,0,195,4,2019-12-30,12,Sèche
Centre-Nord,2020,1,-0.5711184596408291,-0.24539286967774668,0.8671345069507166,0,172,0,2020-01-06,1,Sèche
Centre-Nord,2020,2,-0.6952399166407538,0.523102980463266,-1.47644648917503,0,211,11,2020-01-13,1,Sèche
Centre-Nord,2020,3,-0.616253534913529,-0.5527912097341515,-1.0945295861026856,0,261,10,2020-01-20,1,Sèche
Centre-Nord,2020,4,-0.6218954193226165,0.3437872820970299,-0.9556507122581974,0,241,9,2020-01-27,1,Sèche
Centre-Nord,2020,5,-0.6106116505044415,-0.8601895497905564,-1.2160486007166138,0,261,5,2020-02-03,2,Sèche
Centre-Nord,2020,6,-0.5682975174362854,-0.3222424546918481,-0.9382908530276374,0,154,6,2020-02-10,2,Sèche
Centre-Nord,2020,7,-0.6501048413680539,-0.5271746813961183,0.4157781669561293,0,253,8,2020-02-17,2,Sèche
Centre-Nord,2020,8,-0.6190744771180727,-0.5015581530580843,-1.0424500084110029,0,206,3,2020-02-24,2,Sèche
Centre-Nord,2020,9,-0.638821072549879,-1.3212870598751643,1.0233732400257674,0,161,5,2020-03-02,3,Sèche
Centre-Nord,2020,10,-0.5795812862544604,0.9329674338718065,0.1900999969588332,0,288,14,2020-03-09,3,Sèche
Centre-Nord,2020,11,-0.5852231706635478,1.6758467556747851,-0.40013521688024223,0,197,5,2020-03-16,3,Sèche
Centre-Nord,2020,12,-0.6501048413680539,2.4443426058157978,1.144892254639693,0,263,10,2020-03-23,3,Sèche
Centre-Nord,2020,13,-0.6416420147544227,2.521192190829898,1.0928126769480102,0,186,7,2020-03-30,3,Sèche
Centre-Nord,2020,14,-0.616253534913529,2.162560794097426,0.48521760387837215,0,188,13,2020-04-06,4,Sèche
Centre-Nord,2020,15,-0.5767603440499166,2.136944265759392,0.8324147884895938,0,176,3,2020-04-13,4,Sèche
Centre-Nord,2020,16,-0.6642095523907726,1.035433547223941,-0.9556507122581974,0,162,4,2020-04-20,4,Sèche
Centre-Nord,2020,17,-0.638821072549879,2.008861624069223,1.6656880315565255,0,244,5,2020-04-27,4,Sèche
Centre-Nord,2020,18,-0.5767603440499166,1.1378996605760758,-0.3827753576496821,0,272,4,2020-05-04,5,Pluvieuse
Centre-Nord,2020,19,-0.69241897443621,-0.040460642973476436,1.5441690169426,0,213,1,2020-05-11,5,Pluvieuse
Centre-Nord,2020,20,-0.7065236854589287,0.42063686711113135,-0.1570971876523885,0,210,9,2020-05-18,5,Pluvieuse
Centre-Nord,2020,21,-0.6303582459362477,-0.3990920397059496,1.4052901430981093,0,197,0,2020-05-25,5,Pluvieuse
Centre-Nord,2020,22,1.933878217994014,-0.9882721914807252,-0.3480556391885595,0,214,11,2020-06-01,6,Pluvieuse
Centre-Nord,2020,23,1.4232876789715965,-1.1675878898469623,0.3116190115727613,0,209,10,2020-06-08,6,Pluvieuse
Centre-Nord,2020,24,2.6052624626754244,0.3694038104350631,0.3289788708033239,0,276,10,2020-06-15,6,Pluvieuse
Centre-Nord,2020,25,2.4219012193800813,-0.4759416247200501,-0.3480556391885595,0,269,10,2020-06-22,6,Pluvieuse
Centre-Nord,2020,26,0.7631872031083611,-0.6808738514243203,-1.7194845184028862,0,1304,14,2020-06-29,6,Pluvieuse
Centre-Nord,2020,27,0.6588123415402425,-0.3222424546918481,-1.5285260668667129,0,934,0,2020-07-06,7,Pluvieuse
Centre-Nord,2020,28,-0.04642320959569307,-0.06607717131151056,0.5025774631089347,0,1051,11,2020-07-13,7,Pluvieuse
Centre-Nord,2020,29,2.340093895448313,-0.21977634133971255,-0.747332401491464,0,983,5,2020-07-20,7,Pluvieuse
Centre-Nord,2020,30,0.8562782958583045,-0.1685432846636452,-0.9209309937970748,0,1179,2,2020-07-27,7,Pluvieuse
Centre-Nord,2020,31,1.5107368873124527,-1.0138887198187594,-0.9903704307193201,0,1445,8,2020-08-03,8,Pluvieuse
Centre-Nord,2020,32,2.1031347502666384,0.6255690938154007,-0.5910936684164156,0,1183,3,2020-08-10,8,Pluvieuse
Centre-Nord,2020,33,-0.07745357384567428,-0.24539286967774668,-1.5285260668667129,0,1178,3,2020-08-17,8,Pluvieuse
Centre-Nord,2020,34,1.135551574108135,0.13885505539275966,-0.03557817303846041,0,1003,12,2020-08-24,8,Pluvieuse
Centre-Nord,2020,35,-0.0266766141638869,-0.7064903797623544,0.7803352107979111,0,1221,8,2020-08-31,8,Pluvieuse
Centre-Nord,2020,36,1.1637609961535724,-1.2444374748610627,-1.7194845184028862,0,1313,4,2020-09-07,9,Pluvieuse
Centre-Nord,2020,37,1.197612302608097,0.3950203387730972,-0.3827753576496821,0,1198,9,2020-09-14,9,Pluvieuse
Centre-Nord,2020,38,1.6235745754942024,-0.6040242664102189,0.7803352107979111,0,1149,14,2020-09-21,9,Pluvieuse
Centre-Nord,2020,39,0.40774848533584945,-0.3222424546918481,1.6309683130954054,0,1098,7,2020-09-28,9,Pluvieuse
Centre-Nord,2020,40,1.1101630942672411,0.6511856221534348,-0.018218313807897846,0,1186,13,2020-10-05,10,Pluvieuse
Centre-Nord,2020,41,-0.5682975174362854,0.4462533954491655,-0.4348549353413649,0,1468,0,2020-10-12,10,Pluvieuse
Centre-Nord,2020,42,-0.5739394018453728,-0.296625926353814,-0.8514915568748319,0,1094,14,2020-10-19,10,Pluvieuse
Centre-Nord,2020,43,-0.6783142634134913,0.5999525654773665,-1.2507683191777363,0,1369,9,2020-10-26,10,Pluvieuse
Centre-Nord,2020,44,-0.6077907082998978,0.523102980463266,-0.3480556391885595,0,1085,3,2020-11-02,11,Sèche
Centre-Nord,2020,45,-0.5767603440499166,-0.296625926353814,-0.9730105714887576,0,922,5,2020-11-09,11,Sèche
Centre-Nord,2020,46,-0.6726723790044038,-0.42470856804398277,-0.6431732461080985,0,1342,0,2020-11-16,11,Sèche
Centre-Nord,2020,47,-0.6867770900271225,-0.7577234364384218,-0.12237746919126584,0,162,11,2020-11-23,11,Sèche
Centre-Nord,2020,48,-0.6783142634134913,-0.8345730214525232,-0.24389648380519394,0,184,1,2020-11-30,11,Sèche
Centre-Nord,2020,49,-0.6247163615271603,-1.3981366448892656,-1.6153253630195181,0,290,7,2020-12-07,12,Sèche
Centre-Nord,2020,50,-0.6839561478225789,-1.295670531537131,1.0060133807952047,0,194,11,2020-12-14,12,Sèche
Centre-Nord,2020,51,-0.661388610186229,-0.3222424546918481,1.5962485946342826,0,304,12,2020-12-21,12,Sèche
Centre-Nord,2020,52,-0.5824022284590041,-1.1419713615089282,-1.1986887414860536,0,169,2,2020-12-28,12,Sèche
Centre-Nord,2021,1,-0.6134325927089853,-0.2710093980157808,-0.9556507122581974,0,207,11,2021-01-04,1,Sèche
Centre-Nord,2021,2,-0.5682975174362854,-0.06607717131151056,1.6656880315565255,0,186,14,2021-01-11,1,Sèche
Centre-Nord,2021,3,-0.6811352056180351,0.3181707537589958,1.0233732400257674,0,286,1,2021-01-18,1,Sèche
Centre-Nord,2021,4,-0.6895980322316664,0.08762199871669235,0.4504978854172495,0,176,12,2021-01-25,1,Sèche
Centre-Nord,2021,5,-0.5852231706635478,-0.5271746813961183,0.016501404653222352,0,293,11,2021-02-01,2,Sèche
Centre-Nord,2021,6,-0.6670304945953164,-1.295670531537131,1.6483281723259653,0,183,1,2021-02-08,2,Sèche
Centre-Nord,2021,7,-0.6501048413680539,-1.1419713615089282,0.5199373223394949,0,265,4,2021-02-15,2,Sèche
Centre-Nord,2021,8,-0.6501048413680539,-0.8345730214525232,-0.7994119791831467,0,217,11,2021-02-22,2,Sèche
Centre-Nord,2021,9,-0.6360001303453352,-0.6808738514243203,1.249051410023061,0,168,5,2021-03-01,3,Sèche
Centre-Nord,2021,10,-0.5795812862544604,1.3172153589423128,1.144892254639693,0,163,9,2021-03-08,3,Sèche
Centre-Nord,2021,11,-0.6218954193226165,2.008861624069223,0.25953943388107853,0,182,1,2021-03-15,3,Sèche
Centre-Nord,2021,12,-0.6698514367998601,0.984200490547873,-1.47644648917503,0,178,9,2021-03-22,3,Sèche
Centre-Nord,2021,13,-0.6134325927089853,1.7014632840128192,-1.5632457853278354,0,248,2,2021-03-29,3,Sèche
Centre-Nord,2021,14,-0.6952399166407538,2.3931095491397296,1.4400098615592318,0,173,13,2021-04-05,4,Sèche
Centre-Nord,2021,15,-0.6980608588452976,1.1122831322380418,-1.1292493045638083,0,265,3,2021-04-12,4,Sèche
Centre-Nord,2021,16,-0.5908650550726353,1.9576285673931568,-0.3827753576496821,0,220,2,2021-04-19,4,Sèche
Centre-Nord,2021,17,-0.6670304945953164,2.4187260774777637,0.8150549292590338,0,220,12,2021-04-26,4,Sèche
Centre-Nord,2021,18,-0.638821072549879,1.829545925702988,-0.07029789149958307,0,187,2,2021-05-03,5,Pluvieuse
Centre-Nord,2021,19,-0.6416420147544227,0.26693769708292847,1.1101725361785728,0,212,12,2021-05-10,5,Pluvieuse
Centre-Nord,2021,20,-0.6247163615271603,-0.19415981300167934,0.9886535215646446,0,245,7,2021-05-17,5,Pluvieuse
Centre-Nord,2021,21,-0.6642095523907726,-0.09169369964954377,-1.5458859260972753,0,213,11,2021-05-24,5,Pluvieuse
Centre-Nord,2021,22,0.6193191506766301,-1.3212870598751643,0.24217957465051843,0,166,3,2021-05-31,5,Pluvieuse
Centre-Nord,2021,23,2.6701441333799307,-1.1932044181849955,-0.8688514161053921,0,278,3,2021-06-07,6,Pluvieuse
Centre-Nord,2021,24,0.8337107582219546,-0.8345730214525232,1.4920894392509145,0,201,12,2021-06-14,6,Pluvieuse
Centre-Nord,2021,25,0.3738971788813245,-0.42470856804398277,1.1622521138702555,0,159,9,2021-06-21,6,Pluvieuse
Centre-Nord,2021,26,1.3753316614943532,-0.937039134804658,0.7108957738756658,0,955,7,2021-06-28,6,Pluvieuse
Centre-Nord,2021,27,2.5008876011073062,-1.0138887198187594,-0.40013521688024223,0,1221,7,2021-07-05,7,Pluvieuse
Centre-Nord,2021,28,1.8238614720168078,-0.6808738514243203,-1.4417267707139074,0,1106,5,2021-07-12,7,Pluvieuse
Centre-Nord,2021,29,0.5995725552448239,0.03638894204062502,0.5199373223394949,0,1440,2,2021-07-19,7,Pluvieuse
Centre-Nord,2021,30,2.6475765957435806,-0.014844114635443224,-1.5632457853278354,0,1187,8,2021-07-26,7,Pluvieuse
Centre-Nord,2021,31,0.6277819772902613,-0.6040242664102189,1.5094492984814771,0,1262,1,2021-08-02,8,Pluvieuse
Centre-Nord,2021,32,1.2568520889035157,0.24132116874489434,1.4052901430981093,0,1330,5,2021-08-09,8,Pluvieuse
Centre-Nord,2021,33,1.0255348281309289,0.3181707537589958,0.033861263883784916,0,1376,11,2021-08-16,8,Pluvieuse
Centre-Nord,2021,34,2.3231682422210502,-0.629640794748253,0.9886535215646446,0,1266,3,2021-08-23,8,Pluvieuse
Centre-Nord,2021,35,0.7236940122447485,0.3950203387730972,0.9712936623340821,0,1002,0,2021-08-30,8,Pluvieuse
Centre-Nord,2021,36,1.6010070378578525,-0.24539286967774668,-0.6605331053386585,0,884,12,2021-09-06,9,Pluvieuse
Centre-Nord,2021,37,1.2088960714262722,0.4718699237871978,1.0060133807952047,0,1251,0,2021-09-13,9,Pluvieuse
Centre-Nord,2021,38,1.7138447260396021,-0.37347551136791546,1.0233732400257674,0,1501,14,2021-09-20,9,Pluvieuse
Centre-Nord,2021,39,0.5008395780857929,-0.5015581530580843,0.20745985618939577,0,950,9,2021-09-27,9,Pluvieuse
Centre-Nord,2021,40,0.32876210360862457,-0.8858060781285906,-0.22653662457463136,0,888,5,2021-10-04,10,Pluvieuse
Centre-Nord,2021,41,-0.616253534913529,-0.06607717131151056,-0.261256343035754,0,1283,11,2021-10-11,10,Pluvieuse
Centre-Nord,2021,42,-0.6557467257771414,0.2925542254209626,-1.7194845184028862,0,1175,14,2021-10-18,10,Pluvieuse
Centre-Nord,2021,43,-0.661388610186229,-1.1675878898469623,-0.4174950761108048,0,1217,1,2021-10-25,10,Pluvieuse
Centre-Nord,2021,44,-0.6247163615271603,-0.8345730214525232,-1.059809867641563,0,1401,2,2021-11-01,11,Sèche
Centre-Nord,2021,45,-0.6811352056180351,-0.09169369964954377,-1.0077302899498801,0,1351,3,2021-11-08,11,Sèche
Centre-Nord,2021,46,-0.6811352056180351,-0.5527912097341515,-0.556373949955293,0,1479,0,2021-11-15,11,Sèche
Centre-Nord,2021,47,-0.6952399166407538,-0.7321069081003877,0.5893767592617402,0,200,12,2021-11-22,11,Sèche
Centre-Nord,2021,48,-0.627537303731704,-0.19415981300167934,1.0928126769480102,0,207,14,2021-11-29,11,Sèche
Centre-Nord,2021,49,-0.6980608588452976,-0.296625926353814,0.9539338031035219,0,248,6,2021-12-06,12,Sèche
Centre-Nord,2021,50,-0.5880441128680916,-0.629640794748253,0.9712936623340821,0,269,5,2021-12-13,12,Sèche
Centre-Nord,2021,51,-0.6585676679816851,0.11323852705472555,-0.452214794571925,0,200,1,2021-12-20,12,Sèche
Centre-Nord,2021,52,-0.7008818010498412,-0.142926756325612,1.4052901430981093,0,257,2,2021-12-27,12,Sèche
Centre-Nord,2022,1,-0.7037027432543851,-0.8089564931144891,-0.747332401491464,0,262,11,2022-01-03,1,Sèche
Centre-Nord,2022,2,-0.5880441128680916,-0.2710093980157808,-0.9035711345665147,0,187,8,2022-01-10,1,Sèche
Centre-Nord,2022,3,-0.6642095523907726,-1.3212870598751643,1.6483281723259653,0,248,9,2022-01-17,1,Sèche
Centre-Nord,2022,4,-0.5767603440499166,-0.8858060781285906,-0.261256343035754,0,212,5,2022-01-24,1,Sèche
Centre-Nord,2022,5,-0.7037027432543851,0.5487195088013002,1.1101725361785728,0,261,2,2022-01-31,1,Sèche
Centre-Nord,2022,6,-0.6670304945953164,-1.116354833170894,0.6240964777228604,0,257,3,2022-02-07,2,Sèche
Centre-Nord,2022,7,-0.6895980322316664,0.03638894204062502,1.3011309877147437,0,255,4,2022-02-14,2,Sèche
Centre-Nord,2022,8,-0.7008818010498412,-0.3222424546918481,-1.5806056445583956,0,185,4,2022-02-21,2,Sèche
Centre-Nord,2022,9,-0.6416420147544227,0.1644715837307938,-1.3028478968694193,0,213,8,2022-02-28,2,Sèche
Centre-Nord,2022,10,-0.6670304945953164,2.034478152407257,0.24217957465051843,0,236,12,2022-03-07,3,Sèche
Centre-Nord,2022,11,-0.6839561478225789,2.2906434357875947,1.683047890787088,0,247,11,2022-03-14,3,Sèche
Centre-Nord,2022,12,-0.661388610186229,1.4196814722944475,-0.8341316976442694,0,284,9,2022-03-21,3,Sèche
Centre-Nord,2022,13,-0.604969766095354,1.1378996605760758,0.25953943388107853,0,158,13,2022-03-28,3,Sèche
Centre-Nord,2022,14,-0.5739394018453728,0.9073509055337724,-0.1918169061135087,0,271,10,2022-04-04,4,Sèche
Centre-Nord,2022,15,-0.6698514367998601,2.6748913608581013,-0.5042943722636102,0,173,12,2022-04-11,4,Sèche
Centre-Nord,2022,16,-0.6134325927089853,2.5724252475059664,0.6240964777228604,0,150,11,2022-04-18,4,Sèche
Centre-Nord,2022,17,-0.6585676679816851,0.9585839622098405,-0.2786162022663141,0,293,1,2022-04-25,4,Sèche
Centre-Nord,2022,18,-0.6529257835725977,2.2650269074495606,-0.9209309937970748,0,246,9,2022-05-02,5,Pluvieuse
Centre-Nord,2022,19,-0.638821072549879,-0.5527912097341515,1.0060133807952047,0,181,2,2022-05-09,5,Pluvieuse
Centre-Nord,2022,20,-0.6501048413680539,-0.8089564931144891,-1.7021246591723236,0,175,8,2022-05-16,5,Pluvieuse
Centre-Nord,2022,21,-0.6698514367998601,0.1644715837307938,0.6935359146451057,0,153,0,2022-05-23,5,Pluvieuse
Centre-Nord,2022,22,1.5135578295169962,-0.4759416247200501,0.39841830772556674,0,184,7,2022-05-30,5,Pluvieuse
Centre-Nord,2022,23,1.6997400150168835,-0.7577234364384218,-1.667404940711201,0,166,11,2022-06-06,6,Pluvieuse
Centre-Nord,2022,24,1.6574258819487273,-1.3725201165512315,0.20745985618939577,0,199,2,2022-06-13,6,Pluvieuse
Centre-Nord,2022,25,0.588288786426649,0.523102980463266,1.2316915507924984,0,154,1,2022-06-20,6,Pluvieuse
Centre-Nord,2022,26,1.7307703792668645,-0.6040242664102189,1.3184908469453038,0,1183,13,2022-06-27,6,Pluvieuse
Centre-Nord,2022,27,-0.13105147573200535,-1.3725201165512315,0.24217957465051843,0,1161,4,2022-07-04,7,Pluvieuse
Centre-Nord,2022,28,0.13693803369965019,-0.1685432846636452,-1.3375676153305418,0,862,10,2022-07-11,7,Pluvieuse
Centre-Nord,2022,29,2.010043657516695,-1.1419713615089282,-1.6153253630195181,0,1236,12,2022-07-18,7,Pluvieuse
Centre-Nord,2022,30,2.5262760809482,0.523102980463266,-0.2959760614968767,0,1339,12,2022-07-25,7,Pluvieuse
Centre-Nord,2022,31,2.306242588993788,0.11323852705472555,1.5268091577120373,0,1130,5,2022-08-01,8,Pluvieuse
Centre-Nord,2022,32,0.1312961492905627,-1.3469035882131983,-1.5458859260972753,0,1412,4,2022-08-08,8,Pluvieuse
Centre-Nord,2022,33,2.6278300003117745,-0.4759416247200501,-0.556373949955293,0,1194,5,2022-08-15,8,Pluvieuse
Centre-Nord,2022,34,0.23849195306322493,-1.3725201165512315,0.13802041926715045,0,1352,8,2022-08-22,8,Pluvieuse
Centre-Nord,2022,35,2.50370854331185,-0.6040242664102189,0.24217957465051843,0,1365,6,2022-08-29,8,Pluvieuse
Centre-Nord,2022,36,1.8407871252440706,0.1644715837307938,-1.6847647999417636,0,1203,4,2022-09-05,9,Pluvieuse
Centre-Nord,2022,37,-0.07745357384567428,-0.5784077380721857,1.1796119731008157,0,1433,2,2022-09-12,9,Pluvieuse
Centre-Nord,2022,38,2.3908708551301,-0.06607717131151056,-0.6605331053386585,0,1136,5,2022-09-19,9,Pluvieuse
Centre-Nord,2022,39,0.1341170914951064,0.5743360371393342,0.46785774464781205,0,1449,0,2022-09-26,9,Pluvieuse
Centre-Nord,2022,40,1.4797065230624713,-0.9114226064666247,-1.7021246591723236,0,1306,1,2022-10-03,10,Pluvieuse
Centre-Nord,2022,41,-0.5993278816862666,-0.4759416247200501,0.9712936623340821,0,999,2,2022-10-10,10,Pluvieuse
Centre-Nord,2022,42,-0.5795812862544604,-1.3725201165512315,1.5441690169426,0,1016,14,2022-10-17,10,Pluvieuse
Centre-Nord,2022,43,-0.6754933212089477,0.523102980463266,1.57888873540372,0,1163,6,2022-10-24,10,Pluvieuse
Centre-Nord,2022,44,-0.661388610186229,-1.1675878898469623,-0.9903704307193201,0,1318,2,2022-10-31,10,Pluvieuse
Centre-Nord,2022,45,-0.5767603440499166,-0.19415981300167934,1.6309683130954054,0,1032,7,2022-11-07,11,Sèche
Centre-Nord,2022,46,-0.6444629569589664,-0.37347551136791546,0.48521760387837215,0,920,11,2022-11-14,11,Sèche
Centre-Nord,2022,47,-0.6980608588452976,-0.8345730214525232,0.13802041926715045,0,259,1,2022-11-21,11,Sèche
Centre-Nord,2022,48,-0.6303582459362477,-0.3990920397059496,1.6136084538648428,0,196,11,2022-11-28,11,Sèche
Centre-Nord,2022,49,-0.616253534913529,0.21570464040686113,1.5094492984814771,0,151,14,2022-12-05,12,Sèche
Centre-Nord,2022,50,-0.6529257835725977,-0.5271746813961183,-0.03557817303846041,0,286,1,2022-12-12,12,Sèche
Centre-Nord,2022,51,-0.6867770900271225,0.5487195088013002,0.5025774631089347,0,192,8,2022-12-19,12,Sèche
Centre-Nord,2022,52,-0.6529257835725977,-0.8345730214525232,0.5720169000311776,0,239,13,2022-12-26,12,Sèche
Centre-Nord,2023,1,-0.7008818010498412,-1.1932044181849955,0.39841830772556674,0,207,4,2023-01-02,1,Sèche
Centre-Nord,2023,2,-0.5993278816862666,-0.19415981300167934,-0.8688514161053921,0,149,14,2023-01-09,1,Sèche
Centre-Nord,2023,3,-0.5795812862544604,-0.1685432846636452,0.6761760554145456,0,219,2,2023-01-16,1,Sèche
Centre-Nord,2023,4,-0.6783142634134913,-1.3725201165512315,-0.9556507122581974,0,233,10,2023-01-23,1,Sèche
Centre-Nord,2023,5,-0.6360001303453352,0.26693769708292847,0.1900999969588332,0,182,5,2023-01-30,1,Sèche
Centre-Nord,2023,6,-0.6783142634134913,-1.0138887198187594,-1.4070070522527847,0,264,6,2023-02-06,2,Sèche
Centre-Nord,2023,7,-0.6839561478225789,-0.8089564931144891,-0.5042943722636102,0,209,2,2023-02-13,2,Sèche
Centre-Nord,2023,8,-0.6218954193226165,-0.6040242664102189,-0.5910936684164156,0,199,10,2023-02-20,2,Sèche
Centre-Nord,2023,9,-0.6839561478225789,0.4718699237871978,-0.9903704307193201,0,198,3,2023-02-27,2,Sèche
Centre-Nord,2023,10,-0.5682975174362854,1.2915988306042787,-0.9903704307193201,0,191,4,2023-03-06,3,Sèche
Centre-Nord,2023,11,-0.6444629569589664,2.18817732243546,0.24217957465051843,0,273,6,2023-03-13,3,Sèche
Centre-Nord,2023,12,-0.6472838991635101,2.521192190829898,1.57888873540372,0,214,3,2023-03-20,3,Sèche
Centre-Nord,2023,13,-0.5711184596408291,1.7526963406888856,-1.2681281784082965,0,193,9,2023-03-27,3,Sèche
Centre-Nord,2023,14,-0.604969766095354,1.7783128690269197,1.2837711284841835,0,248,10,2023-04-03,4,Sèche
Centre-Nord,2023,15,-0.6501048413680539,1.0610500755619752,-0.7646922607220265,0,276,6,2023-04-10,4,Sèche
Centre-Nord,2023,16,-0.661388610186229,1.855162454041022,-1.5285260668667129,0,209,0,2023-04-17,4,Sèche
Centre-Nord,2023,17,-0.6811352056180351,1.0866666039000095,0.39841830772556674,0,270,10,2023-04-24,4,Sèche
Centre-Nord,2023,18,-0.7065236854589287,1.8807789823790544,-1.6847647999417636,0,160,0,2023-05-01,5,Pluvieuse
Centre-Nord,2023,19,-0.6529257835725977,0.2925542254209626,-0.1918169061135087,0,210,14,2023-05-08,5,Pluvieuse
Centre-Nord,2023,20,-0.5711184596408291,0.2925542254209626,1.0928126769480102,0,247,5,2023-05-15,5,Pluvieuse
Centre-Nord,2023,21,-0.6726723790044038,0.6511856221534348,0.05122112311434501,0,268,4,2023-05-22,5,Pluvieuse
Centre-Nord,2023,22,2.0044017731076074,-1.2188209465230295,1.6483281723259653,0,264,2,2023-05-29,5,Pluvieuse
Centre-Nord,2023,23,2.0551787327893947,-1.3469035882131983,-0.7994119791831467,0,285,14,2023-06-05,6,Pluvieuse
Centre-Nord,2023,24,1.462780869835209,-0.42470856804398277,0.15538027849771302,0,249,7,2023-06-12,6,Pluvieuse
Centre-Nord,2023,25,2.077746270425745,-0.3990920397059496,0.346338730033884,0,155,1,2023-06-19,6,Pluvieuse
Centre-Nord,2023,26,1.2822405687444094,-0.9882721914807252,0.7456154923367885,0,1020,14,2023-06-26,6,Pluvieuse
Centre-Nord,2023,27,1.1637609961535724,-1.0138887198187594,-0.8167718384137093,0,1376,12,2023-07-03,7,Pluvieuse
Centre-Nord,2023,28,1.7110237838350582,-0.11731022798757788,-0.08765775073014317,0,1094,1,2023-07-10,7,Pluvieuse
Centre-Nord,2023,29,1.7843682811531958,-1.1419713615089282,-0.3133359207274368,0,840,4,2023-07-17,7,Pluvieuse
Centre-Nord,2023,30,0.5093024046994242,-0.142926756325612,-0.33069577995799937,0,866,12,2023-07-24,7,Pluvieuse
Centre-Nord,2023,31,0.009995634495181772,0.08762199871669235,0.6935359146451057,0,977,7,2023-07-31,7,Pluvieuse
Centre-Nord,2023,32,1.9056687959485765,-1.2444374748610627,0.9539338031035219,0,1170,12,2023-08-07,8,Pluvieuse
Centre-Nord,2023,33,0.44442073399491805,-0.21977634133971255,1.0233732400257674,0,1225,1,2023-08-14,8,Pluvieuse
Centre-Nord,2023,34,1.7843682811531958,-1.0138887198187594,0.6761760554145456,0,1123,3,2023-08-21,8,Pluvieuse
Centre-Nord,2023,35,0.8590992380628483,-1.3212870598751643,1.4052901430981093,0,967,0,2023-08-28,8,Pluvieuse
Centre-Nord,2023,36,0.66445422594933,-1.2444374748610627,-0.0008584545773377481,0,960,3,2023-09-04,9,Pluvieuse
Centre-Nord,2023,37,1.2117170136308157,-0.4759416247200501,-1.0250901491804427,0,879,2,2023-09-11,9,Pluvieuse
Centre-Nord,2023,38,1.2540311466989718,0.21570464040686113,0.6240964777228604,0,1114,8,2023-09-18,9,Pluvieuse
Centre-Nord,2023,39,-0.07745357384567428,-0.9114226064666247,-1.1292493045638083,0,1120,14,2023-09-25,9,Pluvieuse
Centre-Nord,2023,40,1.8210405298122643,0.2925542254209626,0.7803352107979111,0,1321,10,2023-10-02,10,Pluvieuse
Centre-Nord,2023,41,-0.6980608588452976,0.4974864521252319,-1.0771697268721256,0,985,14,2023-10-09,10,Pluvieuse
Centre-Nord,2023,42,-0.6726723790044038,-0.24539286967774668,0.641456336953423,0,955,4,2023-10-16,10,Pluvieuse
Centre-Nord,2023,43,-0.5965069394817228,0.24132116874489434,-0.261256343035754,0,1434,10,2023-10-23,10,Pluvieuse
Centre-Nord,2023,44,-0.627537303731704,-1.3469035882131983,-1.2507683191777363,0,885,14,2023-10-30,10,Pluvieuse
Centre-Nord,2023,45,-0.627537303731704,-0.937039134804658,-0.5216542314941703,0,906,12,2023-11-06,11,Sèche
Centre-Nord,2023,46,-0.6642095523907726,0.3181707537589958,0.08594084157546768,0,1186,12,2023-11-13,11,Sèche
Centre-Nord,2023,47,-0.616253534913529,0.5743360371393342,-0.5390140907247304,0,250,6,2023-11-20,11,Sèche
Centre-Nord,2023,48,-0.6754933212089477,0.4462533954491655,-0.7299725422609038,0,231,2,2023-11-27,11,Sèche
Centre-Nord,2023,49,-0.5795812862544604,-0.937039134804658,-0.2786162022663141,0,171,3,2023-12-04,12,Sèche
Centre-Nord,2023,50,-0.6895980322316664,0.11323852705472555,-0.9730105714887576,0,180,3,2023-12-11,12,Sèche
Centre-Nord,2023,51,-0.6754933212089477,-0.9114226064666247,1.144892254639693,0,160,6,2023-12-18,12,Sèche
Centre-Nord,2023,52,-0.6190744771180727,-0.21977634133971255,1.4052901430981093,0,287,9,2023-12-25,12,Sèche
Centre-Nord,2024,1,-0.6416420147544227,-0.8089564931144891,0.9365739438729619,0,264,12,2024-01-01,1,Sèche
Centre-Nord,2024,2,-0.6980608588452976,-0.142926756325612,-0.3133359207274368,0,204,8,2024-01-08,1,Sèche
Centre-Nord,2024,3,-0.6783142634134913,-1.3981366448892656,-0.9035711345665147,0,201,7,2024-01-15,1,Sèche
Centre-Nord,2024,4,-0.6557467257771414,0.21570464040686113,1.56152887617316,0,240,10,2024-01-22,1,Sèche
Centre-Nord,2024,5,-0.6670304945953164,-1.3725201165512315,-0.6258133868775358,0,245,10,2024-01-29,1,Sèche
Centre-Nord,2024,6,-0.6106116505044415,-0.8601895497905564,-0.8167718384137093,0,275,5,2024-02-05,2,Sèche
Centre-Nord,2024,7,-0.7037027432543851,0.13885505539275966,0.3116190115727613,0,167,2,2024-02-12,2,Sèche
Centre-Nord,2024,8,-0.661388610186229,-0.3990920397059496,0.46785774464781205,0,155,8,2024-02-19,2,Sèche
Centre-Nord,2024,9,-0.7065236854589287,0.08762199871669235,-0.08765775073014317,0,191,5,2024-02-26,2,Sèche
Centre-Nord,2024,10,-0.5824022284590041,2.6492748325200672,0.7456154923367885,0,222,9,2024-03-04,3,Sèche
Centre-Nord,2024,11,-0.5852231706635478,1.0610500755619752,-1.3722873337916646,0,236,8,2024-03-11,3,Sèche
Centre-Nord,2024,12,-0.6754933212089477,1.1378996605760758,1.2837711284841835,0,175,11,2024-03-18,3,Sèche
Centre-Nord,2024,13,-0.69241897443621,1.983245095731191,0.9886535215646446,0,190,10,2024-03-25,3,Sèche
Centre-Nord,2024,14,-0.5739394018453728,2.0857112090833256,-0.5910936684164156,0,151,13,2024-04-01,4,Sèche
Centre-Nord,2024,15,-0.604969766095354,1.009817018885907,-0.5216542314941703,1,259,13,2024-04-08,4,Sèche
Centre-Nord,2024,16,-0.6867770900271225,2.0857112090833256,-0.3827753576496821,1,236,4,2024-04-15,4,Sèche
Centre-Nord,2024,17,-0.5852231706635478,2.0857112090833256,-0.6431732461080985,0,171,9,2024-04-22,4,Sèche
Centre-Nord,2024,18,-0.6416420147544227,2.5724252475059664,-1.6153253630195181,0,178,4,2024-04-29,4,Sèche
Centre-Nord,2024,19,-0.5880441128680916,-0.5015581530580843,1.4920894392509145,0,183,14,2024-05-06,5,Pluvieuse
Centre-Nord,2024,20,-0.6416420147544227,-0.4759416247200501,-1.5806056445583956,0,193,5,2024-05-13,5,Pluvieuse
Centre-Nord,2024,21,-0.7008818010498412,0.010772413702590895,0.22481971541995588,0,143,6,2024-05-20,5,Pluvieuse
Centre-Nord,2024,22,2.6475765957435806,-0.8858060781285906,-1.1466091637943685,0,174,0,2024-05-27,5,Pluvieuse
Centre-Nord,2024,23,1.4232876789715965,-0.11731022798757788,-0.1744570468829486,0,254,0,2024-06-03,6,Pluvieuse
Centre-Nord,2024,24,1.6771724773805332,-1.3212870598751643,1.370570424636989,0,269,2,2024-06-10,6,Pluvieuse
Centre-Nord,2024,25,0.7124102434265736,-1.1932044181849955,1.56152887617316,1,171,0,2024-06-17,6,Pluvieuse
Centre-Nord,2024,26,1.6207536332896584,-0.3222424546918481,-1.3896471930222245,1,968,7,2024-06-24,6,Pluvieuse
Centre-Nord,2024,27,0.729335896653836,-0.6808738514243203,-1.4938063484055901,0,1280,5,2024-07-01,7,Pluvieuse
Centre-Nord,2024,28,1.7392332058804956,-0.962655663142692,-0.7820521199525866,0,1387,2,2024-07-08,7,Pluvieuse
Centre-Nord,2024,29,0.3033736237677309,0.6255690938154007,-0.9730105714887576,0,1276,3,2024-07-15,7,Pluvieuse
Centre-Nord,2024,30,2.1341651145166196,0.03638894204062502,1.0580929584868874,0,1318,6,2024-07-22,7,Pluvieuse
Centre-Nord,2024,31,0.873203949085567,0.21570464040686113,0.8671345069507166,0,1242,8,2024-07-29,7,Pluvieuse
Centre-Nord,2024,32,-0.07181168943658671,-1.3469035882131983,-0.4348549353413649,0,1117,12,2024-08-05,8,Pluvieuse
Centre-Nord,2024,33,2.6362928269254056,-0.040460642973476436,-1.2681281784082965,0,995,1,2024-08-12,8,Pluvieuse
Centre-Nord,2024,34,2.17930018978932,-0.09169369964954377,-1.1986887414860536,0,1258,8,2024-08-19,8,Pluvieuse
Centre-Nord,2024,35,0.7631872031083611,-0.21977634133971255,-0.12237746919126584,0,1327,9,2024-08-26,8,Pluvieuse
Centre-Nord,2024,36,0.5572584221766678,-1.2188209465230295,0.05122112311434501,0,939,9,2024-09-02,9,Pluvieuse
Centre-Nord,2024,37,0.991683521676404,0.3694038104350631,0.36369858926444404,0,1192,12,2024-09-09,9,Pluvieuse
Centre-Nord,2024,38,0.3541505834495184,-0.8858060781285906,-0.33069577995799937,0,1361,6,2024-09-16,9,Pluvieuse
Centre-Nord,2024,39,-0.13951430234563658,-1.3469035882131983,1.0580929584868874,0,1027,9,2024-09-23,9,Pluvieuse
Centre-Nord,2024,40,0.20464064660869996,0.010772413702590895,-0.3480556391885595,0,1306,2,2024-09-30,9,Pluvieuse
Centre-Nord,2024,41,-0.6557467257771414,-0.8345730214525232,0.36369858926444404,0,1048,5,2024-10-07,10,Pluvieuse
Centre-Nord,2024,42,-0.6077907082998978,-0.296625926353814,1.4400098615592318,0,1078,3,2024-10-14,10,Pluvieuse
Centre-Nord,2024,43,-0.5739394018453728,0.4462533954491655,-1.3722873337916646,0,1340,4,2024-10-21,10,Pluvieuse
Centre-Nord,2024,44,-0.6360001303453352,-0.4759416247200501,-1.1986887414860536,0,1122,4,2024-10-28,10,Pluvieuse
Centre-Nord,2024,45,-0.6811352056180351,-0.5015581530580843,-1.0424500084110029,0,1227,6,2024-11-04,11,Sèche
Centre-Nord,2024,46,-0.7093446276634725,-0.09169369964954377,-1.4417267707139074,0,1344,7,2024-11-11,11,Sèche
Centre-Nord,2024,47,-0.6952399166407538,-0.21977634133971255,-0.7126126830303413,0,180,6,2024-11-18,11,Sèche
Centre-Nord,2024,48,-0.6839561478225789,-0.7064903797623544,-0.1744570468829486,0,279,5,2024-11-25,11,Sèche
Centre-Nord,2024,49,-0.5936859972771792,-0.21977634133971255,-1.3722873337916646,0,203,8,2024-12-02,12,Sèche
Centre-Nord,2024,50,-0.5795812862544604,0.5487195088013002,-0.6605331053386585,0,205,14,2024-12-09,12,Sèche
Centre-Nord,2024,51,-0.6726723790044038,-1.1675878898469623,-1.1466091637943685,0,192,14,2024-12-16,12,Sèche
Centre-Nord,2024,52,-0.7008818010498412,-0.42470856804398277,-1.6847647999417636,0,223,1,2024-12-23,12,Sèche
Centre-Nord,2025,1,-0.616253534913529,-0.8089564931144891,0.033861263883784916,0,211,3,2025-01-06,1,Sèche
Centre-Nord,2025,2,-0.6726723790044038,0.6255690938154007,-0.6952528237997811,0,198,5,2025-01-13,1,Sèche
Centre-Nord,2025,3,-0.5965069394817228,-1.295670531537131,-0.8514915568748319,0,259,10,2025-01-20,1,Sèche
Centre-Nord,2025,4,-0.6867770900271225,-0.783339964776456,0.46785774464781205,0,236,7,2025-01-27,1,Sèche
Centre-Nord,2025,5,-0.6501048413680539,0.26693769708292847,-0.13973732842182593,0,140,12,2025-02-03,2,Sèche
Centre-Nord,2025,6,-0.6642095523907726,0.21570464040686113,0.762975351567351,0,195,13,2025-02-10,2,Sèche
Centre-Nord,2025,7,-0.6247163615271603,0.3950203387730972,1.0060133807952047,0,214,1,2025-02-17,2,Sèche
Centre-Nord,2025,8,-0.6106116505044415,-1.295670531537131,1.1101725361785728,0,245,14,2025-02-24,2,Sèche
Centre-Nord,2025,9,-0.6642095523907726,0.24132116874489434,0.46785774464781205,0,187,4,2025-03-03,3,Sèche
Centre-Nord,2025,10,-0.6642095523907726,1.2403657739282106,0.6067366184923002,0,156,12,2025-03-10,3,Sèche
Centre-Nord,2025,11,-0.6331791881407914,2.495575662491866,0.9539338031035219,0,198,4,2025-03-17,3,Sèche
Centre-Nord,2025,12,-0.6106116505044415,2.008861624069223,0.27689929311163863,0,169,7,2025-03-24,3,Sèche
Centre-Nord,2025,13,-0.6021488238908103,1.7270798123508533,-0.1744570468829486,0,153,9,2025-03-31,3,Sèche
Centre-Nord,2025,14,-0.5767603440499166,1.0866666039000095,-0.1918169061135087,0,227,4,2025-04-07,4,Sèche
Centre-Nord,2025,15,-0.6557467257771414,1.214749245590178,-0.46957465380248753,1,179,9,2025-04-14,4,Sèche
Centre-Nord,2025,16,-0.5795812862544604,2.495575662491866,-1.3202077560999792,1,230,9,2025-04-21,4,Sèche
Centre-Nord,2025,17,-0.6754933212089477,1.2659823022662446,-1.1292493045638083,0,195,5,2025-04-28,4,Sèche
Centre-Nord,2025,18,-0.69241897443621,2.162560794097426,-0.2959760614968767,0,154,6,2025-05-05,5,Pluvieuse
Centre-Nord,2025,19,-0.6895980322316664,0.08762199871669235,-0.40013521688024223,0,202,9,2025-05-12,5,Pluvieuse
Centre-Nord,2025,20,-0.5936859972771792,-0.9882721914807252,-0.556373949955293,0,218,5,2025-05-19,5,Pluvieuse
Centre-Nord,2025,21,-0.6670304945953164,0.11323852705472555,0.4157781669561293,0,184,0,2025-05-26,5,Pluvieuse
Centre-Nord,2025,22,2.06646250160757,0.03638894204062502,0.7976950700284712,0,190,3,2025-06-02,6,Pluvieuse
Centre-Nord,2025,23,0.5713631331993865,0.010772413702590895,0.46785774464781205,0,223,9,2025-06-09,6,Pluvieuse
Centre-Nord,2025,24,0.5036605202903367,-1.1932044181849955,0.016501404653222352,0,266,2,2025-06-16,6,Pluvieuse
Centre-Nord,2025,25,0.20746158881324372,-1.0138887198187594,1.4747295800203546,1,273,7,2025-06-23,6,Pluvieuse
Centre-Nord,2025,26,2.6701441333799307,-0.3222424546918481,-1.45908662994447,1,1145,11,2025-06-30,6,Pluvieuse
Centre-Nord,2025,27,2.1539117099484257,-0.34785898302988133,0.7976950700284712,0,848,10,2025-07-07,7,Pluvieuse
Centre-Nord,2025,28,1.6151117488805713,0.4974864521252319,-0.4348549353413649,0,806,9,2025-07-14,7,Pluvieuse
Centre-Nord,2025,29,1.6151117488805713,-0.7064903797623544,-0.7299725422609038,0,827,0,2025-07-21,7,Pluvieuse
Centre-Nord,2025,30,-0.10002111148202414,-0.6552573230862871,1.07545281771745,0,1045,1,2025-07-28,7,Pluvieuse
Centre-Nord,2025,31,0.991683521676404,0.3694038104350631,1.144892254639693,0,932,4,2025-08-04,8,Pluvieuse
Centre-Nord,2025,32,0.8506364114492169,-0.5784077380721857,-0.5216542314941703,0,821,3,2025-08-11,8,Pluvieuse
Centre-Nord,2025,33,0.7660081453129046,-0.8089564931144891,-0.7299725422609038,0,1323,7,2025-08-18,8,Pluvieuse
Centre-Nord,2025,34,0.9775788106536852,0.06200547037865822,-1.2160486007166138,0,1330,1,2025-08-25,8,Pluvieuse
Centre-Nord,2025,35,2.2752122247438065,-0.19415981300167934,0.10330070080602778,0,1012,9,2025-09-01,9,Pluvieuse
Centre-Nord,2025,36,1.8802803161076826,-0.37347551136791546,0.641456336953423,0,1271,4,2025-09-08,9,Pluvieuse
Centre-Nord,2025,37,1.4232876789715965,-0.4759416247200501,1.0580929584868874,0,873,6,2025-09-15,9,Pluvieuse
Centre-Nord,2025,38,1.2568520889035157,0.5743360371393342,-1.181328882255491,0,1050,14,2025-09-22,9,Pluvieuse
Centre-Nord,2025,39,2.139806998925707,-1.1419713615089282,-1.354927474561102,0,1274,0,2025-09-29,9,Pluvieuse
Centre-Nord,2025,40,1.7900101655622829,-0.7577234364384218,-0.4348549353413649,0,881,7,2025-10-06,10,Pluvieuse
Centre-Nord,2025,41,-0.6106116505044415,-0.2710093980157808,0.6067366184923002,0,1309,6,2025-10-13,10,Pluvieuse
Centre-Nord,2025,42,-0.5824022284590041,0.523102980463266,1.683047890787088,0,1163,8,2025-10-20,10,Pluvieuse
Centre-Nord,2025,43,-0.7008818010498412,0.4974864521252319,0.346338730033884,0,1019,7,2025-10-27,10,Pluvieuse
Centre-Nord,2025,44,-0.5824022284590041,-1.116354833170894,1.6136084538648428,0,1320,3,2025-11-03,11,Sèche
Centre-Nord,2025,45,-0.6501048413680539,0.4974864521252319,1.1796119731008157,0,891,13,2025-11-10,11,Sèche
Centre-Nord,2025,46,-0.6021488238908103,-0.014844114635443224,-1.2507683191777363,0,1094,5,2025-11-17,11,Sèche
Centre-Nord,2025,47,-0.6021488238908103,-0.4503250963820169,0.5720169000311776,0,191,10,2025-11-24,11,Sèche
Centre-Nord,2025,48,-0.6952399166407538,-1.1675878898469623,-1.3375676153305418,0,266,7,2025-12-01,12,Sèche
Centre-Nord,2025,49,-0.6247163615271603,-0.21977634133971255,-0.12237746919126584,0,228,2,2025-12-08,12,Sèche
Centre-Nord,2025,50,-0.7037027432543851,-0.19415981300167934,0.8671345069507166,0,195,13,2025-12-15,12,Sèche
Centre-Nord,2025,51,-0.6642095523907726,0.3181707537589958,-1.45908662994447,0,257,13,2025-12-22,12,Sèche
Centre-Nord,2025,52,-0.6360001303453352,-0.9882721914807252,1.6656880315565255,0,221,12,2025-12-29,12,Sèche
Centre-Nord,2026,1,-0.6670304945953164,-0.1685432846636452,1.5441690169426,0,240,8,2026-01-05,1,Sèche
Centre-Nord,2026,2,-0.7037027432543851,-1.116354833170894,-1.181328882255491,0,190,9,2026-01-12,1,Sèche
Centre-Nord,2026,3,-0.6247163615271603,-0.21977634133971255,-1.0945295861026856,0,222,13,2026-01-19,1,Sèche
Centre-Nord,2026,4,-0.6106116505044415,-0.8601895497905564,1.3358507061758664,0,138,8,2026-01-26,1,Sèche
Centre-Nord,2026,5,-0.6783142634134913,0.6255690938154007,0.641456336953423,0,253,8,2026-02-02,2,Sèche
Centre-Nord,2026,6,-0.5936859972771792,-1.0907383048328607,-0.9730105714887576,0,211,3,2026-02-09,2,Sèche
Centre-Nord,2026,7,-0.6303582459362477,-0.5015581530580843,0.9192140846423993,0,144,12,2026-02-16,2,Sèche
Centre-Nord,2026,8,-0.5993278816862666,0.5743360371393342,-1.0771697268721256,0,199,2,2026-02-23,2,Sèche
Centre-Nord,2026,9,-0.6557467257771414,-1.3469035882131983,-0.3133359207274368,0,206,2,2026-03-02,3,Sèche
Centre-Nord,2026,10,-0.6106116505044415,1.214749245590178,-0.12237746919126584,0,191,11,2026-03-09,3,Sèche
Centre-Nord,2026,11,-0.6670304945953164,2.4187260774777637,-0.8862112753359521,0,250,2,2026-03-16,3,Sèche
Centre-Nord,2026,12,-0.5908650550726353,1.3428318872803469,0.6067366184923002,0,177,1,2026-03-23,3,Sèche
Centre-Nord,2026,13,-0.5739394018453728,1.829545925702988,-1.2507683191777363,0,263,9,2026-03-30,3,Sèche
Centre-Nord,2026,14,-0.6585676679816851,2.5980417758440004,0.8844943661812766,0,147,9,2026-04-06,4,Sèche
Centre-Nord,2026,15,-0.5880441128680916,1.496531057308548,0.1727401377282731,1,173,12,2026-04-13,4,Sèche
Centre-Nord,2026,16,-0.5880441128680916,1.3428318872803469,1.57888873540372,1,170,8,2026-04-20,4,Sèche
Centre-Nord,2026,17,-0.5965069394817228,2.0600946807452916,-0.05293803226902051,0,181,7,2026-04-27,4,Sèche
Centre-Nord,2026,18,-0.6585676679816851,2.2394103791115283,0.15538027849771302,0,173,2,2026-05-04,5,Pluvieuse
Centre-Nord,2026,19,-0.6952399166407538,-0.783339964776456,-1.4243669114833473,0,251,1,2026-05-11,5,Pluvieuse
Centre-Nord,2026,20,-0.6501048413680539,0.11323852705472555,1.144892254639693,0,181,7,2026-05-18,5,Pluvieuse
Centre-Nord,2026,21,-0.6726723790044038,-1.0138887198187594,-0.556373949955293,0,141,14,2026-05-25,5,Pluvieuse
Centre-Nord,2026,22,0.5403327689494053,-0.2710093980157808,-0.9556507122581974,0,161,10,2026-06-01,6,Pluvieuse
Centre-Nord,2026,23,2.565769271811812,-0.19415981300167934,0.10330070080602778,0,153,2,2026-06-08,6,Pluvieuse
Centre-Nord,2026,24,1.273777742130778,0.3694038104350631,-0.22653662457463136,0,140,11,2026-06-15,6,Pluvieuse
Centre-Nord,2026,25,1.3358384706307405,0.4718699237871978,-1.4070070522527847,1,206,12,2026-06-22,6,Pluvieuse
Centre-Nord,2026,26,1.4204667367670527,-0.5271746813961183,0.5372971815700549,1,1034,4,2026-06-29,6,Pluvieuse
Centre-Nord,2026,27,1.2483892622898847,0.523102980463266,0.1900999969588332,0,909,13,2026-07-06,7,Pluvieuse
Centre-Nord,2026,28,1.6122908066760273,0.523102980463266,1.0928126769480102,0,780,5,2026-07-13,7,Pluvieuse
Centre-Nord,2026,29,0.07205636299514408,-0.040460642973476436,0.46785774464781205,0,859,4,2026-07-20,7,Pluvieuse
Centre-Nord,2026,30,0.3428668146313433,-0.42470856804398277,-0.12237746919126584,0,878,6,2026-07-27,7,Pluvieuse
Centre-Nord,2026,31,2.3288101266301378,-0.4759416247200501,1.0928126769480102,0,873,9,2026-08-03,8,Pluvieuse
Centre-Nord,2026,32,0.6447076305175238,0.08762199871669235,-0.452214794571925,0,988,7,2026-08-10,8,Pluvieuse
Centre-Nord,2026,33,0.8478154692446733,-1.0907383048328607,1.6483281723259653,0,1001,5,2026-08-17,8,Pluvieuse
Centre-Nord,2026,34,1.0932374410399788,-1.1932044181849955,-0.3827753576496821,0,1232,7,2026-08-24,8,Pluvieuse
Centre-Nord,2026,35,0.39646471651767456,0.03638894204062502,-1.5806056445583956,0,1213,11,2026-08-31,8,Pluvieuse
Centre-Nord,2026,36,0.01563751890426924,-0.5527912097341515,0.641456336953423,0,1195,11,2026-09-07,9,Pluvieuse
Centre-Nord,2026,37,0.7631872031083611,-0.24539286967774668,-0.5910936684164156,0,1037,1,2026-09-14,9,Pluvieuse
Centre-Nord,2026,38,0.09462390063149403,0.42063686711113135,1.0060133807952047,0,1213,6,2026-09-21,9,Pluvieuse
Centre-Nord,2026,39,1.6179326910851148,0.3437872820970299,-1.0945295861026856,0,798,2,2026-09-28,9,Pluvieuse
Centre-Nord,2026,40,1.4204667367670527,0.06200547037865822,1.0060133807952047,0,967,1,2026-10-05,10,Pluvieuse
Centre-Nord,2026,41,-0.661388610186229,0.3694038104350631,0.25953943388107853,0,1277,5,2026-10-12,10,Pluvieuse
Centre-Nord,2026,42,-0.7037027432543851,-0.9882721914807252,-0.9730105714887576,0,1231,3,2026-10-19,10,Pluvieuse
Centre-Nord,2026,43,-0.6754933212089477,0.4974864521252319,-0.7994119791831467,0,1021,0,2026-10-26,10,Pluvieuse
Centre-Nord,2026,44,-0.6557467257771414,-0.962655663142692,0.762975351567351,0,1102,2,2026-11-02,11,Sèche
Centre-Nord,2026,45,-0.6895980322316664,-1.116354833170894,-0.8167718384137093,0,1056,13,2026-11-09,11,Sèche
Centre-Nord,2026,46,-0.627537303731704,0.11323852705472555,0.7282556331062283,0,1161,0,2026-11-16,11,Sèche
Centre-Nord,2026,47,-0.6754933212089477,-0.9114226064666247,-0.33069577995799937,0,239,2,2026-11-23,11,Sèche
Centre-Nord,2026,48,-0.6529257835725977,0.24132116874489434,0.9365739438729619,0,264,4,2026-11-30,11,Sèche
Centre-Nord,2026,49,-0.6331791881407914,-0.5271746813961183,-1.5111662076361527,0,214,2,2026-12-07,12,Sèche
Centre-Nord,2026,50,-0.5965069394817228,0.03638894204062502,-0.20917676534407126,0,174,10,2026-12-14,12,Sèche
Centre-Nord,2026,51,-0.6783142634134913,-0.34785898302988133,-0.20917676534407126,0,206,13,2026-12-21,12,Sèche
Centre-Nord,2026,52,-0.6529257835725977,-0.3222424546918481,0.7803352107979111,0,218,8,2026-12-28,12,Sèche
